---------------------------------------------
-- mixed FFT based solver, by WANG Mingchuan
---------------------------------------------
gmres restart length: 100
Ghat4 is formed (willot discretization)...
this increment is 0.1 (target 0.1) ------------------------
gmres iter 10 linear residual 8.847e-03
gmres iter 20 linear residual 3.168e-03
gmres iter 30 linear residual 2.897e-03
gmres iter 40 linear residual 2.777e-03
gmres iter 50 linear residual 2.685e-03
gmres iter 60 linear residual 2.567e-03
gmres iter 70 linear residual 2.372e-03
gmres iter 80 linear residual 2.218e-03
gmres iter 90 linear residual 2.128e-03
gmres iter 100 linear residual 2.073e-03
gmres iter 110 linear residual 2.010e-03
gmres iter 120 linear residual 1.940e-03
gmres iter 130 linear residual 1.894e-03
gmres iter 140 linear residual 1.869e-03
gmres iter 150 linear residual 1.849e-03
gmres iter 160 linear residual 1.843e-03
gmres iter 170 linear residual 1.828e-03
gmres iter 180 linear residual 1.807e-03
gmres iter 190 linear residual 1.792e-03
gmres iter 200 linear residual 1.769e-03
gmres iter 210 linear residual 1.740e-03
gmres iter 220 linear residual 1.715e-03
gmres iter 230 linear residual 1.698e-03
gmres iter 240 linear residual 1.686e-03
gmres iter 250 linear residual 1.674e-03
gmres iter 260 linear residual 1.665e-03
gmres iter 270 linear residual 1.639e-03
gmres iter 280 linear residual 1.622e-03
gmres iter 290 linear residual 1.615e-03
gmres iter 300 linear residual 1.610e-03
gmres iter 310 linear residual 1.604e-03
gmres iter 320 linear residual 1.579e-03
gmres iter 330 linear residual 1.564e-03
res 6.979e-02 (F-block 8.788e-02 p-block 6.485e-02) alpha 1 eta 1.00e-02 iter times 332
gmres iter 10 linear residual 3.257e-02
gmres iter 20 linear residual 1.762e-02
gmres iter 30 linear residual 1.054e-02
gmres iter 40 linear residual 5.861e-03
gmres iter 50 linear residual 3.525e-03
gmres iter 60 linear residual 2.171e-03
gmres iter 70 linear residual 1.406e-03
gmres iter 80 linear residual 1.020e-03
gmres iter 90 linear residual 8.044e-04
gmres iter 100 linear residual 6.655e-04
gmres iter 110 linear residual 5.813e-04
gmres iter 120 linear residual 5.447e-04
gmres iter 130 linear residual 5.368e-04
gmres iter 140 linear residual 5.311e-04
gmres iter 150 linear residual 5.083e-04
gmres iter 160 linear residual 4.636e-04
gmres iter 170 linear residual 4.336e-04
gmres iter 180 linear residual 4.161e-04
gmres iter 190 linear residual 4.108e-04
gmres iter 200 linear residual 4.099e-04
gmres iter 210 linear residual 4.008e-04
gmres iter 220 linear residual 3.890e-04
gmres iter 230 linear residual 3.781e-04
gmres iter 240 linear residual 3.732e-04
gmres iter 250 linear residual 3.720e-04
gmres iter 260 linear residual 3.718e-04
gmres iter 270 linear residual 3.697e-04
gmres iter 280 linear residual 3.686e-04
gmres iter 290 linear residual 3.675e-04
gmres iter 300 linear residual 3.672e-04
gmres iter 310 linear residual 3.666e-04
gmres iter 320 linear residual 3.618e-04
gmres iter 330 linear residual 3.475e-04
gmres iter 340 linear residual 3.252e-04
gmres iter 350 linear residual 3.081e-04
gmres iter 360 linear residual 3.044e-04
gmres iter 370 linear residual 3.033e-04
gmres iter 380 linear residual 3.014e-04
gmres iter 390 linear residual 3.009e-04
gmres iter 400 linear residual 2.970e-04
gmres iter 410 linear residual 2.879e-04
gmres iter 420 linear residual 2.785e-04
gmres iter 430 linear residual 2.729e-04
gmres iter 440 linear residual 2.681e-04
gmres iter 450 linear residual 2.670e-04
gmres iter 460 linear residual 2.665e-04
gmres iter 470 linear residual 2.629e-04
gmres iter 480 linear residual 2.603e-04
gmres iter 490 linear residual 2.579e-04
gmres iter 500 linear residual 2.575e-04
gmres iter 510 linear residual 2.573e-04
gmres iter 520 linear residual 2.566e-04
gmres iter 530 linear residual 2.542e-04
gmres iter 540 linear residual 2.516e-04
gmres iter 550 linear residual 2.491e-04
gmres iter 560 linear residual 2.450e-04
gmres iter 570 linear residual 2.424e-04
gmres iter 580 linear residual 2.422e-04
gmres iter 590 linear residual 2.421e-04
gmres iter 600 linear residual 2.412e-04
gmres iter 610 linear residual 2.390e-04
gmres iter 620 linear residual 2.351e-04
gmres iter 630 linear residual 2.313e-04
gmres iter 640 linear residual 2.279e-04
gmres iter 650 linear residual 2.260e-04
gmres iter 660 linear residual 2.253e-04
gmres iter 670 linear residual 2.252e-04
gmres iter 680 linear residual 2.251e-04
gmres iter 690 linear residual 2.251e-04
gmres iter 700 linear residual 2.250e-04
gmres iter 710 linear residual 2.240e-04
gmres iter 720 linear residual 2.220e-04
gmres iter 730 linear residual 2.211e-04
gmres iter 740 linear residual 2.210e-04
gmres iter 750 linear residual 2.208e-04
gmres iter 760 linear residual 2.199e-04
gmres iter 770 linear residual 2.190e-04
gmres iter 780 linear residual 2.181e-04
gmres iter 790 linear residual 2.175e-04
gmres iter 800 linear residual 2.168e-04
gmres iter 810 linear residual 2.165e-04
gmres iter 820 linear residual 2.161e-04
gmres iter 830 linear residual 2.159e-04
gmres iter 840 linear residual 2.150e-04
gmres iter 850 linear residual 2.131e-04
gmres iter 860 linear residual 2.083e-04
gmres iter 870 linear residual 2.000e-04
gmres iter 880 linear residual 1.982e-04
gmres iter 890 linear residual 1.980e-04
res 3.115e-02 (F-block 3.596e-02 p-block 2.602e-02) alpha 1 eta 5.37e-03 iter times 894
gmres iter 10 linear residual 1.934e-02
gmres iter 20 linear residual 8.485e-03
gmres iter 30 linear residual 5.519e-03
gmres iter 40 linear residual 3.429e-03
gmres iter 50 linear residual 2.406e-03
gmres iter 60 linear residual 1.868e-03
gmres iter 70 linear residual 1.583e-03
gmres iter 80 linear residual 1.251e-03
gmres iter 90 linear residual 9.481e-04
gmres iter 100 linear residual 6.222e-04
res 1.317e-02 (F-block 7.215e-03 p-block 4.961e-03) alpha 1 eta 1.00e-02 iter times 106
gmres iter 10 linear residual 2.374e-02
gmres iter 20 linear residual 1.428e-02
gmres iter 30 linear residual 9.807e-03
gmres iter 40 linear residual 5.611e-03
gmres iter 50 linear residual 3.669e-03
gmres iter 60 linear residual 2.539e-03
gmres iter 70 linear residual 1.826e-03
gmres iter 80 linear residual 1.387e-03
gmres iter 90 linear residual 9.728e-04
gmres iter 100 linear residual 6.952e-04
gmres iter 110 linear residual 5.007e-04
gmres iter 120 linear residual 3.501e-04
gmres iter 130 linear residual 2.675e-04
gmres iter 140 linear residual 1.880e-04
gmres iter 150 linear residual 1.330e-04
gmres iter 160 linear residual 9.952e-05
gmres iter 170 linear residual 7.153e-05
gmres iter 180 linear residual 5.586e-05
gmres iter 190 linear residual 4.197e-05
gmres iter 200 linear residual 3.163e-05
res 6.589e-03 (F-block 4.750e-03 p-block 2.895e-03) alpha 1 eta 1.00e-02 iter times 200
gmres iter 10 linear residual 1.938e-02
gmres iter 20 linear residual 7.081e-03
gmres iter 30 linear residual 4.175e-03
gmres iter 40 linear residual 2.664e-03
gmres iter 50 linear residual 1.762e-03
gmres iter 60 linear residual 1.088e-03
gmres iter 70 linear residual 7.259e-04
gmres iter 80 linear residual 5.050e-04
res 7.022e-04 (F-block 8.761e-05 p-block 5.481e-05) alpha 1 eta 1.00e-02 iter times 81
gmres iter 10 linear residual 3.888e-02
gmres iter 20 linear residual 1.883e-02
gmres iter 30 linear residual 1.322e-02
gmres iter 40 linear residual 1.014e-02
gmres iter 50 linear residual 6.665e-03
gmres iter 60 linear residual 4.820e-03
gmres iter 70 linear residual 3.228e-03
gmres iter 80 linear residual 2.280e-03
gmres iter 90 linear residual 1.719e-03
gmres iter 100 linear residual 1.340e-03
gmres iter 110 linear residual 1.146e-03
gmres iter 120 linear residual 9.360e-04
gmres iter 130 linear residual 6.739e-04
gmres iter 140 linear residual 5.037e-04
gmres iter 150 linear residual 3.786e-04
gmres iter 160 linear residual 2.976e-04
gmres iter 170 linear residual 2.138e-04
gmres iter 180 linear residual 1.409e-04
gmres iter 190 linear residual 1.110e-04
gmres iter 200 linear residual 8.773e-05
gmres iter 210 linear residual 7.539e-05
gmres iter 220 linear residual 6.427e-05
gmres iter 230 linear residual 5.089e-05
gmres iter 240 linear residual 3.960e-05
res 3.665e-04 (F-block 2.531e-05 p-block 1.514e-05) alpha 1 eta 1.00e-03 iter times 242
gmres iter 10 linear residual 1.967e-02
gmres iter 20 linear residual 8.077e-03
gmres iter 30 linear residual 4.592e-03
gmres iter 40 linear residual 2.790e-03
gmres iter 50 linear residual 1.877e-03
gmres iter 60 linear residual 1.214e-03
gmres iter 70 linear residual 8.305e-04
gmres iter 80 linear residual 5.905e-04
res 2.723e-06 (F-block 1.380e-07 p-block 7.657e-08) alpha 1 eta 1.00e-02 iter times 83
time this step...430.6555576324463
now P is...
[[ 1.37277253e+00  3.28406101e-03 -2.35824062e-02]
 [ 2.85803592e-03 -2.69808701e-08  1.87602225e-02]
 [-2.04783528e-02  1.87192294e-02 -4.85439681e-08]]
now F is...
[[ 1.10000000e+00 -3.89813462e-17 -3.06740524e-17]
 [-4.06061900e-17  9.57303459e-01 -1.07436279e-17]
 [ 9.33167216e-18  7.40869180e-18  9.55211419e-01]]
intermediate results saved (1 increments in output.csv)
this increment is 0.1 (target 0.2) ------------------------
gmres iter 10 linear residual 8.997e-03
gmres iter 20 linear residual 3.119e-03
gmres iter 30 linear residual 2.813e-03
gmres iter 40 linear residual 2.634e-03
gmres iter 50 linear residual 2.578e-03
gmres iter 60 linear residual 2.456e-03
gmres iter 70 linear residual 2.274e-03
gmres iter 80 linear residual 2.079e-03
gmres iter 90 linear residual 1.983e-03
gmres iter 100 linear residual 1.937e-03
gmres iter 110 linear residual 1.866e-03
gmres iter 120 linear residual 1.822e-03
gmres iter 130 linear residual 1.765e-03
gmres iter 140 linear residual 1.737e-03
gmres iter 150 linear residual 1.727e-03
gmres iter 160 linear residual 1.722e-03
gmres iter 170 linear residual 1.702e-03
gmres iter 180 linear residual 1.690e-03
gmres iter 190 linear residual 1.679e-03
gmres iter 200 linear residual 1.663e-03
gmres iter 210 linear residual 1.637e-03
gmres iter 220 linear residual 1.610e-03
gmres iter 230 linear residual 1.590e-03
res 6.175e-02 (F-block 8.331e-02 p-block 6.725e-02) alpha 1 eta 1.00e-02 iter times 233
gmres iter 10 linear residual 3.167e-02
gmres iter 20 linear residual 1.634e-02
gmres iter 30 linear residual 1.016e-02
gmres iter 40 linear residual 5.988e-03
gmres iter 50 linear residual 3.610e-03
gmres iter 60 linear residual 2.307e-03
gmres iter 70 linear residual 1.561e-03
gmres iter 80 linear residual 1.157e-03
gmres iter 90 linear residual 1.005e-03
gmres iter 100 linear residual 9.395e-04
gmres iter 110 linear residual 9.191e-04
gmres iter 120 linear residual 9.152e-04
gmres iter 130 linear residual 8.744e-04
gmres iter 140 linear residual 7.941e-04
gmres iter 150 linear residual 7.156e-04
gmres iter 160 linear residual 6.437e-04
gmres iter 170 linear residual 6.230e-04
gmres iter 180 linear residual 6.210e-04
gmres iter 190 linear residual 6.206e-04
gmres iter 200 linear residual 6.174e-04
gmres iter 210 linear residual 5.925e-04
gmres iter 220 linear residual 5.653e-04
gmres iter 230 linear residual 5.494e-04
gmres iter 240 linear residual 5.430e-04
gmres iter 250 linear residual 5.413e-04
gmres iter 260 linear residual 5.402e-04
gmres iter 270 linear residual 5.311e-04
gmres iter 280 linear residual 5.124e-04
gmres iter 290 linear residual 5.022e-04
gmres iter 300 linear residual 4.927e-04
gmres iter 310 linear residual 4.895e-04
gmres iter 320 linear residual 4.893e-04
gmres iter 330 linear residual 4.882e-04
gmres iter 340 linear residual 4.834e-04
gmres iter 350 linear residual 4.655e-04
gmres iter 360 linear residual 4.347e-04
gmres iter 370 linear residual 4.038e-04
gmres iter 380 linear residual 3.775e-04
gmres iter 390 linear residual 3.692e-04
gmres iter 400 linear residual 3.683e-04
gmres iter 410 linear residual 3.655e-04
gmres iter 420 linear residual 3.577e-04
gmres iter 430 linear residual 3.505e-04
gmres iter 440 linear residual 3.425e-04
gmres iter 450 linear residual 3.391e-04
gmres iter 460 linear residual 3.352e-04
gmres iter 470 linear residual 3.343e-04
gmres iter 480 linear residual 3.341e-04
gmres iter 490 linear residual 3.337e-04
gmres iter 500 linear residual 3.337e-04
gmres iter 510 linear residual 3.332e-04
gmres iter 520 linear residual 3.321e-04
gmres iter 530 linear residual 3.293e-04
gmres iter 540 linear residual 3.252e-04
gmres iter 550 linear residual 3.169e-04
gmres iter 560 linear residual 3.028e-04
gmres iter 570 linear residual 2.969e-04
gmres iter 580 linear residual 2.965e-04
res 2.547e-02 (F-block 1.931e-02 p-block 1.640e-02) alpha 1 eta 5.16e-03 iter times 581
gmres iter 10 linear residual 2.249e-02
gmres iter 20 linear residual 1.220e-02
gmres iter 30 linear residual 8.160e-03
gmres iter 40 linear residual 5.286e-03
gmres iter 50 linear residual 3.581e-03
gmres iter 60 linear residual 2.415e-03
gmres iter 70 linear residual 1.863e-03
gmres iter 80 linear residual 1.624e-03
gmres iter 90 linear residual 1.332e-03
gmres iter 100 linear residual 1.102e-03
gmres iter 110 linear residual 8.869e-04
gmres iter 120 linear residual 7.423e-04
gmres iter 130 linear residual 6.862e-04
gmres iter 140 linear residual 6.355e-04
gmres iter 150 linear residual 6.190e-04
gmres iter 160 linear residual 6.170e-04
gmres iter 170 linear residual 6.116e-04
gmres iter 180 linear residual 6.101e-04
gmres iter 190 linear residual 6.096e-04
gmres iter 200 linear residual 5.996e-04
gmres iter 210 linear residual 5.651e-04
gmres iter 220 linear residual 5.352e-04
gmres iter 230 linear residual 5.054e-04
gmres iter 240 linear residual 4.686e-04
gmres iter 250 linear residual 4.255e-04
gmres iter 260 linear residual 3.589e-04
res 1.293e-02 (F-block 1.001e-02 p-block 7.175e-03) alpha 1 eta 1.00e-02 iter times 269
gmres iter 10 linear residual 3.302e-02
gmres iter 20 linear residual 1.471e-02
gmres iter 30 linear residual 8.439e-03
gmres iter 40 linear residual 5.043e-03
gmres iter 50 linear residual 3.390e-03
gmres iter 60 linear residual 2.261e-03
gmres iter 70 linear residual 1.904e-03
gmres iter 80 linear residual 1.516e-03
gmres iter 90 linear residual 1.115e-03
gmres iter 100 linear residual 7.340e-04
gmres iter 110 linear residual 5.483e-04
res 2.802e-03 (F-block 6.096e-04 p-block 4.699e-04) alpha 1 eta 1.00e-02 iter times 110
gmres iter 10 linear residual 3.570e-02
gmres iter 20 linear residual 1.912e-02
gmres iter 30 linear residual 1.683e-02
gmres iter 40 linear residual 1.595e-02
gmres iter 50 linear residual 1.493e-02
gmres iter 60 linear residual 1.250e-02
gmres iter 70 linear residual 1.055e-02
gmres iter 80 linear residual 8.694e-03
gmres iter 90 linear residual 7.542e-03
gmres iter 100 linear residual 6.606e-03
gmres iter 110 linear residual 6.326e-03
gmres iter 120 linear residual 6.211e-03
gmres iter 130 linear residual 6.151e-03
gmres iter 140 linear residual 6.141e-03
gmres iter 150 linear residual 6.115e-03
gmres iter 160 linear residual 6.016e-03
gmres iter 170 linear residual 5.860e-03
gmres iter 180 linear residual 5.770e-03
gmres iter 190 linear residual 5.711e-03
gmres iter 200 linear residual 5.691e-03
gmres iter 210 linear residual 5.691e-03
gmres iter 220 linear residual 5.689e-03
gmres iter 230 linear residual 5.679e-03
gmres iter 240 linear residual 5.635e-03
gmres iter 250 linear residual 5.554e-03
gmres iter 260 linear residual 5.473e-03
gmres iter 270 linear residual 5.425e-03
gmres iter 280 linear residual 5.404e-03
gmres iter 290 linear residual 5.372e-03
gmres iter 300 linear residual 5.335e-03
gmres iter 310 linear residual 5.328e-03
gmres iter 320 linear residual 5.320e-03
gmres iter 330 linear residual 5.317e-03
gmres iter 340 linear residual 5.303e-03
gmres iter 350 linear residual 5.265e-03
gmres iter 360 linear residual 5.212e-03
gmres iter 370 linear residual 5.107e-03
gmres iter 380 linear residual 5.041e-03
gmres iter 390 linear residual 5.029e-03
gmres iter 400 linear residual 5.024e-03
gmres iter 410 linear residual 5.024e-03
gmres iter 420 linear residual 5.023e-03
gmres iter 430 linear residual 5.007e-03
gmres iter 440 linear residual 4.950e-03
gmres iter 450 linear residual 4.902e-03
gmres iter 460 linear residual 4.872e-03
gmres iter 470 linear residual 4.828e-03
gmres iter 480 linear residual 4.801e-03
gmres iter 490 linear residual 4.767e-03
gmres iter 500 linear residual 4.718e-03
gmres iter 510 linear residual 4.708e-03
gmres iter 520 linear residual 4.701e-03
gmres iter 530 linear residual 4.699e-03
gmres iter 540 linear residual 4.696e-03
gmres iter 550 linear residual 4.688e-03
gmres iter 560 linear residual 4.644e-03
gmres iter 570 linear residual 4.570e-03
gmres iter 580 linear residual 4.523e-03
gmres iter 590 linear residual 4.515e-03
gmres iter 600 linear residual 4.510e-03
gmres iter 610 linear residual 4.510e-03
gmres iter 620 linear residual 4.509e-03
gmres iter 630 linear residual 4.505e-03
gmres iter 640 linear residual 4.494e-03
gmres iter 650 linear residual 4.477e-03
gmres iter 660 linear residual 4.441e-03
gmres iter 670 linear residual 4.397e-03
gmres iter 680 linear residual 4.369e-03
gmres iter 690 linear residual 4.355e-03
gmres iter 700 linear residual 4.340e-03
gmres iter 710 linear residual 4.339e-03
gmres iter 720 linear residual 4.335e-03
gmres iter 730 linear residual 4.331e-03
gmres iter 740 linear residual 4.328e-03
gmres iter 750 linear residual 4.320e-03
gmres iter 760 linear residual 4.282e-03
gmres iter 770 linear residual 4.232e-03
gmres iter 780 linear residual 4.203e-03
gmres iter 790 linear residual 4.197e-03
gmres iter 800 linear residual 4.194e-03
gmres iter 810 linear residual 4.194e-03
gmres iter 820 linear residual 4.193e-03
gmres iter 830 linear residual 4.188e-03
gmres iter 840 linear residual 4.183e-03
gmres iter 850 linear residual 4.178e-03
gmres iter 860 linear residual 4.147e-03
gmres iter 870 linear residual 4.100e-03
gmres iter 880 linear residual 4.076e-03
gmres iter 890 linear residual 4.064e-03
gmres iter 900 linear residual 4.056e-03
gmres iter 910 linear residual 4.056e-03
gmres iter 920 linear residual 4.052e-03
gmres iter 930 linear residual 4.049e-03
gmres iter 940 linear residual 4.046e-03
gmres iter 950 linear residual 4.039e-03
gmres iter 960 linear residual 4.010e-03
gmres iter 970 linear residual 3.972e-03
gmres iter 980 linear residual 3.951e-03
gmres iter 990 linear residual 3.942e-03
gmres iter 1000 linear residual 3.939e-03
linear solver hit the iteration cap (1000 iterations, flag 10)
increment failed (gmres_iteration_cap); cutting step to 0.05
this increment is 0.05 (target 0.2) ------------------------
gmres iter 10 linear residual 8.345e-03
gmres iter 20 linear residual 2.543e-03
gmres iter 30 linear residual 2.182e-03
gmres iter 40 linear residual 1.240e-03
gmres iter 50 linear residual 1.052e-03
gmres iter 60 linear residual 9.334e-04
gmres iter 70 linear residual 8.106e-04
gmres iter 80 linear residual 7.358e-04
gmres iter 90 linear residual 6.552e-04
gmres iter 100 linear residual 6.343e-04
res 3.207e-02 (F-block 4.238e-02 p-block 3.519e-02) alpha 1 eta 1.00e-02 iter times 100
gmres iter 10 linear residual 3.244e-02
gmres iter 20 linear residual 1.793e-02
gmres iter 30 linear residual 1.157e-02
gmres iter 40 linear residual 7.057e-03
gmres iter 50 linear residual 4.299e-03
gmres iter 60 linear residual 2.679e-03
gmres iter 70 linear residual 1.659e-03
gmres iter 80 linear residual 1.073e-03
gmres iter 90 linear residual 7.162e-04
gmres iter 100 linear residual 5.078e-04
gmres iter 110 linear residual 4.009e-04
gmres iter 120 linear residual 3.295e-04
gmres iter 130 linear residual 2.785e-04
gmres iter 140 linear residual 2.325e-04
gmres iter 150 linear residual 1.966e-04
gmres iter 160 linear residual 1.620e-04
gmres iter 170 linear residual 1.412e-04
gmres iter 180 linear residual 1.230e-04
gmres iter 190 linear residual 1.094e-04
gmres iter 200 linear residual 9.890e-05
gmres iter 210 linear residual 9.215e-05
gmres iter 220 linear residual 8.874e-05
gmres iter 230 linear residual 8.587e-05
gmres iter 240 linear residual 8.382e-05
gmres iter 250 linear residual 8.248e-05
gmres iter 260 linear residual 8.200e-05
gmres iter 270 linear residual 8.158e-05
gmres iter 280 linear residual 8.110e-05
gmres iter 290 linear residual 8.095e-05
gmres iter 300 linear residual 8.091e-05
gmres iter 310 linear residual 8.090e-05
gmres iter 320 linear residual 8.084e-05
gmres iter 330 linear residual 8.068e-05
gmres iter 340 linear residual 8.034e-05
gmres iter 350 linear residual 7.955e-05
gmres iter 360 linear residual 7.869e-05
gmres iter 370 linear residual 7.788e-05
gmres iter 380 linear residual 7.544e-05
gmres iter 390 linear residual 7.183e-05
res 8.480e-03 (F-block 5.312e-03 p-block 4.185e-03) alpha 1 eta 1.37e-03 iter times 395
gmres iter 10 linear residual 2.529e-02
gmres iter 20 linear residual 1.117e-02
gmres iter 30 linear residual 7.011e-03
gmres iter 40 linear residual 5.009e-03
gmres iter 50 linear residual 3.817e-03
gmres iter 60 linear residual 2.753e-03
gmres iter 70 linear residual 2.053e-03
gmres iter 80 linear residual 1.775e-03
gmres iter 90 linear residual 1.543e-03
gmres iter 100 linear residual 1.181e-03
gmres iter 110 linear residual 7.746e-04
gmres iter 120 linear residual 5.059e-04
res 1.431e-03 (F-block 3.280e-04 p-block 2.283e-04) alpha 1 eta 1.00e-02 iter times 120
gmres iter 10 linear residual 2.861e-02
gmres iter 20 linear residual 1.336e-02
gmres iter 30 linear residual 9.084e-03
gmres iter 40 linear residual 7.273e-03
gmres iter 50 linear residual 6.494e-03
gmres iter 60 linear residual 5.583e-03
gmres iter 70 linear residual 4.507e-03
gmres iter 80 linear residual 3.582e-03
gmres iter 90 linear residual 2.765e-03
gmres iter 100 linear residual 2.164e-03
gmres iter 110 linear residual 1.910e-03
gmres iter 120 linear residual 1.693e-03
gmres iter 130 linear residual 1.536e-03
gmres iter 140 linear residual 1.407e-03
gmres iter 150 linear residual 1.230e-03
gmres iter 160 linear residual 9.111e-04
gmres iter 170 linear residual 6.511e-04
gmres iter 180 linear residual 4.852e-04
gmres iter 190 linear residual 3.714e-04
gmres iter 200 linear residual 2.761e-04
gmres iter 210 linear residual 2.419e-04
gmres iter 220 linear residual 2.094e-04
gmres iter 230 linear residual 1.896e-04
gmres iter 240 linear residual 1.767e-04
gmres iter 250 linear residual 1.595e-04
gmres iter 260 linear residual 1.361e-04
gmres iter 270 linear residual 1.113e-04
gmres iter 280 linear residual 8.358e-05
gmres iter 290 linear residual 6.172e-05
res 3.896e-04 (F-block 3.891e-05 p-block 2.695e-05) alpha 1 eta 3.14e-03 iter times 298
gmres iter 10 linear residual 3.103e-02
gmres iter 20 linear residual 1.568e-02
gmres iter 30 linear residual 9.233e-03
gmres iter 40 linear residual 6.083e-03
gmres iter 50 linear residual 4.227e-03
gmres iter 60 linear residual 2.975e-03
gmres iter 70 linear residual 2.345e-03
gmres iter 80 linear residual 2.161e-03
gmres iter 90 linear residual 1.964e-03
gmres iter 100 linear residual 1.516e-03
gmres iter 110 linear residual 1.070e-03
gmres iter 120 linear residual 7.553e-04
res 8.799e-06 (F-block 2.426e-07 p-block 1.774e-07) alpha 1 eta 1.00e-02 iter times 125
time this step...121.29692792892456
this increment is 0.04999999999999999 (target 0.2) ------------------------
gmres iter 10 linear residual 8.578e-03
gmres iter 20 linear residual 2.576e-03
gmres iter 30 linear residual 2.186e-03
gmres iter 40 linear residual 1.261e-03
gmres iter 50 linear residual 1.095e-03
gmres iter 60 linear residual 9.582e-04
gmres iter 70 linear residual 8.608e-04
gmres iter 80 linear residual 7.521e-04
gmres iter 90 linear residual 6.867e-04
gmres iter 100 linear residual 6.482e-04
res 3.072e-02 (F-block 4.189e-02 p-block 3.523e-02) alpha 1 eta 1.00e-02 iter times 101
gmres iter 10 linear residual 3.345e-02
gmres iter 20 linear residual 1.872e-02
gmres iter 30 linear residual 1.220e-02
gmres iter 40 linear residual 7.488e-03
gmres iter 50 linear residual 4.472e-03
gmres iter 60 linear residual 2.806e-03
gmres iter 70 linear residual 1.775e-03
gmres iter 80 linear residual 1.189e-03
gmres iter 90 linear residual 8.405e-04
gmres iter 100 linear residual 6.346e-04
gmres iter 110 linear residual 5.346e-04
gmres iter 120 linear residual 4.719e-04
gmres iter 130 linear residual 4.319e-04
gmres iter 140 linear residual 4.046e-04
gmres iter 150 linear residual 3.883e-04
gmres iter 160 linear residual 3.809e-04
gmres iter 170 linear residual 3.789e-04
gmres iter 180 linear residual 3.780e-04
gmres iter 190 linear residual 3.719e-04
gmres iter 200 linear residual 3.549e-04
gmres iter 210 linear residual 3.445e-04
gmres iter 220 linear residual 3.381e-04
gmres iter 230 linear residual 3.376e-04
gmres iter 240 linear residual 3.372e-04
gmres iter 250 linear residual 3.342e-04
gmres iter 260 linear residual 3.300e-04
gmres iter 270 linear residual 3.229e-04
gmres iter 280 linear residual 3.097e-04
gmres iter 290 linear residual 2.959e-04
gmres iter 300 linear residual 2.811e-04
gmres iter 310 linear residual 2.733e-04
gmres iter 320 linear residual 2.643e-04
gmres iter 330 linear residual 2.522e-04
gmres iter 340 linear residual 2.424e-04
gmres iter 350 linear residual 2.357e-04
gmres iter 360 linear residual 2.307e-04
gmres iter 370 linear residual 2.292e-04
gmres iter 380 linear residual 2.288e-04
gmres iter 390 linear residual 2.265e-04
gmres iter 400 linear residual 2.201e-04
gmres iter 410 linear residual 2.157e-04
gmres iter 420 linear residual 2.150e-04
gmres iter 430 linear residual 2.148e-04
gmres iter 440 linear residual 2.143e-04
gmres iter 450 linear residual 2.112e-04
gmres iter 460 linear residual 2.070e-04
gmres iter 470 linear residual 2.029e-04
gmres iter 480 linear residual 1.963e-04
gmres iter 490 linear residual 1.907e-04
gmres iter 500 linear residual 1.873e-04
gmres iter 510 linear residual 1.856e-04
gmres iter 520 linear residual 1.827e-04
gmres iter 530 linear residual 1.780e-04
gmres iter 540 linear residual 1.711e-04
gmres iter 550 linear residual 1.684e-04
gmres iter 560 linear residual 1.668e-04
gmres iter 570 linear residual 1.661e-04
gmres iter 580 linear residual 1.660e-04
gmres iter 590 linear residual 1.655e-04
gmres iter 600 linear residual 1.619e-04
gmres iter 610 linear residual 1.601e-04
gmres iter 620 linear residual 1.593e-04
gmres iter 630 linear residual 1.592e-04
gmres iter 640 linear residual 1.592e-04
gmres iter 650 linear residual 1.587e-04
gmres iter 660 linear residual 1.569e-04
gmres iter 670 linear residual 1.548e-04
gmres iter 680 linear residual 1.521e-04
gmres iter 690 linear residual 1.498e-04
gmres iter 700 linear residual 1.456e-04
gmres iter 710 linear residual 1.435e-04
gmres iter 720 linear residual 1.416e-04
gmres iter 730 linear residual 1.407e-04
gmres iter 740 linear residual 1.388e-04
gmres iter 750 linear residual 1.370e-04
gmres iter 760 linear residual 1.368e-04
gmres iter 770 linear residual 1.367e-04
gmres iter 780 linear residual 1.366e-04
gmres iter 790 linear residual 1.361e-04
gmres iter 800 linear residual 1.327e-04
gmres iter 810 linear residual 1.313e-04
gmres iter 820 linear residual 1.304e-04
gmres iter 830 linear residual 1.301e-04
gmres iter 840 linear residual 1.300e-04
gmres iter 850 linear residual 1.299e-04
gmres iter 860 linear residual 1.290e-04
gmres iter 870 linear residual 1.280e-04
gmres iter 880 linear residual 1.270e-04
gmres iter 890 linear residual 1.257e-04
gmres iter 900 linear residual 1.248e-04
gmres iter 910 linear residual 1.244e-04
gmres iter 920 linear residual 1.235e-04
gmres iter 930 linear residual 1.226e-04
gmres iter 940 linear residual 1.216e-04
gmres iter 950 linear residual 1.210e-04
gmres iter 960 linear residual 1.209e-04
gmres iter 970 linear residual 1.207e-04
gmres iter 980 linear residual 1.203e-04
gmres iter 990 linear residual 1.176e-04
gmres iter 1000 linear residual 1.101e-04
linear solver hit the iteration cap (1000 iterations, flag 10)
increment failed (gmres_iteration_cap); cutting step to 0.025
this increment is 0.024999999999999994 (target 0.2) ------------------------
gmres iter 10 linear residual 8.198e-03
gmres iter 20 linear residual 2.467e-03
gmres iter 30 linear residual 2.050e-03
gmres iter 40 linear residual 9.019e-04
res 1.523e-02 (F-block 2.022e-02 p-block 2.558e-02) alpha 1 eta 1.00e-02 iter times 45
gmres iter 10 linear residual 4.745e-02
gmres iter 20 linear residual 2.810e-02
gmres iter 30 linear residual 1.819e-02
gmres iter 40 linear residual 1.122e-02
gmres iter 50 linear residual 6.599e-03
gmres iter 60 linear residual 4.096e-03
gmres iter 70 linear residual 2.686e-03
gmres iter 80 linear residual 1.778e-03
gmres iter 90 linear residual 1.201e-03
gmres iter 100 linear residual 8.423e-04
gmres iter 110 linear residual 6.829e-04
gmres iter 120 linear residual 5.635e-04
gmres iter 130 linear residual 4.557e-04
gmres iter 140 linear residual 3.606e-04
gmres iter 150 linear residual 2.939e-04
gmres iter 160 linear residual 2.468e-04
gmres iter 170 linear residual 2.187e-04
gmres iter 180 linear residual 1.977e-04
gmres iter 190 linear residual 1.837e-04
gmres iter 200 linear residual 1.648e-04
gmres iter 210 linear residual 1.551e-04
gmres iter 220 linear residual 1.477e-04
gmres iter 230 linear residual 1.425e-04
gmres iter 240 linear residual 1.353e-04
gmres iter 250 linear residual 1.270e-04
gmres iter 260 linear residual 1.185e-04
gmres iter 270 linear residual 1.084e-04
gmres iter 280 linear residual 9.895e-05
gmres iter 290 linear residual 8.737e-05
gmres iter 300 linear residual 7.618e-05
gmres iter 310 linear residual 7.264e-05
gmres iter 320 linear residual 6.965e-05
gmres iter 330 linear residual 6.745e-05
gmres iter 340 linear residual 6.586e-05
gmres iter 350 linear residual 6.401e-05
gmres iter 360 linear residual 6.170e-05
gmres iter 370 linear residual 5.933e-05
gmres iter 380 linear residual 5.684e-05
gmres iter 390 linear residual 5.336e-05
res 3.725e-03 (F-block 4.474e-03 p-block 3.198e-03) alpha 1 eta 1.00e-03 iter times 390
gmres iter 10 linear residual 1.933e-02
gmres iter 20 linear residual 9.078e-03
gmres iter 30 linear residual 4.964e-03
gmres iter 40 linear residual 2.667e-03
gmres iter 50 linear residual 2.287e-03
gmres iter 60 linear residual 2.014e-03
gmres iter 70 linear residual 1.827e-03
gmres iter 80 linear residual 1.569e-03
gmres iter 90 linear residual 1.124e-03
gmres iter 100 linear residual 9.728e-04
gmres iter 110 linear residual 7.256e-04
res 3.594e-04 (F-block 1.254e-04 p-block 8.141e-05) alpha 1 eta 1.00e-02 iter times 115
gmres iter 10 linear residual 2.672e-02
gmres iter 20 linear residual 1.667e-02
gmres iter 30 linear residual 1.249e-02
gmres iter 40 linear residual 1.141e-02
gmres iter 50 linear residual 1.105e-02
gmres iter 60 linear residual 1.078e-02
gmres iter 70 linear residual 1.010e-02
gmres iter 80 linear residual 8.179e-03
gmres iter 90 linear residual 6.025e-03
gmres iter 100 linear residual 4.366e-03
gmres iter 110 linear residual 3.798e-03
gmres iter 120 linear residual 3.606e-03
gmres iter 130 linear residual 3.496e-03
gmres iter 140 linear residual 3.382e-03
gmres iter 150 linear residual 3.112e-03
gmres iter 160 linear residual 2.742e-03
gmres iter 170 linear residual 2.416e-03
gmres iter 180 linear residual 2.172e-03
gmres iter 190 linear residual 1.947e-03
gmres iter 200 linear residual 1.639e-03
gmres iter 210 linear residual 1.488e-03
gmres iter 220 linear residual 1.370e-03
gmres iter 230 linear residual 1.255e-03
gmres iter 240 linear residual 1.120e-03
gmres iter 250 linear residual 1.001e-03
gmres iter 260 linear residual 9.269e-04
gmres iter 270 linear residual 8.547e-04
gmres iter 280 linear residual 7.723e-04
gmres iter 290 linear residual 6.802e-04
gmres iter 300 linear residual 5.733e-04
gmres iter 310 linear residual 5.276e-04
gmres iter 320 linear residual 5.039e-04
gmres iter 330 linear residual 4.769e-04
gmres iter 340 linear residual 4.411e-04
gmres iter 350 linear residual 3.999e-04
gmres iter 360 linear residual 3.584e-04
gmres iter 370 linear residual 3.099e-04
gmres iter 380 linear residual 2.611e-04
gmres iter 390 linear residual 2.121e-04
gmres iter 400 linear residual 1.808e-04
gmres iter 410 linear residual 1.679e-04
gmres iter 420 linear residual 1.566e-04
gmres iter 430 linear residual 1.428e-04
gmres iter 440 linear residual 1.247e-04
gmres iter 450 linear residual 1.036e-04
gmres iter 460 linear residual 8.632e-05
gmres iter 470 linear residual 7.627e-05
gmres iter 480 linear residual 7.085e-05
gmres iter 490 linear residual 6.872e-05
gmres iter 500 linear residual 6.530e-05
gmres iter 510 linear residual 6.103e-05
gmres iter 520 linear residual 5.520e-05
gmres iter 530 linear residual 4.972e-05
gmres iter 540 linear residual 4.614e-05
gmres iter 550 linear residual 4.019e-05
gmres iter 560 linear residual 3.467e-05
gmres iter 570 linear residual 2.830e-05
gmres iter 580 linear residual 2.044e-05
res 1.604e-04 (F-block 8.872e-05 p-block 5.924e-05) alpha 0.5 eta 1.00e-03 iter times 580
gmres iter 10 linear residual 2.267e-02
gmres iter 20 linear residual 1.298e-02
gmres iter 30 linear residual 9.146e-03
gmres iter 40 linear residual 8.088e-03
gmres iter 50 linear residual 7.802e-03
gmres iter 60 linear residual 7.632e-03
gmres iter 70 linear residual 7.280e-03
gmres iter 80 linear residual 6.278e-03
gmres iter 90 linear residual 4.867e-03
gmres iter 100 linear residual 3.433e-03
gmres iter 110 linear residual 2.885e-03
gmres iter 120 linear residual 2.671e-03
gmres iter 130 linear residual 2.552e-03
gmres iter 140 linear residual 2.487e-03
gmres iter 150 linear residual 2.328e-03
gmres iter 160 linear residual 2.111e-03
gmres iter 170 linear residual 1.831e-03
gmres iter 180 linear residual 1.548e-03
gmres iter 190 linear residual 1.297e-03
gmres iter 200 linear residual 1.084e-03
gmres iter 210 linear residual 9.743e-04
gmres iter 220 linear residual 8.502e-04
gmres iter 230 linear residual 7.618e-04
gmres iter 240 linear residual 7.004e-04
gmres iter 250 linear residual 6.473e-04
gmres iter 260 linear residual 6.187e-04
res 1.695e-04 (F-block 4.210e-05 p-block 2.793e-05) alpha 1 eta 1.00e-02 iter times 267
gmres iter 10 linear residual 1.362e-02
gmres iter 20 linear residual 6.031e-03
gmres iter 30 linear residual 3.032e-03
gmres iter 40 linear residual 2.404e-03
gmres iter 50 linear residual 1.894e-03
gmres iter 60 linear residual 1.384e-03
gmres iter 70 linear residual 9.920e-04
gmres iter 80 linear residual 9.732e-04
gmres iter 90 linear residual 9.549e-04
gmres iter 100 linear residual 9.389e-04
gmres iter 110 linear residual 9.072e-04
gmres iter 120 linear residual 8.534e-04
gmres iter 130 linear residual 7.299e-04
res 7.410e-06 (F-block 3.819e-07 p-block 2.301e-07) alpha 1 eta 1.00e-02 iter times 134
time this step...140.3675558567047
this increment is 0.024999999999999994 (target 0.2) ------------------------
gmres iter 10 linear residual 8.319e-03
gmres iter 20 linear residual 2.478e-03
gmres iter 30 linear residual 2.051e-03
gmres iter 40 linear residual 9.016e-04
res 1.493e-02 (F-block 2.023e-02 p-block 2.549e-02) alpha 1 eta 1.00e-02 iter times 45
gmres iter 10 linear residual 4.823e-02
gmres iter 20 linear residual 2.878e-02
gmres iter 30 linear residual 1.847e-02
gmres iter 40 linear residual 1.143e-02
gmres iter 50 linear residual 6.757e-03
gmres iter 60 linear residual 4.303e-03
gmres iter 70 linear residual 2.901e-03
gmres iter 80 linear residual 2.038e-03
gmres iter 90 linear residual 1.497e-03
gmres iter 100 linear residual 1.157e-03
gmres iter 110 linear residual 1.017e-03
gmres iter 120 linear residual 9.224e-04
gmres iter 130 linear residual 8.381e-04
gmres iter 140 linear residual 7.710e-04
gmres iter 150 linear residual 7.243e-04
gmres iter 160 linear residual 6.972e-04
gmres iter 170 linear residual 6.797e-04
gmres iter 180 linear residual 6.714e-04
gmres iter 190 linear residual 6.678e-04
gmres iter 200 linear residual 6.668e-04
gmres iter 210 linear residual 6.667e-04
gmres iter 220 linear residual 6.666e-04
gmres iter 230 linear residual 6.658e-04
gmres iter 240 linear residual 6.645e-04
gmres iter 250 linear residual 6.618e-04
gmres iter 260 linear residual 6.566e-04
gmres iter 270 linear residual 6.469e-04
gmres iter 280 linear residual 6.374e-04
gmres iter 290 linear residual 6.304e-04
gmres iter 300 linear residual 6.225e-04
gmres iter 310 linear residual 6.175e-04
gmres iter 320 linear residual 6.123e-04
gmres iter 330 linear residual 6.064e-04
gmres iter 340 linear residual 5.971e-04
gmres iter 350 linear residual 5.909e-04
gmres iter 360 linear residual 5.859e-04
gmres iter 370 linear residual 5.851e-04
gmres iter 380 linear residual 5.843e-04
gmres iter 390 linear residual 5.833e-04
gmres iter 400 linear residual 5.801e-04
gmres iter 410 linear residual 5.794e-04
gmres iter 420 linear residual 5.778e-04
gmres iter 430 linear residual 5.767e-04
gmres iter 440 linear residual 5.760e-04
gmres iter 450 linear residual 5.738e-04
gmres iter 460 linear residual 5.704e-04
gmres iter 470 linear residual 5.653e-04
gmres iter 480 linear residual 5.541e-04
gmres iter 490 linear residual 5.373e-04
gmres iter 500 linear residual 5.158e-04
gmres iter 510 linear residual 5.033e-04
gmres iter 520 linear residual 4.948e-04
gmres iter 530 linear residual 4.897e-04
gmres iter 540 linear residual 4.851e-04
gmres iter 550 linear residual 4.833e-04
gmres iter 560 linear residual 4.806e-04
gmres iter 570 linear residual 4.776e-04
gmres iter 580 linear residual 4.759e-04
gmres iter 590 linear residual 4.757e-04
gmres iter 600 linear residual 4.752e-04
gmres iter 610 linear residual 4.752e-04
gmres iter 620 linear residual 4.751e-04
gmres iter 630 linear residual 4.750e-04
gmres iter 640 linear residual 4.748e-04
gmres iter 650 linear residual 4.740e-04
gmres iter 660 linear residual 4.726e-04
gmres iter 670 linear residual 4.679e-04
gmres iter 680 linear residual 4.580e-04
gmres iter 690 linear residual 4.436e-04
gmres iter 700 linear residual 4.169e-04
gmres iter 710 linear residual 4.015e-04
gmres iter 720 linear residual 3.903e-04
gmres iter 730 linear residual 3.846e-04
gmres iter 740 linear residual 3.819e-04
gmres iter 750 linear residual 3.803e-04
gmres iter 760 linear residual 3.795e-04
gmres iter 770 linear residual 3.793e-04
gmres iter 780 linear residual 3.787e-04
gmres iter 790 linear residual 3.782e-04
gmres iter 800 linear residual 3.779e-04
gmres iter 810 linear residual 3.779e-04
gmres iter 820 linear residual 3.778e-04
gmres iter 830 linear residual 3.777e-04
gmres iter 840 linear residual 3.776e-04
gmres iter 850 linear residual 3.775e-04
gmres iter 860 linear residual 3.772e-04
gmres iter 870 linear residual 3.760e-04
gmres iter 880 linear residual 3.739e-04
gmres iter 890 linear residual 3.695e-04
gmres iter 900 linear residual 3.638e-04
gmres iter 910 linear residual 3.604e-04
gmres iter 920 linear residual 3.563e-04
gmres iter 930 linear residual 3.507e-04
gmres iter 940 linear residual 3.472e-04
gmres iter 950 linear residual 3.455e-04
gmres iter 960 linear residual 3.447e-04
gmres iter 970 linear residual 3.445e-04
gmres iter 980 linear residual 3.438e-04
gmres iter 990 linear residual 3.427e-04
gmres iter 1000 linear residual 3.414e-04
linear solver hit the iteration cap (1000 iterations, flag 10)
increment failed (gmres_iteration_cap); cutting step to 0.0125
this increment is 0.012499999999999997 (target 0.2) ------------------------
gmres iter 10 linear residual 8.111e-03
gmres iter 20 linear residual 2.449e-03
gmres iter 30 linear residual 2.023e-03
gmres iter 40 linear residual 8.536e-04
res 7.436e-03 (F-block 1.036e-02 p-block 2.135e-02) alpha 1 eta 1.00e-02 iter times 44
gmres iter 10 linear residual 7.539e-02
gmres iter 20 linear residual 5.198e-02
gmres iter 30 linear residual 3.230e-02
gmres iter 40 linear residual 1.904e-02
gmres iter 50 linear residual 1.065e-02
gmres iter 60 linear residual 7.016e-03
gmres iter 70 linear residual 4.764e-03
gmres iter 80 linear residual 3.240e-03
gmres iter 90 linear residual 2.350e-03
gmres iter 100 linear residual 1.810e-03
gmres iter 110 linear residual 1.635e-03
gmres iter 120 linear residual 1.471e-03
gmres iter 130 linear residual 1.307e-03
gmres iter 140 linear residual 1.147e-03
gmres iter 150 linear residual 1.029e-03
gmres iter 160 linear residual 9.472e-04
gmres iter 170 linear residual 8.900e-04
gmres iter 180 linear residual 8.460e-04
gmres iter 190 linear residual 8.181e-04
gmres iter 200 linear residual 7.888e-04
gmres iter 210 linear residual 7.779e-04
gmres iter 220 linear residual 7.678e-04
gmres iter 230 linear residual 7.549e-04
gmres iter 240 linear residual 7.410e-04
gmres iter 250 linear residual 7.258e-04
gmres iter 260 linear residual 7.132e-04
gmres iter 270 linear residual 6.927e-04
gmres iter 280 linear residual 6.600e-04
gmres iter 290 linear residual 6.029e-04
gmres iter 300 linear residual 5.288e-04
gmres iter 310 linear residual 4.976e-04
gmres iter 320 linear residual 4.694e-04
gmres iter 330 linear residual 4.516e-04
gmres iter 340 linear residual 4.327e-04
gmres iter 350 linear residual 4.142e-04
gmres iter 360 linear residual 3.925e-04
gmres iter 370 linear residual 3.778e-04
gmres iter 380 linear residual 3.655e-04
gmres iter 390 linear residual 3.534e-04
gmres iter 400 linear residual 3.386e-04
gmres iter 410 linear residual 3.292e-04
gmres iter 420 linear residual 3.185e-04
gmres iter 430 linear residual 3.087e-04
gmres iter 440 linear residual 3.006e-04
gmres iter 450 linear residual 2.942e-04
gmres iter 460 linear residual 2.886e-04
gmres iter 470 linear residual 2.831e-04
gmres iter 480 linear residual 2.774e-04
gmres iter 490 linear residual 2.675e-04
gmres iter 500 linear residual 2.397e-04
gmres iter 510 linear residual 2.285e-04
gmres iter 520 linear residual 2.215e-04
gmres iter 530 linear residual 2.151e-04
gmres iter 540 linear residual 2.101e-04
gmres iter 550 linear residual 2.070e-04
gmres iter 560 linear residual 2.021e-04
gmres iter 570 linear residual 1.967e-04
gmres iter 580 linear residual 1.913e-04
gmres iter 590 linear residual 1.793e-04
gmres iter 600 linear residual 1.724e-04
gmres iter 610 linear residual 1.699e-04
gmres iter 620 linear residual 1.665e-04
gmres iter 630 linear residual 1.614e-04
gmres iter 640 linear residual 1.569e-04
gmres iter 650 linear residual 1.525e-04
gmres iter 660 linear residual 1.465e-04
gmres iter 670 linear residual 1.423e-04
gmres iter 680 linear residual 1.384e-04
gmres iter 690 linear residual 1.358e-04
gmres iter 700 linear residual 1.327e-04
gmres iter 710 linear residual 1.304e-04
gmres iter 720 linear residual 1.275e-04
gmres iter 730 linear residual 1.247e-04
gmres iter 740 linear residual 1.226e-04
gmres iter 750 linear residual 1.197e-04
gmres iter 760 linear residual 1.155e-04
gmres iter 770 linear residual 1.103e-04
gmres iter 780 linear residual 1.075e-04
gmres iter 790 linear residual 1.043e-04
gmres iter 800 linear residual 9.987e-05
gmres iter 810 linear residual 9.706e-05
gmres iter 820 linear residual 9.362e-05
gmres iter 830 linear residual 9.099e-05
gmres iter 840 linear residual 8.822e-05
gmres iter 850 linear residual 8.542e-05
gmres iter 860 linear residual 8.208e-05
gmres iter 870 linear residual 8.070e-05
gmres iter 880 linear residual 7.929e-05
gmres iter 890 linear residual 7.757e-05
gmres iter 900 linear residual 7.321e-05
gmres iter 910 linear residual 7.133e-05
linear solver hit the iteration cap (913 iterations, flag 10)
increment failed (gmres_iteration_cap); cutting step to 0.00625
this increment is 0.006249999999999999 (target 0.2) ------------------------
gmres iter 10 linear residual 8.007e-03
gmres iter 20 linear residual 2.442e-03
gmres iter 30 linear residual 2.018e-03
gmres iter 40 linear residual 8.455e-04
res 3.710e-03 (F-block 6.853e-03 p-block 2.044e-02) alpha 1 eta 1.00e-02 iter times 43
gmres iter 10 linear residual 1.096e-01
gmres iter 20 linear residual 7.974e-02
gmres iter 30 linear residual 4.578e-02
gmres iter 40 linear residual 2.335e-02
gmres iter 50 linear residual 1.441e-02
gmres iter 60 linear residual 9.689e-03
gmres iter 70 linear residual 6.533e-03
gmres iter 80 linear residual 4.426e-03
gmres iter 90 linear residual 3.251e-03
gmres iter 100 linear residual 2.487e-03
gmres iter 110 linear residual 2.296e-03
gmres iter 120 linear residual 2.038e-03
gmres iter 130 linear residual 1.791e-03
gmres iter 140 linear residual 1.543e-03
gmres iter 150 linear residual 1.339e-03
gmres iter 160 linear residual 1.191e-03
gmres iter 170 linear residual 1.089e-03
gmres iter 180 linear residual 1.007e-03
gmres iter 190 linear residual 9.508e-04
gmres iter 200 linear residual 8.928e-04
gmres iter 210 linear residual 8.657e-04
gmres iter 220 linear residual 8.396e-04
gmres iter 230 linear residual 8.075e-04
gmres iter 240 linear residual 7.785e-04
gmres iter 250 linear residual 7.431e-04
gmres iter 260 linear residual 7.153e-04
gmres iter 270 linear residual 6.689e-04
gmres iter 280 linear residual 5.934e-04
gmres iter 290 linear residual 4.914e-04
gmres iter 300 linear residual 3.778e-04
gmres iter 310 linear residual 3.341e-04
gmres iter 320 linear residual 2.864e-04
gmres iter 330 linear residual 2.631e-04
gmres iter 340 linear residual 2.395e-04
gmres iter 350 linear residual 2.183e-04
gmres iter 360 linear residual 1.987e-04
gmres iter 370 linear residual 1.853e-04
gmres iter 380 linear residual 1.756e-04
gmres iter 390 linear residual 1.659e-04
gmres iter 400 linear residual 1.540e-04
gmres iter 410 linear residual 1.465e-04
gmres iter 420 linear residual 1.387e-04
gmres iter 430 linear residual 1.321e-04
gmres iter 440 linear residual 1.251e-04
gmres iter 450 linear residual 1.182e-04
gmres iter 460 linear residual 1.119e-04
gmres iter 470 linear residual 1.060e-04
gmres iter 480 linear residual 1.007e-04
gmres iter 490 linear residual 9.300e-05
gmres iter 500 linear residual 7.734e-05
gmres iter 510 linear residual 7.101e-05
gmres iter 520 linear residual 6.572e-05
gmres iter 530 linear residual 6.188e-05
gmres iter 540 linear residual 5.909e-05
gmres iter 550 linear residual 5.683e-05
gmres iter 560 linear residual 5.341e-05
gmres iter 570 linear residual 4.992e-05
gmres iter 580 linear residual 4.691e-05
gmres iter 590 linear residual 4.289e-05
gmres iter 600 linear residual 3.969e-05
res 1.319e-03 (F-block 3.690e-03 p-block 2.736e-03) alpha 1 eta 1.00e-03 iter times 609
gmres iter 10 linear residual 2.462e-02
gmres iter 20 linear residual 1.245e-02
gmres iter 30 linear residual 7.102e-03
gmres iter 40 linear residual 3.983e-03
gmres iter 50 linear residual 2.500e-03
gmres iter 60 linear residual 2.023e-03
gmres iter 70 linear residual 1.665e-03
gmres iter 80 linear residual 1.425e-03
gmres iter 90 linear residual 1.184e-03
gmres iter 100 linear residual 1.033e-03
gmres iter 110 linear residual 9.854e-04
gmres iter 120 linear residual 9.395e-04
gmres iter 130 linear residual 8.465e-04
gmres iter 140 linear residual 6.519e-04
res 1.750e-04 (F-block 1.035e-04 p-block 6.622e-05) alpha 1 eta 1.00e-02 iter times 141
gmres iter 10 linear residual 2.778e-02
gmres iter 20 linear residual 1.909e-02
gmres iter 30 linear residual 1.686e-02
gmres iter 40 linear residual 1.600e-02
gmres iter 50 linear residual 1.551e-02
gmres iter 60 linear residual 1.505e-02
gmres iter 70 linear residual 1.458e-02
gmres iter 80 linear residual 1.321e-02
gmres iter 90 linear residual 1.157e-02
gmres iter 100 linear residual 9.767e-03
gmres iter 110 linear residual 9.359e-03
gmres iter 120 linear residual 8.812e-03
gmres iter 130 linear residual 8.141e-03
gmres iter 140 linear residual 7.353e-03
gmres iter 150 linear residual 6.233e-03
gmres iter 160 linear residual 5.478e-03
gmres iter 170 linear residual 4.738e-03
gmres iter 180 linear residual 3.932e-03
gmres iter 190 linear residual 3.226e-03
gmres iter 200 linear residual 2.385e-03
gmres iter 210 linear residual 2.083e-03
gmres iter 220 linear residual 1.967e-03
gmres iter 230 linear residual 1.939e-03
gmres iter 240 linear residual 1.905e-03
gmres iter 250 linear residual 1.854e-03
gmres iter 260 linear residual 1.804e-03
gmres iter 270 linear residual 1.710e-03
gmres iter 280 linear residual 1.459e-03
gmres iter 290 linear residual 1.287e-03
gmres iter 300 linear residual 1.049e-03
gmres iter 310 linear residual 9.252e-04
gmres iter 320 linear residual 8.294e-04
gmres iter 330 linear residual 7.725e-04
gmres iter 340 linear residual 7.066e-04
gmres iter 350 linear residual 6.265e-04
gmres iter 360 linear residual 5.283e-04
gmres iter 370 linear residual 4.336e-04
gmres iter 380 linear residual 3.538e-04
gmres iter 390 linear residual 3.116e-04
gmres iter 400 linear residual 2.506e-04
gmres iter 410 linear residual 2.251e-04
gmres iter 420 linear residual 2.103e-04
gmres iter 430 linear residual 1.957e-04
gmres iter 440 linear residual 1.861e-04
gmres iter 450 linear residual 1.793e-04
gmres iter 460 linear residual 1.733e-04
gmres iter 470 linear residual 1.647e-04
gmres iter 480 linear residual 1.521e-04
gmres iter 490 linear residual 1.365e-04
gmres iter 500 linear residual 1.153e-04
gmres iter 510 linear residual 1.071e-04
gmres iter 520 linear residual 9.798e-05
gmres iter 530 linear residual 8.930e-05
gmres iter 540 linear residual 8.224e-05
gmres iter 550 linear residual 7.568e-05
gmres iter 560 linear residual 7.245e-05
gmres iter 570 linear residual 7.137e-05
gmres iter 580 linear residual 6.893e-05
gmres iter 590 linear residual 6.235e-05
gmres iter 600 linear residual 5.068e-05
gmres iter 610 linear residual 3.686e-05
gmres iter 620 linear residual 2.590e-05
res 1.269e-04 (F-block 5.032e-05 p-block 3.824e-05) alpha 1 eta 1.00e-03 iter times 627
gmres iter 10 linear residual 2.610e-02
gmres iter 20 linear residual 1.307e-02
gmres iter 30 linear residual 7.380e-03
gmres iter 40 linear residual 4.358e-03
gmres iter 50 linear residual 2.655e-03
gmres iter 60 linear residual 2.125e-03
gmres iter 70 linear residual 1.726e-03
gmres iter 80 linear residual 1.501e-03
gmres iter 90 linear residual 1.251e-03
gmres iter 100 linear residual 1.124e-03
gmres iter 110 linear residual 1.061e-03
gmres iter 120 linear residual 1.034e-03
gmres iter 130 linear residual 9.670e-04
gmres iter 140 linear residual 7.708e-04
res 2.988e-06 (F-block 4.816e-07 p-block 2.958e-07) alpha 1 eta 1.00e-02 iter times 144
time this step...122.11226773262024
this increment is 0.006249999999999999 (target 0.2) ------------------------
gmres iter 10 linear residual 8.032e-03
gmres iter 20 linear residual 2.443e-03
gmres iter 30 linear residual 2.018e-03
gmres iter 40 linear residual 8.439e-04
res 3.691e-03 (F-block 6.844e-03 p-block 2.046e-02) alpha 1 eta 1.00e-02 iter times 43
gmres iter 10 linear residual 1.099e-01
gmres iter 20 linear residual 8.004e-02
gmres iter 30 linear residual 4.590e-02
gmres iter 40 linear residual 2.353e-02
gmres iter 50 linear residual 1.462e-02
gmres iter 60 linear residual 9.961e-03
gmres iter 70 linear residual 6.840e-03
gmres iter 80 linear residual 4.791e-03
gmres iter 90 linear residual 3.679e-03
gmres iter 100 linear residual 2.966e-03
gmres iter 110 linear residual 2.782e-03
gmres iter 120 linear residual 2.542e-03
gmres iter 130 linear residual 2.303e-03
gmres iter 140 linear residual 2.054e-03
gmres iter 150 linear residual 1.829e-03
gmres iter 160 linear residual 1.654e-03
gmres iter 170 linear residual 1.521e-03
gmres iter 180 linear residual 1.405e-03
gmres iter 190 linear residual 1.314e-03
gmres iter 200 linear residual 1.207e-03
gmres iter 210 linear residual 1.154e-03
gmres iter 220 linear residual 1.104e-03
gmres iter 230 linear residual 1.051e-03
gmres iter 240 linear residual 1.003e-03
gmres iter 250 linear residual 9.441e-04
gmres iter 260 linear residual 8.990e-04
gmres iter 270 linear residual 8.379e-04
gmres iter 280 linear residual 7.617e-04
gmres iter 290 linear residual 6.461e-04
gmres iter 300 linear residual 5.072e-04
gmres iter 310 linear residual 4.484e-04
gmres iter 320 linear residual 3.871e-04
gmres iter 330 linear residual 3.567e-04
gmres iter 340 linear residual 3.224e-04
gmres iter 350 linear residual 2.872e-04
gmres iter 360 linear residual 2.520e-04
gmres iter 370 linear residual 2.285e-04
gmres iter 380 linear residual 2.139e-04
gmres iter 390 linear residual 2.033e-04
gmres iter 400 linear residual 1.928e-04
gmres iter 410 linear residual 1.865e-04
gmres iter 420 linear residual 1.781e-04
gmres iter 430 linear residual 1.693e-04
gmres iter 440 linear residual 1.580e-04
gmres iter 450 linear residual 1.475e-04
gmres iter 460 linear residual 1.391e-04
gmres iter 470 linear residual 1.305e-04
gmres iter 480 linear residual 1.210e-04
gmres iter 490 linear residual 1.069e-04
gmres iter 500 linear residual 7.792e-05
res 1.396e-03 (F-block 4.271e-03 p-block 3.210e-03) alpha 1 eta 1.00e-03 iter times 500
gmres iter 10 linear residual 2.476e-02
gmres iter 20 linear residual 1.227e-02
gmres iter 30 linear residual 6.971e-03
gmres iter 40 linear residual 3.884e-03
gmres iter 50 linear residual 2.563e-03
gmres iter 60 linear residual 2.274e-03
gmres iter 70 linear residual 2.007e-03
gmres iter 80 linear residual 1.767e-03
gmres iter 90 linear residual 1.440e-03
gmres iter 100 linear residual 1.271e-03
gmres iter 110 linear residual 1.229e-03
gmres iter 120 linear residual 1.142e-03
gmres iter 130 linear residual 9.554e-04
gmres iter 140 linear residual 6.377e-04
res 2.373e-04 (F-block 1.840e-04 p-block 1.285e-04) alpha 1 eta 1.00e-02 iter times 140
gmres iter 10 linear residual 2.725e-02
gmres iter 20 linear residual 1.548e-02
gmres iter 30 linear residual 1.153e-02
gmres iter 40 linear residual 9.853e-03
gmres iter 50 linear residual 9.221e-03
gmres iter 60 linear residual 8.900e-03
gmres iter 70 linear residual 8.720e-03
gmres iter 80 linear residual 8.308e-03
gmres iter 90 linear residual 7.649e-03
gmres iter 100 linear residual 6.769e-03
gmres iter 110 linear residual 6.576e-03
gmres iter 120 linear residual 6.322e-03
gmres iter 130 linear residual 6.055e-03
gmres iter 140 linear residual 5.671e-03
gmres iter 150 linear residual 4.892e-03
gmres iter 160 linear residual 4.139e-03
gmres iter 170 linear residual 3.076e-03
gmres iter 180 linear residual 2.121e-03
gmres iter 190 linear residual 1.569e-03
gmres iter 200 linear residual 1.089e-03
gmres iter 210 linear residual 9.053e-04
gmres iter 220 linear residual 7.897e-04
gmres iter 230 linear residual 7.276e-04
gmres iter 240 linear residual 6.959e-04
gmres iter 250 linear residual 6.802e-04
gmres iter 260 linear residual 6.650e-04
gmres iter 270 linear residual 6.460e-04
gmres iter 280 linear residual 5.744e-04
gmres iter 290 linear residual 5.011e-04
gmres iter 300 linear residual 3.872e-04
gmres iter 310 linear residual 3.340e-04
gmres iter 320 linear residual 2.865e-04
gmres iter 330 linear residual 2.485e-04
gmres iter 340 linear residual 2.147e-04
gmres iter 350 linear residual 1.802e-04
gmres iter 360 linear residual 1.557e-04
gmres iter 370 linear residual 1.457e-04
gmres iter 380 linear residual 1.356e-04
gmres iter 390 linear residual 1.273e-04
gmres iter 400 linear residual 1.126e-04
gmres iter 410 linear residual 9.797e-05
gmres iter 420 linear residual 8.348e-05
gmres iter 430 linear residual 6.411e-05
gmres iter 440 linear residual 4.988e-05
gmres iter 450 linear residual 3.876e-05
res 1.036e-04 (F-block 3.250e-05 p-block 2.502e-05) alpha 1 eta 1.59e-03 iter times 450
gmres iter 10 linear residual 2.585e-02
gmres iter 20 linear residual 1.261e-02
gmres iter 30 linear residual 7.103e-03
gmres iter 40 linear residual 4.140e-03
gmres iter 50 linear residual 2.631e-03
gmres iter 60 linear residual 2.295e-03
gmres iter 70 linear residual 2.071e-03
gmres iter 80 linear residual 1.894e-03
gmres iter 90 linear residual 1.621e-03
gmres iter 100 linear residual 1.464e-03
gmres iter 110 linear residual 1.396e-03
gmres iter 120 linear residual 1.343e-03
gmres iter 130 linear residual 1.173e-03
gmres iter 140 linear residual 8.209e-04
res 2.523e-06 (F-block 2.786e-07 p-block 1.842e-07) alpha 1 eta 1.00e-02 iter times 145
time this step...99.37486433982849
this increment is 0.006249999999999999 (target 0.2) ------------------------
gmres iter 10 linear residual 8.057e-03
gmres iter 20 linear residual 2.444e-03
gmres iter 30 linear residual 2.018e-03
gmres iter 40 linear residual 8.424e-04
res 3.672e-03 (F-block 6.837e-03 p-block 2.049e-02) alpha 1 eta 1.00e-02 iter times 43
gmres iter 10 linear residual 1.103e-01
gmres iter 20 linear residual 8.035e-02
gmres iter 30 linear residual 4.604e-02
gmres iter 40 linear residual 2.375e-02
gmres iter 50 linear residual 1.492e-02
gmres iter 60 linear residual 1.035e-02
gmres iter 70 linear residual 7.285e-03
gmres iter 80 linear residual 5.293e-03
gmres iter 90 linear residual 4.225e-03
gmres iter 100 linear residual 3.535e-03
gmres iter 110 linear residual 3.330e-03
gmres iter 120 linear residual 3.081e-03
gmres iter 130 linear residual 2.812e-03
gmres iter 140 linear residual 2.515e-03
gmres iter 150 linear residual 2.203e-03
gmres iter 160 linear residual 1.935e-03
gmres iter 170 linear residual 1.721e-03
gmres iter 180 linear residual 1.534e-03
gmres iter 190 linear residual 1.375e-03
gmres iter 200 linear residual 1.183e-03
gmres iter 210 linear residual 1.087e-03
gmres iter 220 linear residual 9.983e-04
gmres iter 230 linear residual 9.235e-04
gmres iter 240 linear residual 8.556e-04
gmres iter 250 linear residual 7.779e-04
gmres iter 260 linear residual 7.219e-04
gmres iter 270 linear residual 6.646e-04
gmres iter 280 linear residual 6.124e-04
gmres iter 290 linear residual 5.291e-04
gmres iter 300 linear residual 4.304e-04
gmres iter 310 linear residual 3.838e-04
gmres iter 320 linear residual 3.404e-04
gmres iter 330 linear residual 3.172e-04
gmres iter 340 linear residual 2.889e-04
gmres iter 350 linear residual 2.552e-04
gmres iter 360 linear residual 2.148e-04
gmres iter 370 linear residual 1.866e-04
gmres iter 380 linear residual 1.676e-04
gmres iter 390 linear residual 1.545e-04
gmres iter 400 linear residual 1.418e-04
gmres iter 410 linear residual 1.338e-04
gmres iter 420 linear residual 1.244e-04
gmres iter 430 linear residual 1.154e-04
gmres iter 440 linear residual 1.038e-04
gmres iter 450 linear residual 9.332e-05
gmres iter 460 linear residual 8.698e-05
gmres iter 470 linear residual 8.062e-05
gmres iter 480 linear residual 7.501e-05
gmres iter 490 linear residual 6.623e-05
res 1.281e-03 (F-block 3.297e-03 p-block 2.498e-03) alpha 1 eta 1.00e-03 iter times 491
gmres iter 10 linear residual 2.387e-02
gmres iter 20 linear residual 1.155e-02
gmres iter 30 linear residual 6.585e-03
gmres iter 40 linear residual 3.668e-03
gmres iter 50 linear residual 2.529e-03
gmres iter 60 linear residual 2.377e-03
gmres iter 70 linear residual 2.205e-03
gmres iter 80 linear residual 2.008e-03
gmres iter 90 linear residual 1.631e-03
gmres iter 100 linear residual 1.450e-03
gmres iter 110 linear residual 1.407e-03
gmres iter 120 linear residual 1.245e-03
gmres iter 130 linear residual 9.746e-04
res 1.905e-04 (F-block 1.173e-04 p-block 8.220e-05) alpha 1 eta 1.00e-02 iter times 139
gmres iter 10 linear residual 2.893e-02
gmres iter 20 linear residual 1.692e-02
gmres iter 30 linear residual 1.221e-02
gmres iter 40 linear residual 1.022e-02
gmres iter 50 linear residual 9.444e-03
gmres iter 60 linear residual 9.049e-03
gmres iter 70 linear residual 8.820e-03
gmres iter 80 linear residual 8.238e-03
gmres iter 90 linear residual 7.283e-03
gmres iter 100 linear residual 6.509e-03
gmres iter 110 linear residual 6.333e-03
gmres iter 120 linear residual 6.074e-03
gmres iter 130 linear residual 5.753e-03
gmres iter 140 linear residual 5.224e-03
gmres iter 150 linear residual 4.400e-03
gmres iter 160 linear residual 3.456e-03
gmres iter 170 linear residual 2.479e-03
gmres iter 180 linear residual 1.697e-03
gmres iter 190 linear residual 1.197e-03
gmres iter 200 linear residual 8.392e-04
gmres iter 210 linear residual 6.917e-04
gmres iter 220 linear residual 5.933e-04
gmres iter 230 linear residual 5.504e-04
gmres iter 240 linear residual 5.338e-04
gmres iter 250 linear residual 5.229e-04
gmres iter 260 linear residual 5.112e-04
gmres iter 270 linear residual 4.802e-04
gmres iter 280 linear residual 4.187e-04
gmres iter 290 linear residual 3.408e-04
gmres iter 300 linear residual 2.517e-04
gmres iter 310 linear residual 2.025e-04
gmres iter 320 linear residual 1.649e-04
gmres iter 330 linear residual 1.363e-04
gmres iter 340 linear residual 1.180e-04
gmres iter 350 linear residual 9.983e-05
gmres iter 360 linear residual 8.716e-05
gmres iter 370 linear residual 7.461e-05
gmres iter 380 linear residual 5.708e-05
gmres iter 390 linear residual 3.806e-05
gmres iter 400 linear residual 2.953e-05
res 5.269e-05 (F-block 7.779e-06 p-block 6.056e-06) alpha 1 eta 1.08e-03 iter times 400
time this step...80.77208614349365
this increment is 0.006249999999999978 (target 0.2) ------------------------
gmres iter 10 linear residual 8.082e-03
gmres iter 20 linear residual 2.445e-03
gmres iter 30 linear residual 2.018e-03
gmres iter 40 linear residual 8.412e-04
res 3.653e-03 (F-block 6.830e-03 p-block 2.052e-02) alpha 1 eta 1.00e-02 iter times 43
gmres iter 10 linear residual 1.106e-01
gmres iter 20 linear residual 8.071e-02
gmres iter 30 linear residual 4.623e-02
gmres iter 40 linear residual 2.401e-02
gmres iter 50 linear residual 1.528e-02
gmres iter 60 linear residual 1.078e-02
gmres iter 70 linear residual 7.774e-03
gmres iter 80 linear residual 5.804e-03
gmres iter 90 linear residual 4.713e-03
gmres iter 100 linear residual 3.986e-03
gmres iter 110 linear residual 3.716e-03
gmres iter 120 linear residual 3.428e-03
gmres iter 130 linear residual 3.099e-03
gmres iter 140 linear residual 2.710e-03
gmres iter 150 linear residual 2.266e-03
gmres iter 160 linear residual 1.884e-03
gmres iter 170 linear residual 1.569e-03
gmres iter 180 linear residual 1.318e-03
gmres iter 190 linear residual 1.132e-03
gmres iter 200 linear residual 9.115e-04
gmres iter 210 linear residual 8.087e-04
gmres iter 220 linear residual 7.104e-04
gmres iter 230 linear residual 6.385e-04
gmres iter 240 linear residual 5.698e-04
gmres iter 250 linear residual 5.000e-04
gmres iter 260 linear residual 4.480e-04
gmres iter 270 linear residual 4.039e-04
gmres iter 280 linear residual 3.701e-04
gmres iter 290 linear residual 3.182e-04
gmres iter 300 linear residual 2.597e-04
gmres iter 310 linear residual 2.267e-04
gmres iter 320 linear residual 2.013e-04
gmres iter 330 linear residual 1.837e-04
gmres iter 340 linear residual 1.656e-04
gmres iter 350 linear residual 1.434e-04
gmres iter 360 linear residual 1.136e-04
gmres iter 370 linear residual 9.556e-05
gmres iter 380 linear residual 8.585e-05
gmres iter 390 linear residual 7.965e-05
gmres iter 400 linear residual 7.440e-05
gmres iter 410 linear residual 6.907e-05
gmres iter 420 linear residual 6.308e-05
gmres iter 430 linear residual 5.634e-05
gmres iter 440 linear residual 5.014e-05
gmres iter 450 linear residual 4.167e-05
gmres iter 460 linear residual 3.417e-05
res 1.170e-03 (F-block 2.428e-03 p-block 1.856e-03) alpha 1 eta 1.00e-03 iter times 469
gmres iter 10 linear residual 2.271e-02
gmres iter 20 linear residual 1.065e-02
gmres iter 30 linear residual 6.112e-03
gmres iter 40 linear residual 3.523e-03
gmres iter 50 linear residual 2.522e-03
gmres iter 60 linear residual 2.429e-03
gmres iter 70 linear residual 2.348e-03
gmres iter 80 linear residual 2.197e-03
gmres iter 90 linear residual 1.919e-03
gmres iter 100 linear residual 1.631e-03
gmres iter 110 linear residual 1.551e-03
gmres iter 120 linear residual 1.279e-03
gmres iter 130 linear residual 9.542e-04
res 1.360e-04 (F-block 5.986e-05 p-block 4.094e-05) alpha 1 eta 1.00e-02 iter times 139
gmres iter 10 linear residual 3.229e-02
gmres iter 20 linear residual 2.046e-02
gmres iter 30 linear residual 1.500e-02
gmres iter 40 linear residual 1.237e-02
gmres iter 50 linear residual 1.129e-02
gmres iter 60 linear residual 1.054e-02
gmres iter 70 linear residual 1.013e-02
gmres iter 80 linear residual 9.277e-03
gmres iter 90 linear residual 8.073e-03
gmres iter 100 linear residual 7.293e-03
gmres iter 110 linear residual 7.086e-03
gmres iter 120 linear residual 6.737e-03
gmres iter 130 linear residual 6.209e-03
gmres iter 140 linear residual 5.443e-03
gmres iter 150 linear residual 4.198e-03
gmres iter 160 linear residual 2.966e-03
gmres iter 170 linear residual 2.072e-03
gmres iter 180 linear residual 1.449e-03
gmres iter 190 linear residual 1.012e-03
gmres iter 200 linear residual 6.808e-04
gmres iter 210 linear residual 5.535e-04
gmres iter 220 linear residual 4.632e-04
gmres iter 230 linear residual 4.200e-04
gmres iter 240 linear residual 4.063e-04
gmres iter 250 linear residual 3.934e-04
gmres iter 260 linear residual 3.818e-04
gmres iter 270 linear residual 3.603e-04
gmres iter 280 linear residual 3.073e-04
gmres iter 290 linear residual 2.348e-04
gmres iter 300 linear residual 1.729e-04
gmres iter 310 linear residual 1.384e-04
gmres iter 320 linear residual 1.083e-04
gmres iter 330 linear residual 9.319e-05
gmres iter 340 linear residual 7.678e-05
gmres iter 350 linear residual 5.724e-05
gmres iter 360 linear residual 4.151e-05
gmres iter 370 linear residual 3.002e-05
res 2.689e-05 (F-block 1.826e-06 p-block 1.430e-06) alpha 1 eta 1.00e-03 iter times 376
time this step...76.61981725692749
now P is...
[[ 2.52698025e+00  7.21980505e-03 -5.41553092e-02]
 [ 5.53965409e-03  1.49935835e-07  3.19474326e-02]
 [-4.13224150e-02  3.17705058e-02  1.36474397e-07]]
now F is...
[[ 1.20000000e+00 -2.59378747e-17 -3.21596106e-17]
 [-2.88596123e-17  9.20741703e-01 -1.17698697e-17]
 [-1.21639688e-17  4.14409722e-18  9.15642782e-01]]
intermediate results saved (2 increments in output.csv)
this increment is 0.009374999999999967 (target 0.30000000000000004) ------------------------
gmres iter 10 linear residual 8.164e-03
gmres iter 20 linear residual 2.451e-03
gmres iter 30 linear residual 2.021e-03
gmres iter 40 linear residual 8.444e-04
res 5.447e-03 (F-block 8.379e-03 p-block 2.171e-02) alpha 1 eta 1.00e-02 iter times 43
gmres iter 10 linear residual 9.156e-02
gmres iter 20 linear residual 6.683e-02
gmres iter 30 linear residual 3.952e-02
gmres iter 40 linear residual 2.252e-02
gmres iter 50 linear residual 1.351e-02
gmres iter 60 linear residual 9.599e-03
gmres iter 70 linear residual 7.009e-03
gmres iter 80 linear residual 5.312e-03
gmres iter 90 linear residual 4.285e-03
gmres iter 100 linear residual 3.586e-03
gmres iter 110 linear residual 3.260e-03
gmres iter 120 linear residual 2.988e-03
gmres iter 130 linear residual 2.656e-03
gmres iter 140 linear residual 2.249e-03
gmres iter 150 linear residual 1.817e-03
gmres iter 160 linear residual 1.449e-03
gmres iter 170 linear residual 1.126e-03
gmres iter 180 linear residual 8.825e-04
gmres iter 190 linear residual 7.429e-04
gmres iter 200 linear residual 5.777e-04
gmres iter 210 linear residual 5.046e-04
gmres iter 220 linear residual 4.312e-04
gmres iter 230 linear residual 3.810e-04
gmres iter 240 linear residual 3.271e-04
gmres iter 250 linear residual 2.862e-04
gmres iter 260 linear residual 2.510e-04
gmres iter 270 linear residual 2.247e-04
gmres iter 280 linear residual 2.018e-04
gmres iter 290 linear residual 1.711e-04
gmres iter 300 linear residual 1.356e-04
gmres iter 310 linear residual 1.157e-04
gmres iter 320 linear residual 1.029e-04
gmres iter 330 linear residual 9.265e-05
gmres iter 340 linear residual 8.582e-05
gmres iter 350 linear residual 7.828e-05
gmres iter 360 linear residual 6.808e-05
gmres iter 370 linear residual 5.304e-05
gmres iter 380 linear residual 3.922e-05
gmres iter 390 linear residual 3.109e-05
gmres iter 400 linear residual 2.623e-05
res 1.667e-03 (F-block 2.826e-03 p-block 2.200e-03) alpha 1 eta 1.00e-03 iter times 407
gmres iter 10 linear residual 2.207e-02
gmres iter 20 linear residual 9.919e-03
gmres iter 30 linear residual 5.772e-03
gmres iter 40 linear residual 3.566e-03
gmres iter 50 linear residual 2.602e-03
gmres iter 60 linear residual 2.508e-03
gmres iter 70 linear residual 2.474e-03
gmres iter 80 linear residual 2.435e-03
gmres iter 90 linear residual 2.272e-03
gmres iter 100 linear residual 1.888e-03
gmres iter 110 linear residual 1.588e-03
gmres iter 120 linear residual 1.189e-03
gmres iter 130 linear residual 8.457e-04
res 1.929e-04 (F-block 7.722e-05 p-block 5.613e-05) alpha 1 eta 1.00e-02 iter times 138
gmres iter 10 linear residual 3.338e-02
gmres iter 20 linear residual 2.001e-02
gmres iter 30 linear residual 1.448e-02
gmres iter 40 linear residual 1.197e-02
gmres iter 50 linear residual 1.066e-02
gmres iter 60 linear residual 9.813e-03
gmres iter 70 linear residual 9.301e-03
gmres iter 80 linear residual 8.378e-03
gmres iter 90 linear residual 7.258e-03
gmres iter 100 linear residual 6.338e-03
gmres iter 110 linear residual 5.887e-03
gmres iter 120 linear residual 5.409e-03
gmres iter 130 linear residual 4.905e-03
gmres iter 140 linear residual 4.046e-03
gmres iter 150 linear residual 2.820e-03
gmres iter 160 linear residual 2.059e-03
gmres iter 170 linear residual 1.401e-03
gmres iter 180 linear residual 9.755e-04
gmres iter 190 linear residual 6.772e-04
gmres iter 200 linear residual 4.789e-04
gmres iter 210 linear residual 3.942e-04
gmres iter 220 linear residual 3.447e-04
gmres iter 230 linear residual 3.161e-04
gmres iter 240 linear residual 3.000e-04
gmres iter 250 linear residual 2.797e-04
gmres iter 260 linear residual 2.632e-04
gmres iter 270 linear residual 2.281e-04
gmres iter 280 linear residual 1.759e-04
gmres iter 290 linear residual 1.227e-04
gmres iter 300 linear residual 8.854e-05
res 4.093e-05 (F-block 2.789e-06 p-block 2.136e-06) alpha 1 eta 1.00e-03 iter times 300
time this step...66.78689765930176
this increment is 0.01406249999999995 (target 0.30000000000000004) ------------------------
gmres iter 10 linear residual 8.290e-03
gmres iter 20 linear residual 2.463e-03
gmres iter 30 linear residual 2.029e-03
gmres iter 40 linear residual 8.561e-04
res 8.132e-03 (F-block 1.146e-02 p-block 2.229e-02) alpha 1 eta 1.00e-02 iter times 44
gmres iter 10 linear residual 7.201e-02
gmres iter 20 linear residual 4.878e-02
gmres iter 30 linear residual 3.057e-02
gmres iter 40 linear residual 1.853e-02
gmres iter 50 linear residual 1.092e-02
gmres iter 60 linear residual 7.647e-03
gmres iter 70 linear residual 5.645e-03
gmres iter 80 linear residual 4.257e-03
gmres iter 90 linear residual 3.344e-03
gmres iter 100 linear residual 2.676e-03
gmres iter 110 linear residual 2.337e-03
gmres iter 120 linear residual 2.096e-03
gmres iter 130 linear residual 1.808e-03
gmres iter 140 linear residual 1.522e-03
gmres iter 150 linear residual 1.178e-03
gmres iter 160 linear residual 9.185e-04
gmres iter 170 linear residual 6.611e-04
gmres iter 180 linear residual 4.699e-04
gmres iter 190 linear residual 3.703e-04
gmres iter 200 linear residual 2.855e-04
gmres iter 210 linear residual 2.437e-04
gmres iter 220 linear residual 2.040e-04
gmres iter 230 linear residual 1.751e-04
gmres iter 240 linear residual 1.438e-04
gmres iter 250 linear residual 1.254e-04
gmres iter 260 linear residual 1.112e-04
gmres iter 270 linear residual 9.881e-05
gmres iter 280 linear residual 8.593e-05
res 2.274e-03 (F-block 2.411e-03 p-block 1.992e-03) alpha 1 eta 1.00e-03 iter times 289
gmres iter 10 linear residual 2.225e-02
gmres iter 20 linear residual 9.734e-03
gmres iter 30 linear residual 5.939e-03
gmres iter 40 linear residual 4.159e-03
gmres iter 50 linear residual 3.245e-03
gmres iter 60 linear residual 2.801e-03
gmres iter 70 linear residual 2.507e-03
gmres iter 80 linear residual 2.496e-03
gmres iter 90 linear residual 2.472e-03
gmres iter 100 linear residual 2.411e-03
gmres iter 110 linear residual 2.204e-03
gmres iter 120 linear residual 1.789e-03
gmres iter 130 linear residual 1.187e-03
gmres iter 140 linear residual 6.777e-04
res 1.877e-04 (F-block 4.625e-05 p-block 3.406e-05) alpha 1 eta 1.00e-02 iter times 142
gmres iter 10 linear residual 3.780e-02
gmres iter 20 linear residual 2.626e-02
gmres iter 30 linear residual 2.261e-02
gmres iter 40 linear residual 2.016e-02
gmres iter 50 linear residual 1.841e-02
gmres iter 60 linear residual 1.655e-02
gmres iter 70 linear residual 1.447e-02
gmres iter 80 linear residual 1.146e-02
gmres iter 90 linear residual 9.091e-03
gmres iter 100 linear residual 6.196e-03
gmres iter 110 linear residual 4.766e-03
gmres iter 120 linear residual 3.709e-03
gmres iter 130 linear residual 2.709e-03
gmres iter 140 linear residual 1.971e-03
gmres iter 150 linear residual 1.344e-03
gmres iter 160 linear residual 1.032e-03
gmres iter 170 linear residual 8.163e-04
gmres iter 180 linear residual 7.002e-04
gmres iter 190 linear residual 6.113e-04
gmres iter 200 linear residual 4.981e-04
gmres iter 210 linear residual 4.484e-04
gmres iter 220 linear residual 4.094e-04
gmres iter 230 linear residual 3.716e-04
gmres iter 240 linear residual 3.329e-04
gmres iter 250 linear residual 2.750e-04
gmres iter 260 linear residual 2.280e-04
gmres iter 270 linear residual 1.763e-04
gmres iter 280 linear residual 1.426e-04
gmres iter 290 linear residual 1.066e-04
res 4.784e-05 (F-block 1.992e-06 p-block 1.626e-06) alpha 1 eta 1.00e-03 iter times 298
time this step...57.625547885894775
this increment is 0.021093749999999925 (target 0.30000000000000004) ------------------------
gmres iter 10 linear residual 8.489e-03
gmres iter 20 linear residual 2.490e-03
gmres iter 30 linear residual 1.971e-03
gmres iter 40 linear residual 9.873e-04
res 1.217e-02 (F-block 1.693e-02 p-block 2.350e-02) alpha 1 eta 1.00e-02 iter times 47
gmres iter 10 linear residual 5.548e-02
gmres iter 20 linear residual 3.373e-02
gmres iter 30 linear residual 2.187e-02
gmres iter 40 linear residual 1.378e-02
gmres iter 50 linear residual 8.286e-03
gmres iter 60 linear residual 5.505e-03
gmres iter 70 linear residual 3.984e-03
gmres iter 80 linear residual 2.946e-03
gmres iter 90 linear residual 2.173e-03
gmres iter 100 linear residual 1.629e-03
gmres iter 110 linear residual 1.361e-03
gmres iter 120 linear residual 1.158e-03
gmres iter 130 linear residual 9.765e-04
gmres iter 140 linear residual 8.165e-04
gmres iter 150 linear residual 6.357e-04
gmres iter 160 linear residual 5.114e-04
gmres iter 170 linear residual 3.859e-04
gmres iter 180 linear residual 2.982e-04
gmres iter 190 linear residual 2.402e-04
gmres iter 200 linear residual 2.036e-04
gmres iter 210 linear residual 1.834e-04
gmres iter 220 linear residual 1.649e-04
gmres iter 230 linear residual 1.485e-04
gmres iter 240 linear residual 1.314e-04
gmres iter 250 linear residual 1.186e-04
gmres iter 260 linear residual 1.076e-04
gmres iter 270 linear residual 9.561e-05
gmres iter 280 linear residual 7.839e-05
res 3.140e-03 (F-block 1.501e-03 p-block 1.511e-03) alpha 1 eta 1.00e-03 iter times 280
gmres iter 10 linear residual 2.611e-02
gmres iter 20 linear residual 1.308e-02
gmres iter 30 linear residual 8.771e-03
gmres iter 40 linear residual 6.787e-03
gmres iter 50 linear residual 5.550e-03
gmres iter 60 linear residual 4.636e-03
gmres iter 70 linear residual 3.682e-03
gmres iter 80 linear residual 2.794e-03
gmres iter 90 linear residual 2.009e-03
gmres iter 100 linear residual 1.538e-03
gmres iter 110 linear residual 1.381e-03
gmres iter 120 linear residual 1.264e-03
gmres iter 130 linear residual 1.138e-03
gmres iter 140 linear residual 1.011e-03
gmres iter 150 linear residual 8.235e-04
gmres iter 160 linear residual 6.038e-04
res 2.226e-04 (F-block 2.504e-05 p-block 1.763e-05) alpha 1 eta 4.87e-03 iter times 163
gmres iter 10 linear residual 3.202e-02
gmres iter 20 linear residual 2.062e-02
gmres iter 30 linear residual 1.831e-02
gmres iter 40 linear residual 1.707e-02
gmres iter 50 linear residual 1.580e-02
gmres iter 60 linear residual 1.471e-02
gmres iter 70 linear residual 1.237e-02
gmres iter 80 linear residual 1.001e-02
gmres iter 90 linear residual 8.421e-03
gmres iter 100 linear residual 7.231e-03
gmres iter 110 linear residual 6.654e-03
gmres iter 120 linear residual 5.765e-03
gmres iter 130 linear residual 4.822e-03
gmres iter 140 linear residual 4.071e-03
gmres iter 150 linear residual 3.582e-03
gmres iter 160 linear residual 3.184e-03
gmres iter 170 linear residual 2.610e-03
gmres iter 180 linear residual 1.946e-03
gmres iter 190 linear residual 1.443e-03
gmres iter 200 linear residual 1.021e-03
gmres iter 210 linear residual 7.913e-04
gmres iter 220 linear residual 6.379e-04
gmres iter 230 linear residual 5.481e-04
gmres iter 240 linear residual 5.215e-04
gmres iter 250 linear residual 4.984e-04
gmres iter 260 linear residual 4.718e-04
gmres iter 270 linear residual 4.269e-04
gmres iter 280 linear residual 3.486e-04
gmres iter 290 linear residual 2.774e-04
gmres iter 300 linear residual 2.315e-04
gmres iter 310 linear residual 2.106e-04
gmres iter 320 linear residual 1.832e-04
gmres iter 330 linear residual 1.415e-04
gmres iter 340 linear residual 1.220e-04
gmres iter 350 linear residual 1.115e-04
gmres iter 360 linear residual 1.061e-04
gmres iter 370 linear residual 9.750e-05
gmres iter 380 linear residual 9.124e-05
gmres iter 390 linear residual 8.638e-05
gmres iter 400 linear residual 7.964e-05
gmres iter 410 linear residual 7.334e-05
gmres iter 420 linear residual 6.160e-05
gmres iter 430 linear residual 3.946e-05
gmres iter 440 linear residual 2.957e-05
res 2.900e-05 (F-block 4.820e-07 p-block 3.361e-07) alpha 1 eta 1.00e-03 iter times 449
time this step...68.09432482719421
this increment is 0.03164062499999989 (target 0.30000000000000004) ------------------------
gmres iter 10 linear residual 8.811e-03
gmres iter 20 linear residual 2.553e-03
gmres iter 30 linear residual 2.047e-03
gmres iter 40 linear residual 1.120e-03
gmres iter 50 linear residual 7.701e-04
gmres iter 60 linear residual 7.637e-04
gmres iter 70 linear residual 6.504e-04
res 1.798e-02 (F-block 2.570e-02 p-block 2.692e-02) alpha 1 eta 1.00e-02 iter times 73
gmres iter 10 linear residual 4.220e-02
gmres iter 20 linear residual 2.539e-02
gmres iter 30 linear residual 1.686e-02
gmres iter 40 linear residual 1.079e-02
gmres iter 50 linear residual 6.929e-03
gmres iter 60 linear residual 4.682e-03
gmres iter 70 linear residual 3.474e-03
gmres iter 80 linear residual 2.614e-03
gmres iter 90 linear residual 2.003e-03
gmres iter 100 linear residual 1.555e-03
gmres iter 110 linear residual 1.328e-03
gmres iter 120 linear residual 1.161e-03
gmres iter 130 linear residual 1.038e-03
gmres iter 140 linear residual 9.227e-04
gmres iter 150 linear residual 7.834e-04
gmres iter 160 linear residual 6.436e-04
gmres iter 170 linear residual 5.088e-04
gmres iter 180 linear residual 4.308e-04
gmres iter 190 linear residual 3.734e-04
gmres iter 200 linear residual 3.417e-04
gmres iter 210 linear residual 3.239e-04
gmres iter 220 linear residual 3.075e-04
gmres iter 230 linear residual 2.930e-04
gmres iter 240 linear residual 2.787e-04
gmres iter 250 linear residual 2.676e-04
gmres iter 260 linear residual 2.558e-04
gmres iter 270 linear residual 2.464e-04
gmres iter 280 linear residual 2.352e-04
gmres iter 290 linear residual 2.267e-04
gmres iter 300 linear residual 2.185e-04
gmres iter 310 linear residual 2.126e-04
gmres iter 320 linear residual 2.060e-04
gmres iter 330 linear residual 2.001e-04
gmres iter 340 linear residual 1.949e-04
gmres iter 350 linear residual 1.912e-04
gmres iter 360 linear residual 1.854e-04
gmres iter 370 linear residual 1.769e-04
gmres iter 380 linear residual 1.715e-04
gmres iter 390 linear residual 1.680e-04
gmres iter 400 linear residual 1.647e-04
gmres iter 410 linear residual 1.634e-04
gmres iter 420 linear residual 1.612e-04
gmres iter 430 linear residual 1.587e-04
gmres iter 440 linear residual 1.580e-04
gmres iter 450 linear residual 1.573e-04
gmres iter 460 linear residual 1.566e-04
gmres iter 470 linear residual 1.560e-04
gmres iter 480 linear residual 1.551e-04
gmres iter 490 linear residual 1.546e-04
gmres iter 500 linear residual 1.539e-04
gmres iter 510 linear residual 1.537e-04
gmres iter 520 linear residual 1.533e-04
gmres iter 530 linear residual 1.530e-04
gmres iter 540 linear residual 1.529e-04
gmres iter 550 linear residual 1.527e-04
gmres iter 560 linear residual 1.522e-04
gmres iter 570 linear residual 1.518e-04
gmres iter 580 linear residual 1.512e-04
gmres iter 590 linear residual 1.508e-04
gmres iter 600 linear residual 1.508e-04
gmres iter 610 linear residual 1.508e-04
gmres iter 620 linear residual 1.508e-04
gmres iter 630 linear residual 1.507e-04
gmres iter 640 linear residual 1.505e-04
gmres iter 650 linear residual 1.504e-04
gmres iter 660 linear residual 1.501e-04
gmres iter 670 linear residual 1.495e-04
gmres iter 680 linear residual 1.485e-04
gmres iter 690 linear residual 1.477e-04
gmres iter 700 linear residual 1.473e-04
gmres iter 710 linear residual 1.472e-04
gmres iter 720 linear residual 1.471e-04
gmres iter 730 linear residual 1.467e-04
gmres iter 740 linear residual 1.460e-04
gmres iter 750 linear residual 1.452e-04
gmres iter 760 linear residual 1.449e-04
gmres iter 770 linear residual 1.446e-04
gmres iter 780 linear residual 1.441e-04
gmres iter 790 linear residual 1.437e-04
gmres iter 800 linear residual 1.432e-04
gmres iter 810 linear residual 1.432e-04
gmres iter 820 linear residual 1.432e-04
gmres iter 830 linear residual 1.431e-04
gmres iter 840 linear residual 1.428e-04
gmres iter 850 linear residual 1.421e-04
gmres iter 860 linear residual 1.414e-04
gmres iter 870 linear residual 1.404e-04
gmres iter 880 linear residual 1.401e-04
gmres iter 890 linear residual 1.395e-04
gmres iter 900 linear residual 1.387e-04
gmres iter 910 linear residual 1.387e-04
gmres iter 920 linear residual 1.385e-04
gmres iter 930 linear residual 1.383e-04
gmres iter 940 linear residual 1.383e-04
gmres iter 950 linear residual 1.382e-04
gmres iter 960 linear residual 1.381e-04
gmres iter 970 linear residual 1.380e-04
gmres iter 980 linear residual 1.378e-04
gmres iter 990 linear residual 1.375e-04
gmres iter 1000 linear residual 1.368e-04
linear solver hit the iteration cap (1000 iterations, flag 10)
increment failed (gmres_iteration_cap); cutting step to 0.01582
this increment is 0.015820312499999944 (target 0.30000000000000004) ------------------------
gmres iter 10 linear residual 8.486e-03
gmres iter 20 linear residual 2.488e-03
gmres iter 30 linear residual 1.969e-03
gmres iter 40 linear residual 9.726e-04
res 8.879e-03 (F-block 1.261e-02 p-block 2.362e-02) alpha 1 eta 1.00e-02 iter times 44
gmres iter 10 linear residual 7.000e-02
gmres iter 20 linear residual 4.627e-02
gmres iter 30 linear residual 2.945e-02
gmres iter 40 linear residual 1.813e-02
gmres iter 50 linear residual 1.079e-02
gmres iter 60 linear residual 7.406e-03
gmres iter 70 linear residual 5.509e-03
gmres iter 80 linear residual 4.022e-03
gmres iter 90 linear residual 2.966e-03
gmres iter 100 linear residual 2.220e-03
gmres iter 110 linear residual 1.859e-03
gmres iter 120 linear residual 1.588e-03
gmres iter 130 linear residual 1.345e-03
gmres iter 140 linear residual 1.139e-03
gmres iter 150 linear residual 9.104e-04
gmres iter 160 linear residual 7.562e-04
gmres iter 170 linear residual 5.836e-04
gmres iter 180 linear residual 4.691e-04
gmres iter 190 linear residual 3.922e-04
gmres iter 200 linear residual 3.369e-04
gmres iter 210 linear residual 3.041e-04
gmres iter 220 linear residual 2.760e-04
gmres iter 230 linear residual 2.531e-04
gmres iter 240 linear residual 2.293e-04
gmres iter 250 linear residual 2.104e-04
gmres iter 260 linear residual 1.908e-04
gmres iter 270 linear residual 1.717e-04
gmres iter 280 linear residual 1.492e-04
gmres iter 290 linear residual 1.346e-04
gmres iter 300 linear residual 1.219e-04
gmres iter 310 linear residual 1.128e-04
gmres iter 320 linear residual 1.047e-04
gmres iter 330 linear residual 9.704e-05
gmres iter 340 linear residual 9.143e-05
gmres iter 350 linear residual 8.714e-05
gmres iter 360 linear residual 8.094e-05
gmres iter 370 linear residual 7.244e-05
gmres iter 380 linear residual 6.858e-05
gmres iter 390 linear residual 6.593e-05
gmres iter 400 linear residual 6.353e-05
gmres iter 410 linear residual 6.101e-05
gmres iter 420 linear residual 5.748e-05
gmres iter 430 linear residual 5.405e-05
gmres iter 440 linear residual 5.197e-05
gmres iter 450 linear residual 4.951e-05
gmres iter 460 linear residual 4.550e-05
gmres iter 470 linear residual 3.916e-05
res 2.607e-03 (F-block 1.464e-03 p-block 1.484e-03) alpha 1 eta 1.00e-03 iter times 479
gmres iter 10 linear residual 2.681e-02
gmres iter 20 linear residual 1.511e-02
gmres iter 30 linear residual 9.461e-03
gmres iter 40 linear residual 6.359e-03
gmres iter 50 linear residual 4.732e-03
gmres iter 60 linear residual 3.882e-03
gmres iter 70 linear residual 3.162e-03
gmres iter 80 linear residual 2.635e-03
gmres iter 90 linear residual 2.151e-03
gmres iter 100 linear residual 1.740e-03
gmres iter 110 linear residual 1.622e-03
gmres iter 120 linear residual 1.562e-03
gmres iter 130 linear residual 1.522e-03
gmres iter 140 linear residual 1.446e-03
gmres iter 150 linear residual 1.258e-03
gmres iter 160 linear residual 9.668e-04
gmres iter 170 linear residual 7.013e-04
gmres iter 180 linear residual 5.426e-04
gmres iter 190 linear residual 4.684e-04
gmres iter 200 linear residual 4.223e-04
gmres iter 210 linear residual 3.820e-04
gmres iter 220 linear residual 3.380e-04
gmres iter 230 linear residual 3.087e-04
gmres iter 240 linear residual 2.822e-04
gmres iter 250 linear residual 2.503e-04
gmres iter 260 linear residual 2.211e-04
gmres iter 270 linear residual 1.995e-04
gmres iter 280 linear residual 1.830e-04
res 2.484e-04 (F-block 5.626e-05 p-block 4.416e-05) alpha 1 eta 5.45e-03 iter times 286
gmres iter 10 linear residual 2.422e-02
gmres iter 20 linear residual 1.243e-02
gmres iter 30 linear residual 7.457e-03
gmres iter 40 linear residual 5.189e-03
gmres iter 50 linear residual 4.437e-03
gmres iter 60 linear residual 4.138e-03
gmres iter 70 linear residual 3.905e-03
gmres iter 80 linear residual 3.600e-03
gmres iter 90 linear residual 3.260e-03
gmres iter 100 linear residual 2.784e-03
gmres iter 110 linear residual 2.709e-03
gmres iter 120 linear residual 2.682e-03
gmres iter 130 linear residual 2.673e-03
gmres iter 140 linear residual 2.657e-03
gmres iter 150 linear residual 2.569e-03
gmres iter 160 linear residual 2.262e-03
gmres iter 170 linear residual 1.854e-03
gmres iter 180 linear residual 1.330e-03
gmres iter 190 linear residual 1.009e-03
gmres iter 200 linear residual 8.259e-04
gmres iter 210 linear residual 7.514e-04
gmres iter 220 linear residual 6.869e-04
gmres iter 230 linear residual 6.298e-04
gmres iter 240 linear residual 5.623e-04
gmres iter 250 linear residual 4.647e-04
gmres iter 260 linear residual 3.982e-04
gmres iter 270 linear residual 3.586e-04
gmres iter 280 linear residual 3.372e-04
gmres iter 290 linear residual 3.231e-04
gmres iter 300 linear residual 3.092e-04
gmres iter 310 linear residual 2.977e-04
gmres iter 320 linear residual 2.843e-04
gmres iter 330 linear residual 2.459e-04
gmres iter 340 linear residual 2.086e-04
gmres iter 350 linear residual 1.723e-04
gmres iter 360 linear residual 1.386e-04
gmres iter 370 linear residual 1.190e-04
gmres iter 380 linear residual 1.000e-04
gmres iter 390 linear residual 8.628e-05
gmres iter 400 linear residual 7.129e-05
gmres iter 410 linear residual 6.400e-05
gmres iter 420 linear residual 5.886e-05
gmres iter 430 linear residual 5.381e-05
gmres iter 440 linear residual 5.028e-05
gmres iter 450 linear residual 4.764e-05
gmres iter 460 linear residual 4.442e-05
gmres iter 470 linear residual 4.088e-05
gmres iter 480 linear residual 3.660e-05
gmres iter 490 linear residual 3.470e-05
gmres iter 500 linear residual 3.319e-05
gmres iter 510 linear residual 3.041e-05
res 3.741e-05 (F-block 2.280e-06 p-block 1.780e-06) alpha 1 eta 1.06e-03 iter times 515
time this step...85.87543487548828
this increment is 0.015820312499999944 (target 0.30000000000000004) ------------------------
gmres iter 10 linear residual 8.558e-03
gmres iter 20 linear residual 2.500e-03
gmres iter 30 linear residual 1.983e-03
gmres iter 40 linear residual 9.866e-04
res 8.782e-03 (F-block 1.261e-02 p-block 2.356e-02) alpha 1 eta 1.00e-02 iter times 45
gmres iter 10 linear residual 7.021e-02
gmres iter 20 linear residual 4.657e-02
gmres iter 30 linear residual 2.966e-02
gmres iter 40 linear residual 1.830e-02
gmres iter 50 linear residual 1.099e-02
gmres iter 60 linear residual 7.604e-03
gmres iter 70 linear residual 5.674e-03
gmres iter 80 linear residual 4.201e-03
gmres iter 90 linear residual 3.103e-03
gmres iter 100 linear residual 2.341e-03
gmres iter 110 linear residual 1.984e-03
gmres iter 120 linear residual 1.717e-03
gmres iter 130 linear residual 1.486e-03
gmres iter 140 linear residual 1.288e-03
gmres iter 150 linear residual 1.066e-03
gmres iter 160 linear residual 8.896e-04
gmres iter 170 linear residual 7.120e-04
gmres iter 180 linear residual 5.971e-04
gmres iter 190 linear residual 5.163e-04
gmres iter 200 linear residual 4.504e-04
gmres iter 210 linear residual 4.123e-04
gmres iter 220 linear residual 3.870e-04
gmres iter 230 linear residual 3.642e-04
gmres iter 240 linear residual 3.436e-04
gmres iter 250 linear residual 3.222e-04
gmres iter 260 linear residual 3.016e-04
gmres iter 270 linear residual 2.831e-04
gmres iter 280 linear residual 2.635e-04
gmres iter 290 linear residual 2.504e-04
gmres iter 300 linear residual 2.343e-04
gmres iter 310 linear residual 2.213e-04
gmres iter 320 linear residual 2.129e-04
gmres iter 330 linear residual 2.069e-04
gmres iter 340 linear residual 2.000e-04
gmres iter 350 linear residual 1.920e-04
gmres iter 360 linear residual 1.808e-04
gmres iter 370 linear residual 1.693e-04
gmres iter 380 linear residual 1.646e-04
gmres iter 390 linear residual 1.586e-04
gmres iter 400 linear residual 1.471e-04
gmres iter 410 linear residual 1.401e-04
gmres iter 420 linear residual 1.356e-04
gmres iter 430 linear residual 1.322e-04
gmres iter 440 linear residual 1.295e-04
gmres iter 450 linear residual 1.257e-04
gmres iter 460 linear residual 1.213e-04
gmres iter 470 linear residual 1.193e-04
gmres iter 480 linear residual 1.179e-04
gmres iter 490 linear residual 1.158e-04
gmres iter 500 linear residual 1.117e-04
gmres iter 510 linear residual 1.092e-04
gmres iter 520 linear residual 1.080e-04
gmres iter 530 linear residual 1.065e-04
gmres iter 540 linear residual 1.042e-04
gmres iter 550 linear residual 1.009e-04
gmres iter 560 linear residual 9.858e-05
gmres iter 570 linear residual 9.679e-05
gmres iter 580 linear residual 9.358e-05
gmres iter 590 linear residual 8.856e-05
gmres iter 600 linear residual 8.406e-05
gmres iter 610 linear residual 8.156e-05
gmres iter 620 linear residual 8.019e-05
gmres iter 630 linear residual 7.901e-05
gmres iter 640 linear residual 7.707e-05
gmres iter 650 linear residual 7.518e-05
gmres iter 660 linear residual 7.422e-05
gmres iter 670 linear residual 7.374e-05
gmres iter 680 linear residual 7.311e-05
gmres iter 690 linear residual 7.225e-05
gmres iter 700 linear residual 7.127e-05
gmres iter 710 linear residual 7.084e-05
gmres iter 720 linear residual 7.057e-05
gmres iter 730 linear residual 7.002e-05
gmres iter 740 linear residual 6.899e-05
gmres iter 750 linear residual 6.792e-05
gmres iter 760 linear residual 6.722e-05
gmres iter 770 linear residual 6.663e-05
gmres iter 780 linear residual 6.533e-05
gmres iter 790 linear residual 6.277e-05
gmres iter 800 linear residual 6.079e-05
gmres iter 810 linear residual 6.026e-05
gmres iter 820 linear residual 5.978e-05
gmres iter 830 linear residual 5.912e-05
gmres iter 840 linear residual 5.825e-05
gmres iter 850 linear residual 5.745e-05
gmres iter 860 linear residual 5.701e-05
gmres iter 870 linear residual 5.686e-05
gmres iter 880 linear residual 5.662e-05
gmres iter 890 linear residual 5.641e-05
gmres iter 900 linear residual 5.620e-05
gmres iter 910 linear residual 5.613e-05
gmres iter 920 linear residual 5.606e-05
gmres iter 930 linear residual 5.587e-05
gmres iter 940 linear residual 5.543e-05
gmres iter 950 linear residual 5.495e-05
gmres iter 960 linear residual 5.475e-05
gmres iter 970 linear residual 5.429e-05
gmres iter 980 linear residual 5.316e-05
gmres iter 990 linear residual 5.174e-05
gmres iter 1000 linear residual 5.067e-05
linear solver hit the iteration cap (1000 iterations, flag 10)
increment failed (gmres_iteration_cap); cutting step to 0.00791
this increment is 0.007910156249999972 (target 0.30000000000000004) ------------------------
gmres iter 10 linear residual 8.386e-03
gmres iter 20 linear residual 2.480e-03
gmres iter 30 linear residual 1.960e-03
gmres iter 40 linear residual 9.566e-04
res 4.378e-03 (F-block 7.406e-03 p-block 2.135e-02) alpha 1 eta 1.00e-02 iter times 43
gmres iter 10 linear residual 1.078e-01
gmres iter 20 linear residual 7.696e-02
gmres iter 30 linear residual 4.523e-02
gmres iter 40 linear residual 2.624e-02
gmres iter 50 linear residual 1.665e-02
gmres iter 60 linear residual 1.219e-02
gmres iter 70 linear residual 9.134e-03
gmres iter 80 linear residual 6.715e-03
gmres iter 90 linear residual 4.993e-03
gmres iter 100 linear residual 3.811e-03
gmres iter 110 linear residual 3.228e-03
gmres iter 120 linear residual 2.821e-03
gmres iter 130 linear residual 2.440e-03
gmres iter 140 linear residual 2.085e-03
gmres iter 150 linear residual 1.678e-03
gmres iter 160 linear residual 1.359e-03
gmres iter 170 linear residual 1.052e-03
gmres iter 180 linear residual 8.401e-04
gmres iter 190 linear residual 7.153e-04
gmres iter 200 linear residual 6.062e-04
gmres iter 210 linear residual 5.482e-04
gmres iter 220 linear residual 5.030e-04
gmres iter 230 linear residual 4.683e-04
gmres iter 240 linear residual 4.290e-04
gmres iter 250 linear residual 3.959e-04
gmres iter 260 linear residual 3.594e-04
gmres iter 270 linear residual 3.264e-04
gmres iter 280 linear residual 2.993e-04
gmres iter 290 linear residual 2.769e-04
gmres iter 300 linear residual 2.446e-04
gmres iter 310 linear residual 2.220e-04
gmres iter 320 linear residual 2.092e-04
gmres iter 330 linear residual 1.995e-04
gmres iter 340 linear residual 1.888e-04
gmres iter 350 linear residual 1.757e-04
gmres iter 360 linear residual 1.555e-04
gmres iter 370 linear residual 1.377e-04
gmres iter 380 linear residual 1.307e-04
gmres iter 390 linear residual 1.233e-04
gmres iter 400 linear residual 1.111e-04
gmres iter 410 linear residual 1.029e-04
gmres iter 420 linear residual 9.701e-05
gmres iter 430 linear residual 9.156e-05
gmres iter 440 linear residual 8.782e-05
gmres iter 450 linear residual 8.215e-05
gmres iter 460 linear residual 7.578e-05
gmres iter 470 linear residual 7.302e-05
gmres iter 480 linear residual 7.083e-05
gmres iter 490 linear residual 6.794e-05
gmres iter 500 linear residual 6.235e-05
gmres iter 510 linear residual 5.885e-05
gmres iter 520 linear residual 5.636e-05
gmres iter 530 linear residual 5.481e-05
gmres iter 540 linear residual 5.235e-05
gmres iter 550 linear residual 4.814e-05
gmres iter 560 linear residual 4.533e-05
gmres iter 570 linear residual 4.333e-05
gmres iter 580 linear residual 4.099e-05
gmres iter 590 linear residual 3.707e-05
gmres iter 600 linear residual 3.113e-05
res 1.387e-03 (F-block 1.031e-03 p-block 9.831e-04) alpha 1 eta 1.00e-03 iter times 606
gmres iter 10 linear residual 2.578e-02
gmres iter 20 linear residual 1.481e-02
gmres iter 30 linear residual 8.995e-03
gmres iter 40 linear residual 5.564e-03
gmres iter 50 linear residual 3.845e-03
gmres iter 60 linear residual 3.160e-03
gmres iter 70 linear residual 2.718e-03
gmres iter 80 linear residual 2.400e-03
gmres iter 90 linear residual 2.024e-03
gmres iter 100 linear residual 1.640e-03
gmres iter 110 linear residual 1.535e-03
gmres iter 120 linear residual 1.488e-03
gmres iter 130 linear residual 1.469e-03
gmres iter 140 linear residual 1.431e-03
gmres iter 150 linear residual 1.312e-03
gmres iter 160 linear residual 1.082e-03
gmres iter 170 linear residual 8.160e-04
gmres iter 180 linear residual 6.339e-04
gmres iter 190 linear residual 5.281e-04
gmres iter 200 linear residual 4.671e-04
gmres iter 210 linear residual 4.419e-04
gmres iter 220 linear residual 4.281e-04
gmres iter 230 linear residual 4.135e-04
gmres iter 240 linear residual 3.949e-04
gmres iter 250 linear residual 3.636e-04
gmres iter 260 linear residual 3.226e-04
gmres iter 270 linear residual 2.816e-04
gmres iter 280 linear residual 2.433e-04
res 1.031e-04 (F-block 2.763e-05 p-block 2.078e-05) alpha 1 eta 3.57e-03 iter times 285
gmres iter 10 linear residual 2.241e-02
gmres iter 20 linear residual 1.172e-02
gmres iter 30 linear residual 7.913e-03
gmres iter 40 linear residual 6.687e-03
gmres iter 50 linear residual 6.354e-03
gmres iter 60 linear residual 6.238e-03
gmres iter 70 linear residual 6.034e-03
gmres iter 80 linear residual 5.621e-03
gmres iter 90 linear residual 5.018e-03
gmres iter 100 linear residual 4.165e-03
gmres iter 110 linear residual 3.987e-03
gmres iter 120 linear residual 3.926e-03
gmres iter 130 linear residual 3.896e-03
gmres iter 140 linear residual 3.871e-03
gmres iter 150 linear residual 3.794e-03
gmres iter 160 linear residual 3.558e-03
gmres iter 170 linear residual 3.141e-03
gmres iter 180 linear residual 2.371e-03
gmres iter 190 linear residual 1.716e-03
gmres iter 200 linear residual 1.213e-03
gmres iter 210 linear residual 9.952e-04
gmres iter 220 linear residual 8.348e-04
gmres iter 230 linear residual 7.204e-04
gmres iter 240 linear residual 6.722e-04
gmres iter 250 linear residual 6.355e-04
gmres iter 260 linear residual 6.078e-04
gmres iter 270 linear residual 5.684e-04
gmres iter 280 linear residual 5.052e-04
gmres iter 290 linear residual 4.586e-04
gmres iter 300 linear residual 4.217e-04
gmres iter 310 linear residual 3.984e-04
gmres iter 320 linear residual 3.705e-04
gmres iter 330 linear residual 3.330e-04
gmres iter 340 linear residual 3.174e-04
gmres iter 350 linear residual 3.052e-04
gmres iter 360 linear residual 2.906e-04
gmres iter 370 linear residual 2.669e-04
gmres iter 380 linear residual 2.171e-04
gmres iter 390 linear residual 1.903e-04
gmres iter 400 linear residual 1.787e-04
gmres iter 410 linear residual 1.749e-04
gmres iter 420 linear residual 1.680e-04
gmres iter 430 linear residual 1.486e-04
gmres iter 440 linear residual 1.342e-04
gmres iter 450 linear residual 1.291e-04
gmres iter 460 linear residual 1.258e-04
gmres iter 470 linear residual 1.178e-04
gmres iter 480 linear residual 1.094e-04
gmres iter 490 linear residual 1.005e-04
gmres iter 500 linear residual 9.478e-05
gmres iter 510 linear residual 9.170e-05
gmres iter 520 linear residual 8.732e-05
gmres iter 530 linear residual 8.094e-05
gmres iter 540 linear residual 7.490e-05
gmres iter 550 linear residual 7.122e-05
gmres iter 560 linear residual 6.928e-05
gmres iter 570 linear residual 6.554e-05
gmres iter 580 linear residual 5.804e-05
gmres iter 590 linear residual 4.919e-05
gmres iter 600 linear residual 4.486e-05
res 2.099e-05 (F-block 2.265e-06 p-block 1.639e-06) alpha 1 eta 1.00e-03 iter times 600
time this step...96.49635601043701
this increment is 0.007910156249999972 (target 0.30000000000000004) ------------------------
gmres iter 10 linear residual 8.417e-03
gmres iter 20 linear residual 2.485e-03
gmres iter 30 linear residual 1.966e-03
gmres iter 40 linear residual 9.639e-04
res 4.350e-03 (F-block 7.409e-03 p-block 2.150e-02) alpha 1 eta 1.00e-02 iter times 43
gmres iter 10 linear residual 1.085e-01
gmres iter 20 linear residual 7.760e-02
gmres iter 30 linear residual 4.560e-02
gmres iter 40 linear residual 2.655e-02
gmres iter 50 linear residual 1.702e-02
gmres iter 60 linear residual 1.253e-02
gmres iter 70 linear residual 9.436e-03
gmres iter 80 linear residual 6.911e-03
gmres iter 90 linear residual 5.165e-03
gmres iter 100 linear residual 3.976e-03
gmres iter 110 linear residual 3.392e-03
gmres iter 120 linear residual 2.989e-03
gmres iter 130 linear residual 2.615e-03
gmres iter 140 linear residual 2.254e-03
gmres iter 150 linear residual 1.860e-03
gmres iter 160 linear residual 1.502e-03
gmres iter 170 linear residual 1.177e-03
gmres iter 180 linear residual 9.619e-04
gmres iter 190 linear residual 8.255e-04
gmres iter 200 linear residual 7.125e-04
gmres iter 210 linear residual 6.522e-04
gmres iter 220 linear residual 6.101e-04
gmres iter 230 linear residual 5.766e-04
gmres iter 240 linear residual 5.384e-04
gmres iter 250 linear residual 5.003e-04
gmres iter 260 linear residual 4.622e-04
gmres iter 270 linear residual 4.298e-04
gmres iter 280 linear residual 4.029e-04
gmres iter 290 linear residual 3.755e-04
gmres iter 300 linear residual 3.332e-04
gmres iter 310 linear residual 3.051e-04
gmres iter 320 linear residual 2.908e-04
gmres iter 330 linear residual 2.814e-04
gmres iter 340 linear residual 2.689e-04
gmres iter 350 linear residual 2.510e-04
gmres iter 360 linear residual 2.262e-04
gmres iter 370 linear residual 2.093e-04
gmres iter 380 linear residual 2.013e-04
gmres iter 390 linear residual 1.885e-04
gmres iter 400 linear residual 1.647e-04
gmres iter 410 linear residual 1.543e-04
gmres iter 420 linear residual 1.488e-04
gmres iter 430 linear residual 1.431e-04
gmres iter 440 linear residual 1.366e-04
gmres iter 450 linear residual 1.285e-04
gmres iter 460 linear residual 1.225e-04
gmres iter 470 linear residual 1.199e-04
gmres iter 480 linear residual 1.171e-04
gmres iter 490 linear residual 1.120e-04
gmres iter 500 linear residual 1.062e-04
gmres iter 510 linear residual 1.039e-04
gmres iter 520 linear residual 1.021e-04
gmres iter 530 linear residual 9.893e-05
gmres iter 540 linear residual 9.315e-05
gmres iter 550 linear residual 8.929e-05
gmres iter 560 linear residual 8.723e-05
gmres iter 570 linear residual 8.241e-05
gmres iter 580 linear residual 7.565e-05
gmres iter 590 linear residual 6.906e-05
gmres iter 600 linear residual 6.284e-05
gmres iter 610 linear residual 5.999e-05
gmres iter 620 linear residual 5.834e-05
gmres iter 630 linear residual 5.615e-05
gmres iter 640 linear residual 5.181e-05
res 1.489e-03 (F-block 1.824e-03 p-block 1.530e-03) alpha 1 eta 1.00e-03 iter times 647
gmres iter 10 linear residual 2.383e-02
gmres iter 20 linear residual 1.325e-02
gmres iter 30 linear residual 7.824e-03
gmres iter 40 linear residual 4.523e-03
gmres iter 50 linear residual 2.886e-03
gmres iter 60 linear residual 2.353e-03
gmres iter 70 linear residual 2.218e-03
gmres iter 80 linear residual 2.116e-03
gmres iter 90 linear residual 2.027e-03
gmres iter 100 linear residual 1.850e-03
gmres iter 110 linear residual 1.441e-03
gmres iter 120 linear residual 9.748e-04
gmres iter 130 linear residual 8.197e-04
gmres iter 140 linear residual 7.298e-04
gmres iter 150 linear residual 6.583e-04
gmres iter 160 linear residual 5.901e-04
gmres iter 170 linear residual 5.693e-04
gmres iter 180 linear residual 5.550e-04
gmres iter 190 linear residual 5.517e-04
gmres iter 200 linear residual 5.364e-04
gmres iter 210 linear residual 4.945e-04
gmres iter 220 linear residual 4.237e-04
gmres iter 230 linear residual 3.255e-04
gmres iter 240 linear residual 2.692e-04
gmres iter 250 linear residual 2.321e-04
res 1.693e-04 (F-block 1.122e-04 p-block 8.212e-05) alpha 1 eta 9.86e-03 iter times 253
gmres iter 10 linear residual 2.144e-02
gmres iter 20 linear residual 1.091e-02
gmres iter 30 linear residual 6.437e-03
gmres iter 40 linear residual 4.064e-03
gmres iter 50 linear residual 3.170e-03
gmres iter 60 linear residual 2.918e-03
gmres iter 70 linear residual 2.772e-03
gmres iter 80 linear residual 2.636e-03
gmres iter 90 linear residual 2.407e-03
gmres iter 100 linear residual 2.096e-03
gmres iter 110 linear residual 2.061e-03
gmres iter 120 linear residual 2.046e-03
gmres iter 130 linear residual 2.034e-03
gmres iter 140 linear residual 2.010e-03
gmres iter 150 linear residual 1.987e-03
gmres iter 160 linear residual 1.890e-03
gmres iter 170 linear residual 1.696e-03
gmres iter 180 linear residual 1.346e-03
gmres iter 190 linear residual 9.570e-04
gmres iter 200 linear residual 7.081e-04
gmres iter 210 linear residual 6.595e-04
gmres iter 220 linear residual 6.222e-04
gmres iter 230 linear residual 5.996e-04
gmres iter 240 linear residual 5.724e-04
gmres iter 250 linear residual 5.423e-04
gmres iter 260 linear residual 5.122e-04
gmres iter 270 linear residual 4.647e-04
gmres iter 280 linear residual 4.237e-04
gmres iter 290 linear residual 3.835e-04
gmres iter 300 linear residual 3.541e-04
gmres iter 310 linear residual 3.445e-04
gmres iter 320 linear residual 3.297e-04
gmres iter 330 linear residual 3.170e-04
gmres iter 340 linear residual 3.016e-04
gmres iter 350 linear residual 2.837e-04
gmres iter 360 linear residual 2.629e-04
gmres iter 370 linear residual 2.057e-04
gmres iter 380 linear residual 1.733e-04
gmres iter 390 linear residual 1.537e-04
res 4.236e-05 (F-block 1.165e-05 p-block 8.330e-06) alpha 1 eta 3.07e-03 iter times 390
gmres iter 10 linear residual 2.026e-02
gmres iter 20 linear residual 9.269e-03
gmres iter 30 linear residual 5.835e-03
gmres iter 40 linear residual 2.866e-03
gmres iter 50 linear residual 2.161e-03
gmres iter 60 linear residual 1.686e-03
gmres iter 70 linear residual 1.482e-03
gmres iter 80 linear residual 1.431e-03
gmres iter 90 linear residual 1.365e-03
gmres iter 100 linear residual 1.266e-03
gmres iter 110 linear residual 1.168e-03
gmres iter 120 linear residual 1.067e-03
gmres iter 130 linear residual 1.005e-03
gmres iter 140 linear residual 8.855e-04
gmres iter 150 linear residual 8.112e-04
gmres iter 160 linear residual 7.874e-04
gmres iter 170 linear residual 7.805e-04
gmres iter 180 linear residual 7.700e-04
gmres iter 190 linear residual 7.542e-04
gmres iter 200 linear residual 7.029e-04
gmres iter 210 linear residual 5.873e-04
gmres iter 220 linear residual 5.002e-04
gmres iter 230 linear residual 4.553e-04
gmres iter 240 linear residual 4.051e-04
res 2.883e-06 (F-block 1.115e-07 p-block 5.447e-08) alpha 1 eta 9.55e-03 iter times 244
time this step...98.49475431442261
this increment is 0.007910156249999972 (target 0.30000000000000004) ------------------------
gmres iter 10 linear residual 8.448e-03
gmres iter 20 linear residual 2.491e-03
gmres iter 30 linear residual 1.973e-03
gmres iter 40 linear residual 9.729e-04
res 4.322e-03 (F-block 7.415e-03 p-block 2.165e-02) alpha 1 eta 1.00e-02 iter times 43
gmres iter 10 linear residual 1.093e-01
gmres iter 20 linear residual 7.839e-02
gmres iter 30 linear residual 4.615e-02
gmres iter 40 linear residual 2.694e-02
gmres iter 50 linear residual 1.750e-02
gmres iter 60 linear residual 1.293e-02
gmres iter 70 linear residual 9.744e-03
gmres iter 80 linear residual 7.164e-03
gmres iter 90 linear residual 5.385e-03
gmres iter 100 linear residual 4.198e-03
gmres iter 110 linear residual 3.605e-03
gmres iter 120 linear residual 3.196e-03
gmres iter 130 linear residual 2.829e-03
gmres iter 140 linear residual 2.478e-03
gmres iter 150 linear residual 2.110e-03
gmres iter 160 linear residual 1.696e-03
gmres iter 170 linear residual 1.345e-03
gmres iter 180 linear residual 1.118e-03
gmres iter 190 linear residual 9.600e-04
gmres iter 200 linear residual 8.474e-04
gmres iter 210 linear residual 7.852e-04
gmres iter 220 linear residual 7.460e-04
gmres iter 230 linear residual 7.105e-04
gmres iter 240 linear residual 6.702e-04
gmres iter 250 linear residual 6.267e-04
gmres iter 260 linear residual 5.858e-04
gmres iter 270 linear residual 5.527e-04
gmres iter 280 linear residual 5.205e-04
gmres iter 290 linear residual 4.859e-04
gmres iter 300 linear residual 4.271e-04
gmres iter 310 linear residual 3.921e-04
gmres iter 320 linear residual 3.746e-04
gmres iter 330 linear residual 3.639e-04
gmres iter 340 linear residual 3.451e-04
gmres iter 350 linear residual 3.196e-04
gmres iter 360 linear residual 2.997e-04
gmres iter 370 linear residual 2.865e-04
gmres iter 380 linear residual 2.740e-04
gmres iter 390 linear residual 2.451e-04
gmres iter 400 linear residual 2.147e-04
gmres iter 410 linear residual 2.033e-04
gmres iter 420 linear residual 1.984e-04
gmres iter 430 linear residual 1.903e-04
gmres iter 440 linear residual 1.797e-04
gmres iter 450 linear residual 1.687e-04
gmres iter 460 linear residual 1.624e-04
gmres iter 470 linear residual 1.587e-04
gmres iter 480 linear residual 1.532e-04
gmres iter 490 linear residual 1.445e-04
gmres iter 500 linear residual 1.385e-04
gmres iter 510 linear residual 1.359e-04
gmres iter 520 linear residual 1.339e-04
gmres iter 530 linear residual 1.283e-04
gmres iter 540 linear residual 1.197e-04
gmres iter 550 linear residual 1.154e-04
gmres iter 560 linear residual 1.117e-04
gmres iter 570 linear residual 1.028e-04
gmres iter 580 linear residual 9.239e-05
gmres iter 590 linear residual 8.582e-05
gmres iter 600 linear residual 7.929e-05
gmres iter 610 linear residual 7.644e-05
gmres iter 620 linear residual 7.414e-05
gmres iter 630 linear residual 7.020e-05
gmres iter 640 linear residual 6.431e-05
gmres iter 650 linear residual 6.140e-05
gmres iter 660 linear residual 5.961e-05
res 1.576e-03 (F-block 2.514e-03 p-block 2.049e-03) alpha 1 eta 1.00e-03 iter times 661
gmres iter 10 linear residual 2.316e-02
gmres iter 20 linear residual 1.246e-02
gmres iter 30 linear residual 7.204e-03
gmres iter 40 linear residual 4.050e-03
gmres iter 50 linear residual 2.507e-03
gmres iter 60 linear residual 2.217e-03
gmres iter 70 linear residual 2.100e-03
gmres iter 80 linear residual 1.981e-03
gmres iter 90 linear residual 1.861e-03
gmres iter 100 linear residual 1.469e-03
gmres iter 110 linear residual 1.087e-03
gmres iter 120 linear residual 9.226e-04
gmres iter 130 linear residual 7.861e-04
gmres iter 140 linear residual 6.957e-04
res 1.587e-04 (F-block 1.222e-04 p-block 8.269e-05) alpha 1 eta 1.00e-02 iter times 149
gmres iter 10 linear residual 1.969e-02
gmres iter 20 linear residual 1.163e-02
gmres iter 30 linear residual 9.949e-03
gmres iter 40 linear residual 9.538e-03
gmres iter 50 linear residual 9.402e-03
gmres iter 60 linear residual 9.327e-03
gmres iter 70 linear residual 8.990e-03
gmres iter 80 linear residual 8.161e-03
gmres iter 90 linear residual 6.900e-03
gmres iter 100 linear residual 5.666e-03
gmres iter 110 linear residual 5.486e-03
gmres iter 120 linear residual 5.331e-03
gmres iter 130 linear residual 5.216e-03
gmres iter 140 linear residual 5.067e-03
gmres iter 150 linear residual 4.890e-03
gmres iter 160 linear residual 4.386e-03
gmres iter 170 linear residual 3.719e-03
gmres iter 180 linear residual 2.840e-03
gmres iter 190 linear residual 2.107e-03
gmres iter 200 linear residual 1.604e-03
gmres iter 210 linear residual 1.447e-03
gmres iter 220 linear residual 1.333e-03
gmres iter 230 linear residual 1.223e-03
gmres iter 240 linear residual 1.145e-03
gmres iter 250 linear residual 1.071e-03
gmres iter 260 linear residual 9.930e-04
gmres iter 270 linear residual 9.510e-04
gmres iter 280 linear residual 9.124e-04
gmres iter 290 linear residual 8.736e-04
gmres iter 300 linear residual 7.919e-04
gmres iter 310 linear residual 7.431e-04
gmres iter 320 linear residual 7.107e-04
gmres iter 330 linear residual 6.816e-04
gmres iter 340 linear residual 6.526e-04
gmres iter 350 linear residual 6.071e-04
gmres iter 360 linear residual 5.123e-04
gmres iter 370 linear residual 3.524e-04
gmres iter 380 linear residual 2.400e-04
gmres iter 390 linear residual 1.850e-04
gmres iter 400 linear residual 1.476e-04
res 1.133e-04 (F-block 6.466e-05 p-block 4.794e-05) alpha 1 eta 1.86e-03 iter times 400
gmres iter 10 linear residual 2.141e-02
gmres iter 20 linear residual 1.016e-02
gmres iter 30 linear residual 6.201e-03
gmres iter 40 linear residual 3.019e-03
gmres iter 50 linear residual 2.179e-03
gmres iter 60 linear residual 1.447e-03
gmres iter 70 linear residual 1.119e-03
gmres iter 80 linear residual 1.066e-03
gmres iter 90 linear residual 1.018e-03
gmres iter 100 linear residual 9.415e-04
gmres iter 110 linear residual 8.559e-04
gmres iter 120 linear residual 7.329e-04
gmres iter 130 linear residual 6.690e-04
gmres iter 140 linear residual 5.965e-04
gmres iter 150 linear residual 5.621e-04
gmres iter 160 linear residual 5.423e-04
gmres iter 170 linear residual 5.359e-04
gmres iter 180 linear residual 5.276e-04
gmres iter 190 linear residual 4.911e-04
gmres iter 200 linear residual 4.428e-04
gmres iter 210 linear residual 3.758e-04
gmres iter 220 linear residual 3.099e-04
gmres iter 230 linear residual 2.239e-04
res 7.899e-06 (F-block 4.862e-07 p-block 3.145e-07) alpha 1 eta 1.00e-02 iter times 238
time this step...93.34324264526367
this increment is 0.007910156249999972 (target 0.30000000000000004) ------------------------
gmres iter 10 linear residual 8.478e-03
gmres iter 20 linear residual 2.497e-03
gmres iter 30 linear residual 1.980e-03
gmres iter 40 linear residual 9.841e-04
res 4.304e-03 (F-block 7.287e-03 p-block 2.120e-02) alpha 1 eta 1.00e-02 iter times 44
gmres iter 10 linear residual 1.081e-01
gmres iter 20 linear residual 7.903e-02
gmres iter 30 linear residual 4.700e-02
gmres iter 40 linear residual 2.763e-02
gmres iter 50 linear residual 1.804e-02
gmres iter 60 linear residual 1.342e-02
gmres iter 70 linear residual 1.012e-02
gmres iter 80 linear residual 7.464e-03
gmres iter 90 linear residual 5.690e-03
gmres iter 100 linear residual 4.495e-03
gmres iter 110 linear residual 3.887e-03
gmres iter 120 linear residual 3.477e-03
gmres iter 130 linear residual 3.091e-03
gmres iter 140 linear residual 2.738e-03
gmres iter 150 linear residual 2.353e-03
gmres iter 160 linear residual 1.907e-03
gmres iter 170 linear residual 1.511e-03
gmres iter 180 linear residual 1.267e-03
gmres iter 190 linear residual 1.087e-03
gmres iter 200 linear residual 9.717e-04
gmres iter 210 linear residual 9.062e-04
gmres iter 220 linear residual 8.635e-04
gmres iter 230 linear residual 8.227e-04
gmres iter 240 linear residual 7.709e-04
gmres iter 250 linear residual 7.108e-04
gmres iter 260 linear residual 6.632e-04
gmres iter 270 linear residual 6.223e-04
gmres iter 280 linear residual 5.773e-04
gmres iter 290 linear residual 5.275e-04
gmres iter 300 linear residual 4.439e-04
gmres iter 310 linear residual 4.051e-04
gmres iter 320 linear residual 3.832e-04
gmres iter 330 linear residual 3.654e-04
gmres iter 340 linear residual 3.331e-04
gmres iter 350 linear residual 3.064e-04
gmres iter 360 linear residual 2.896e-04
gmres iter 370 linear residual 2.768e-04
gmres iter 380 linear residual 2.577e-04
gmres iter 390 linear residual 2.210e-04
gmres iter 400 linear residual 1.938e-04
gmres iter 410 linear residual 1.848e-04
gmres iter 420 linear residual 1.799e-04
gmres iter 430 linear residual 1.703e-04
gmres iter 440 linear residual 1.568e-04
gmres iter 450 linear residual 1.472e-04
gmres iter 460 linear residual 1.421e-04
gmres iter 470 linear residual 1.373e-04
gmres iter 480 linear residual 1.290e-04
gmres iter 490 linear residual 1.156e-04
gmres iter 500 linear residual 1.089e-04
gmres iter 510 linear residual 1.064e-04
gmres iter 520 linear residual 1.037e-04
gmres iter 530 linear residual 9.660e-05
gmres iter 540 linear residual 8.680e-05
gmres iter 550 linear residual 8.242e-05
gmres iter 560 linear residual 7.930e-05
res 1.572e-03 (F-block 1.935e-03 p-block 1.751e-03) alpha 1 eta 1.00e-03 iter times 567
gmres iter 10 linear residual 2.485e-02
gmres iter 20 linear residual 1.350e-02
gmres iter 30 linear residual 7.676e-03
gmres iter 40 linear residual 4.563e-03
gmres iter 50 linear residual 3.089e-03
gmres iter 60 linear residual 2.492e-03
gmres iter 70 linear residual 2.391e-03
gmres iter 80 linear residual 2.360e-03
gmres iter 90 linear residual 2.319e-03
gmres iter 100 linear residual 2.214e-03
gmres iter 110 linear residual 1.998e-03
gmres iter 120 linear residual 1.558e-03
gmres iter 130 linear residual 1.121e-03
gmres iter 140 linear residual 9.535e-04
gmres iter 150 linear residual 8.039e-04
gmres iter 160 linear residual 6.747e-04
res 1.365e-04 (F-block 7.584e-05 p-block 5.274e-05) alpha 1 eta 1.00e-02 iter times 162
gmres iter 10 linear residual 2.108e-02
gmres iter 20 linear residual 1.426e-02
gmres iter 30 linear residual 1.309e-02
gmres iter 40 linear residual 1.286e-02
gmres iter 50 linear residual 1.269e-02
gmres iter 60 linear residual 1.246e-02
gmres iter 70 linear residual 1.181e-02
gmres iter 80 linear residual 1.040e-02
gmres iter 90 linear residual 8.589e-03
gmres iter 100 linear residual 6.815e-03
gmres iter 110 linear residual 6.628e-03
gmres iter 120 linear residual 6.424e-03
gmres iter 130 linear residual 6.305e-03
gmres iter 140 linear residual 6.135e-03
gmres iter 150 linear residual 5.806e-03
gmres iter 160 linear residual 5.253e-03
gmres iter 170 linear residual 4.449e-03
gmres iter 180 linear residual 3.326e-03
gmres iter 190 linear residual 2.437e-03
gmres iter 200 linear residual 1.885e-03
gmres iter 210 linear residual 1.687e-03
gmres iter 220 linear residual 1.514e-03
gmres iter 230 linear residual 1.375e-03
gmres iter 240 linear residual 1.285e-03
gmres iter 250 linear residual 1.217e-03
gmres iter 260 linear residual 1.151e-03
gmres iter 270 linear residual 1.119e-03
gmres iter 280 linear residual 1.101e-03
gmres iter 290 linear residual 1.063e-03
gmres iter 300 linear residual 9.566e-04
gmres iter 310 linear residual 8.614e-04
gmres iter 320 linear residual 8.086e-04
gmres iter 330 linear residual 7.787e-04
gmres iter 340 linear residual 7.345e-04
gmres iter 350 linear residual 6.497e-04
gmres iter 360 linear residual 5.596e-04
gmres iter 370 linear residual 4.947e-04
gmres iter 380 linear residual 4.444e-04
gmres iter 390 linear residual 3.252e-04
gmres iter 400 linear residual 1.996e-04
gmres iter 410 linear residual 1.632e-04
gmres iter 420 linear residual 1.436e-04
gmres iter 430 linear residual 1.356e-04
gmres iter 440 linear residual 1.280e-04
gmres iter 450 linear residual 1.173e-04
gmres iter 460 linear residual 1.099e-04
gmres iter 470 linear residual 1.060e-04
gmres iter 480 linear residual 1.022e-04
gmres iter 490 linear residual 9.921e-05
gmres iter 500 linear residual 9.365e-05
gmres iter 510 linear residual 8.811e-05
gmres iter 520 linear residual 8.418e-05
gmres iter 530 linear residual 8.144e-05
gmres iter 540 linear residual 7.711e-05
gmres iter 550 linear residual 6.283e-05
gmres iter 560 linear residual 4.402e-05
gmres iter 570 linear residual 2.873e-05
res 7.273e-05 (F-block 1.775e-05 p-block 1.366e-05) alpha 1 eta 1.13e-03 iter times 575
gmres iter 10 linear residual 2.223e-02
gmres iter 20 linear residual 1.086e-02
gmres iter 30 linear residual 6.209e-03
gmres iter 40 linear residual 3.210e-03
gmres iter 50 linear residual 2.317e-03
gmres iter 60 linear residual 1.876e-03
gmres iter 70 linear residual 1.650e-03
gmres iter 80 linear residual 1.538e-03
gmres iter 90 linear residual 1.382e-03
gmres iter 100 linear residual 1.157e-03
gmres iter 110 linear residual 1.080e-03
gmres iter 120 linear residual 9.593e-04
gmres iter 130 linear residual 8.124e-04
gmres iter 140 linear residual 6.354e-04
gmres iter 150 linear residual 5.725e-04
gmres iter 160 linear residual 5.378e-04
gmres iter 170 linear residual 5.249e-04
gmres iter 180 linear residual 5.152e-04
gmres iter 190 linear residual 4.956e-04
gmres iter 200 linear residual 4.516e-04
gmres iter 210 linear residual 3.762e-04
gmres iter 220 linear residual 3.177e-04
gmres iter 230 linear residual 2.645e-04
gmres iter 240 linear residual 2.143e-04
res 1.903e-06 (F-block 4.434e-08 p-block 3.434e-08) alpha 1 eta 1.00e-02 iter times 242
time this step...99.76235365867615
this increment is 0.007910156249999972 (target 0.30000000000000004) ------------------------
gmres iter 10 linear residual 8.508e-03
gmres iter 20 linear residual 2.504e-03
gmres iter 30 linear residual 1.987e-03
gmres iter 40 linear residual 9.979e-04
res 4.276e-03 (F-block 7.296e-03 p-block 2.140e-02) alpha 1 eta 1.00e-02 iter times 44
gmres iter 10 linear residual 1.093e-01
gmres iter 20 linear residual 8.053e-02
gmres iter 30 linear residual 4.768e-02
gmres iter 40 linear residual 2.818e-02
gmres iter 50 linear residual 1.879e-02
gmres iter 60 linear residual 1.390e-02
gmres iter 70 linear residual 1.046e-02
gmres iter 80 linear residual 7.757e-03
gmres iter 90 linear residual 5.962e-03
gmres iter 100 linear residual 4.754e-03
gmres iter 110 linear residual 4.127e-03
gmres iter 120 linear residual 3.689e-03
gmres iter 130 linear residual 3.288e-03
gmres iter 140 linear residual 2.917e-03
gmres iter 150 linear residual 2.524e-03
gmres iter 160 linear residual 2.051e-03
gmres iter 170 linear residual 1.625e-03
gmres iter 180 linear residual 1.355e-03
gmres iter 190 linear residual 1.139e-03
gmres iter 200 linear residual 1.012e-03
gmres iter 210 linear residual 9.393e-04
gmres iter 220 linear residual 8.926e-04
gmres iter 230 linear residual 8.444e-04
gmres iter 240 linear residual 7.847e-04
gmres iter 250 linear residual 7.125e-04
gmres iter 260 linear residual 6.543e-04
gmres iter 270 linear residual 6.042e-04
gmres iter 280 linear residual 5.550e-04
gmres iter 290 linear residual 4.893e-04
gmres iter 300 linear residual 4.143e-04
gmres iter 310 linear residual 3.808e-04
gmres iter 320 linear residual 3.602e-04
gmres iter 330 linear residual 3.366e-04
gmres iter 340 linear residual 2.954e-04
gmres iter 350 linear residual 2.729e-04
gmres iter 360 linear residual 2.601e-04
gmres iter 370 linear residual 2.459e-04
gmres iter 380 linear residual 2.192e-04
gmres iter 390 linear residual 1.909e-04
gmres iter 400 linear residual 1.717e-04
gmres iter 410 linear residual 1.661e-04
gmres iter 420 linear residual 1.617e-04
gmres iter 430 linear residual 1.523e-04
gmres iter 440 linear residual 1.407e-04
gmres iter 450 linear residual 1.335e-04
gmres iter 460 linear residual 1.295e-04
gmres iter 470 linear residual 1.230e-04
gmres iter 480 linear residual 1.135e-04
gmres iter 490 linear residual 1.019e-04
gmres iter 500 linear residual 9.616e-05
gmres iter 510 linear residual 9.341e-05
gmres iter 520 linear residual 9.065e-05
gmres iter 530 linear residual 8.380e-05
gmres iter 540 linear residual 7.526e-05
gmres iter 550 linear residual 7.235e-05
gmres iter 560 linear residual 6.968e-05
res 1.582e-03 (F-block 1.598e-03 p-block 1.636e-03) alpha 1 eta 1.00e-03 iter times 562
gmres iter 10 linear residual 2.677e-02
gmres iter 20 linear residual 1.462e-02
gmres iter 30 linear residual 8.339e-03
gmres iter 40 linear residual 5.283e-03
gmres iter 50 linear residual 3.850e-03
gmres iter 60 linear residual 3.198e-03
gmres iter 70 linear residual 2.902e-03
gmres iter 80 linear residual 2.691e-03
gmres iter 90 linear residual 2.423e-03
gmres iter 100 linear residual 2.264e-03
gmres iter 110 linear residual 2.207e-03
gmres iter 120 linear residual 2.162e-03
gmres iter 130 linear residual 2.117e-03
gmres iter 140 linear residual 2.035e-03
gmres iter 150 linear residual 1.802e-03
gmres iter 160 linear residual 1.386e-03
gmres iter 170 linear residual 1.009e-03
gmres iter 180 linear residual 7.254e-04
gmres iter 190 linear residual 5.603e-04
res 1.292e-04 (F-block 5.008e-05 p-block 3.700e-05) alpha 1 eta 9.21e-03 iter times 190
gmres iter 10 linear residual 2.435e-02
gmres iter 20 linear residual 1.603e-02
gmres iter 30 linear residual 1.423e-02
gmres iter 40 linear residual 1.378e-02
gmres iter 50 linear residual 1.349e-02
gmres iter 60 linear residual 1.308e-02
gmres iter 70 linear residual 1.226e-02
gmres iter 80 linear residual 1.098e-02
gmres iter 90 linear residual 9.609e-03
gmres iter 100 linear residual 8.198e-03
gmres iter 110 linear residual 7.927e-03
gmres iter 120 linear residual 7.784e-03
gmres iter 130 linear residual 7.605e-03
gmres iter 140 linear residual 7.364e-03
gmres iter 150 linear residual 6.999e-03
gmres iter 160 linear residual 6.273e-03
gmres iter 170 linear residual 5.406e-03
gmres iter 180 linear residual 3.840e-03
gmres iter 190 linear residual 2.603e-03
gmres iter 200 linear residual 2.050e-03
gmres iter 210 linear residual 1.904e-03
gmres iter 220 linear residual 1.835e-03
gmres iter 230 linear residual 1.787e-03
gmres iter 240 linear residual 1.722e-03
gmres iter 250 linear residual 1.620e-03
gmres iter 260 linear residual 1.489e-03
gmres iter 270 linear residual 1.382e-03
gmres iter 280 linear residual 1.257e-03
gmres iter 290 linear residual 1.161e-03
gmres iter 300 linear residual 1.082e-03
gmres iter 310 linear residual 1.050e-03
gmres iter 320 linear residual 1.010e-03
gmres iter 330 linear residual 9.466e-04
gmres iter 340 linear residual 8.988e-04
gmres iter 350 linear residual 8.676e-04
gmres iter 360 linear residual 8.249e-04
gmres iter 370 linear residual 6.517e-04
gmres iter 380 linear residual 4.556e-04
gmres iter 390 linear residual 3.488e-04
gmres iter 400 linear residual 2.835e-04
gmres iter 410 linear residual 2.596e-04
gmres iter 420 linear residual 2.437e-04
gmres iter 430 linear residual 2.175e-04
gmres iter 440 linear residual 1.905e-04
gmres iter 450 linear residual 1.767e-04
gmres iter 460 linear residual 1.696e-04
gmres iter 470 linear residual 1.571e-04
gmres iter 480 linear residual 1.477e-04
gmres iter 490 linear residual 1.399e-04
gmres iter 500 linear residual 1.316e-04
gmres iter 510 linear residual 1.295e-04
gmres iter 520 linear residual 1.265e-04
gmres iter 530 linear residual 1.225e-04
gmres iter 540 linear residual 1.144e-04
gmres iter 550 linear residual 1.079e-04
gmres iter 560 linear residual 1.031e-04
gmres iter 570 linear residual 9.207e-05
gmres iter 580 linear residual 7.374e-05
res 4.452e-05 (F-block 3.228e-06 p-block 2.951e-06) alpha 1 eta 1.00e-03 iter times 580
time this step...85.9529058933258
this increment is 9.765625000041078e-05 (target 0.30000000000000004) ------------------------
gmres iter 10 linear residual 8.347e-03
gmres iter 20 linear residual 2.500e-03
gmres iter 30 linear residual 1.981e-03
gmres iter 40 linear residual 1.000e-03
res 5.254e-05 (F-block 6.514e-03 p-block 1.882e-02) alpha 1 eta 1.00e-02 iter times 44
gmres iter 10 linear residual 8.248e-02
gmres iter 20 linear residual 6.894e-02
gmres iter 30 linear residual 4.728e-02
gmres iter 40 linear residual 2.534e-02
gmres iter 50 linear residual 1.564e-02
gmres iter 60 linear residual 1.323e-02
gmres iter 70 linear residual 1.069e-02
gmres iter 80 linear residual 8.303e-03
gmres iter 90 linear residual 6.505e-03
gmres iter 100 linear residual 5.216e-03
gmres iter 110 linear residual 4.476e-03
gmres iter 120 linear residual 3.983e-03
gmres iter 130 linear residual 3.522e-03
gmres iter 140 linear residual 3.120e-03
gmres iter 150 linear residual 2.704e-03
gmres iter 160 linear residual 2.112e-03
gmres iter 170 linear residual 1.625e-03
gmres iter 180 linear residual 1.276e-03
gmres iter 190 linear residual 1.002e-03
gmres iter 200 linear residual 8.491e-04
gmres iter 210 linear residual 7.745e-04
gmres iter 220 linear residual 7.262e-04
gmres iter 230 linear residual 6.724e-04
gmres iter 240 linear residual 6.141e-04
gmres iter 250 linear residual 5.428e-04
gmres iter 260 linear residual 4.845e-04
gmres iter 270 linear residual 4.366e-04
gmres iter 280 linear residual 3.875e-04
gmres iter 290 linear residual 3.374e-04
gmres iter 300 linear residual 2.881e-04
gmres iter 310 linear residual 2.679e-04
gmres iter 320 linear residual 2.495e-04
gmres iter 330 linear residual 2.240e-04
gmres iter 340 linear residual 1.913e-04
gmres iter 350 linear residual 1.776e-04
gmres iter 360 linear residual 1.677e-04
gmres iter 370 linear residual 1.545e-04
gmres iter 380 linear residual 1.340e-04
gmres iter 390 linear residual 1.176e-04
gmres iter 400 linear residual 1.084e-04
gmres iter 410 linear residual 1.053e-04
gmres iter 420 linear residual 1.020e-04
gmres iter 430 linear residual 9.300e-05
gmres iter 440 linear residual 8.522e-05
gmres iter 450 linear residual 8.147e-05
gmres iter 460 linear residual 7.839e-05
gmres iter 470 linear residual 7.171e-05
gmres iter 480 linear residual 6.299e-05
res 1.856e-05 (F-block 1.473e-05 p-block 1.791e-05) alpha 1 eta 1.00e-03 iter times 480
gmres iter 10 linear residual 4.090e-02
gmres iter 20 linear residual 3.086e-02
gmres iter 30 linear residual 2.490e-02
gmres iter 40 linear residual 2.187e-02
gmres iter 50 linear residual 2.024e-02
gmres iter 60 linear residual 1.913e-02
gmres iter 70 linear residual 1.819e-02
gmres iter 80 linear residual 1.730e-02
gmres iter 90 linear residual 1.545e-02
gmres iter 100 linear residual 1.305e-02
gmres iter 110 linear residual 1.199e-02
gmres iter 120 linear residual 1.149e-02
gmres iter 130 linear residual 1.110e-02
gmres iter 140 linear residual 1.050e-02
gmres iter 150 linear residual 9.771e-03
gmres iter 160 linear residual 8.727e-03
gmres iter 170 linear residual 8.159e-03
gmres iter 180 linear residual 7.608e-03
gmres iter 190 linear residual 6.774e-03
gmres iter 200 linear residual 5.732e-03
gmres iter 210 linear residual 5.300e-03
gmres iter 220 linear residual 5.008e-03
gmres iter 230 linear residual 4.756e-03
gmres iter 240 linear residual 4.472e-03
gmres iter 250 linear residual 4.176e-03
gmres iter 260 linear residual 3.972e-03
gmres iter 270 linear residual 3.813e-03
gmres iter 280 linear residual 3.516e-03
gmres iter 290 linear residual 3.099e-03
gmres iter 300 linear residual 2.805e-03
gmres iter 310 linear residual 2.716e-03
gmres iter 320 linear residual 2.644e-03
gmres iter 330 linear residual 2.425e-03
gmres iter 340 linear residual 2.197e-03
gmres iter 350 linear residual 2.091e-03
gmres iter 360 linear residual 1.980e-03
gmres iter 370 linear residual 1.785e-03
gmres iter 380 linear residual 1.497e-03
gmres iter 390 linear residual 1.347e-03
gmres iter 400 linear residual 1.234e-03
gmres iter 410 linear residual 1.160e-03
gmres iter 420 linear residual 1.095e-03
gmres iter 430 linear residual 9.908e-04
gmres iter 440 linear residual 8.971e-04
gmres iter 450 linear residual 8.416e-04
gmres iter 460 linear residual 8.092e-04
gmres iter 470 linear residual 7.730e-04
gmres iter 480 linear residual 6.969e-04
gmres iter 490 linear residual 6.377e-04
gmres iter 500 linear residual 5.993e-04
gmres iter 510 linear residual 5.891e-04
gmres iter 520 linear residual 5.712e-04
gmres iter 530 linear residual 5.329e-04
gmres iter 540 linear residual 4.752e-04
gmres iter 550 linear residual 4.529e-04
gmres iter 560 linear residual 4.346e-04
gmres iter 570 linear residual 3.886e-04
gmres iter 580 linear residual 3.284e-04
gmres iter 590 linear residual 2.858e-04
gmres iter 600 linear residual 2.635e-04
gmres iter 610 linear residual 2.523e-04
gmres iter 620 linear residual 2.317e-04
gmres iter 630 linear residual 2.083e-04
gmres iter 640 linear residual 1.877e-04
gmres iter 650 linear residual 1.741e-04
gmres iter 660 linear residual 1.678e-04
gmres iter 670 linear residual 1.580e-04
gmres iter 680 linear residual 1.421e-04
gmres iter 690 linear residual 1.290e-04
gmres iter 700 linear residual 1.227e-04
gmres iter 710 linear residual 1.212e-04
gmres iter 720 linear residual 1.167e-04
gmres iter 730 linear residual 1.085e-04
gmres iter 740 linear residual 9.773e-05
gmres iter 750 linear residual 9.343e-05
gmres iter 760 linear residual 8.979e-05
gmres iter 770 linear residual 8.001e-05
gmres iter 780 linear residual 7.123e-05
gmres iter 790 linear residual 6.039e-05
gmres iter 800 linear residual 5.636e-05
gmres iter 810 linear residual 5.330e-05
gmres iter 820 linear residual 5.006e-05
gmres iter 830 linear residual 4.472e-05
gmres iter 840 linear residual 4.141e-05
gmres iter 850 linear residual 3.993e-05
gmres iter 860 linear residual 3.812e-05
gmres iter 870 linear residual 3.503e-05
gmres iter 880 linear residual 3.042e-05
res 3.525e-07 (F-block 2.094e-08 p-block 1.993e-08) alpha 1 eta 1.00e-03 iter times 888
time this step...87.45658087730408
now P is...
[[ 3.51953492e+00  1.01341833e-02 -8.66909636e-02]
 [ 6.92950874e-03  2.11722893e-11  4.08416544e-02]
 [-5.87173635e-02  4.04559450e-02  1.42929362e-11]]
now F is...
[[ 1.30000000e+00 -4.14111586e-17 -3.45372491e-17]
 [-3.30335232e-17  8.88908470e-01 -1.33919185e-17]
 [-2.38509193e-18  7.87080336e-18  8.80513601e-01]]
intermediate results saved (3 increments in output.csv)
finish! (with 6 load-step cuts)
solver stats are saved to solver_stats.json
F and P are saved to output.csv
