---------------------------------------------
-- mixed FFT based solver, by WANG Mingchuan
---------------------------------------------
gmres restart length: 100
Ghat4 is formed (fourier discretization)...
this increment is 0.1 (target 0.1) ------------------------
gmres iter 10 linear residual 4.293e-03
gmres iter 20 linear residual 2.101e-03
gmres iter 30 linear residual 5.781e-04
gmres iter 40 linear residual 4.780e-04
gmres iter 50 linear residual 3.747e-04
gmres iter 60 linear residual 3.507e-04
gmres iter 70 linear residual 3.300e-04
gmres iter 80 linear residual 3.294e-04
gmres iter 90 linear residual 3.221e-04
gmres iter 100 linear residual 3.171e-04
gmres iter 110 linear residual 2.816e-04
gmres iter 120 linear residual 2.618e-04
gmres iter 130 linear residual 2.107e-04
gmres iter 140 linear residual 2.006e-04
gmres iter 150 linear residual 1.853e-04
gmres iter 160 linear residual 1.697e-04
res 6.637e-02 (F-block 8.366e-02 p-block 4.919e-02) alpha 1 eta 1.00e-02 iter times 163
gmres iter 10 linear residual 7.473e-03
gmres iter 20 linear residual 3.074e-03
gmres iter 30 linear residual 1.443e-03
gmres iter 40 linear residual 7.875e-04
gmres iter 50 linear residual 5.556e-04
gmres iter 60 linear residual 3.731e-04
gmres iter 70 linear residual 1.977e-04
gmres iter 80 linear residual 1.422e-04
gmres iter 90 linear residual 1.123e-04
gmres iter 100 linear residual 9.343e-05
gmres iter 110 linear residual 8.323e-05
gmres iter 120 linear residual 7.577e-05
gmres iter 130 linear residual 7.113e-05
gmres iter 140 linear residual 6.973e-05
gmres iter 150 linear residual 6.909e-05
gmres iter 160 linear residual 6.415e-05
gmres iter 170 linear residual 5.906e-05
gmres iter 180 linear residual 5.573e-05
gmres iter 190 linear residual 5.456e-05
gmres iter 200 linear residual 5.429e-05
gmres iter 210 linear residual 5.392e-05
gmres iter 220 linear residual 5.377e-05
gmres iter 230 linear residual 5.374e-05
gmres iter 240 linear residual 5.332e-05
gmres iter 250 linear residual 5.268e-05
gmres iter 260 linear residual 5.114e-05
gmres iter 270 linear residual 4.954e-05
gmres iter 280 linear residual 4.781e-05
gmres iter 290 linear residual 4.687e-05
gmres iter 300 linear residual 4.657e-05
gmres iter 310 linear residual 4.650e-05
gmres iter 320 linear residual 4.646e-05
gmres iter 330 linear residual 4.640e-05
gmres iter 340 linear residual 4.614e-05
gmres iter 350 linear residual 4.397e-05
gmres iter 360 linear residual 4.250e-05
gmres iter 370 linear residual 4.196e-05
gmres iter 380 linear residual 4.190e-05
gmres iter 390 linear residual 4.190e-05
gmres iter 400 linear residual 4.169e-05
gmres iter 410 linear residual 4.088e-05
gmres iter 420 linear residual 3.946e-05
gmres iter 430 linear residual 3.900e-05
gmres iter 440 linear residual 3.884e-05
gmres iter 450 linear residual 3.877e-05
gmres iter 460 linear residual 3.876e-05
gmres iter 470 linear residual 3.873e-05
gmres iter 480 linear residual 3.860e-05
gmres iter 490 linear residual 3.858e-05
gmres iter 500 linear residual 3.856e-05
gmres iter 510 linear residual 3.856e-05
gmres iter 520 linear residual 3.853e-05
gmres iter 530 linear residual 3.848e-05
gmres iter 540 linear residual 3.833e-05
gmres iter 550 linear residual 3.794e-05
gmres iter 560 linear residual 3.748e-05
gmres iter 570 linear residual 3.726e-05
gmres iter 580 linear residual 3.717e-05
gmres iter 590 linear residual 3.716e-05
gmres iter 600 linear residual 3.714e-05
gmres iter 610 linear residual 3.702e-05
gmres iter 620 linear residual 3.667e-05
gmres iter 630 linear residual 3.650e-05
gmres iter 640 linear residual 3.628e-05
gmres iter 650 linear residual 3.545e-05
gmres iter 660 linear residual 3.455e-05
gmres iter 670 linear residual 3.414e-05
gmres iter 680 linear residual 3.411e-05
gmres iter 690 linear residual 3.411e-05
gmres iter 700 linear residual 3.398e-05
gmres iter 710 linear residual 3.369e-05
gmres iter 720 linear residual 3.324e-05
gmres iter 730 linear residual 3.298e-05
gmres iter 740 linear residual 3.270e-05
gmres iter 750 linear residual 3.244e-05
gmres iter 760 linear residual 3.235e-05
gmres iter 770 linear residual 3.234e-05
res 2.517e-02 (F-block 2.014e-02 p-block 1.454e-02) alpha 1 eta 4.24e-03 iter times 777
gmres iter 10 linear residual 1.009e-02
gmres iter 20 linear residual 3.098e-03
gmres iter 30 linear residual 1.978e-03
gmres iter 40 linear residual 1.668e-03
gmres iter 50 linear residual 8.562e-04
gmres iter 60 linear residual 4.963e-04
gmres iter 70 linear residual 3.294e-04
gmres iter 80 linear residual 2.331e-04
gmres iter 90 linear residual 1.883e-04
gmres iter 100 linear residual 1.383e-04
gmres iter 110 linear residual 7.999e-05
gmres iter 120 linear residual 5.896e-05
gmres iter 130 linear residual 4.082e-05
gmres iter 140 linear residual 3.090e-05
gmres iter 150 linear residual 2.492e-05
gmres iter 160 linear residual 1.838e-05
res 1.277e-02 (F-block 7.563e-03 p-block 4.800e-03) alpha 1 eta 1.00e-02 iter times 169
gmres iter 10 linear residual 1.327e-02
gmres iter 20 linear residual 2.845e-03
gmres iter 30 linear residual 1.816e-03
gmres iter 40 linear residual 1.279e-03
gmres iter 50 linear residual 5.232e-04
gmres iter 60 linear residual 3.420e-04
gmres iter 70 linear residual 2.568e-04
gmres iter 80 linear residual 1.988e-04
gmres iter 90 linear residual 1.167e-04
gmres iter 100 linear residual 7.918e-05
gmres iter 110 linear residual 5.500e-05
gmres iter 120 linear residual 4.282e-05
gmres iter 130 linear residual 3.225e-05
gmres iter 140 linear residual 2.724e-05
gmres iter 150 linear residual 2.493e-05
gmres iter 160 linear residual 2.209e-05
res 3.513e-03 (F-block 1.671e-03 p-block 9.551e-04) alpha 1 eta 1.00e-02 iter times 164
gmres iter 10 linear residual 1.089e-02
gmres iter 20 linear residual 1.859e-03
gmres iter 30 linear residual 1.487e-03
gmres iter 40 linear residual 4.507e-04
gmres iter 50 linear residual 3.443e-04
gmres iter 60 linear residual 3.085e-04
gmres iter 70 linear residual 1.751e-04
gmres iter 80 linear residual 1.232e-04
gmres iter 90 linear residual 1.001e-04
gmres iter 100 linear residual 8.901e-05
gmres iter 110 linear residual 8.212e-05
gmres iter 120 linear residual 7.805e-05
gmres iter 130 linear residual 7.364e-05
gmres iter 140 linear residual 6.778e-05
res 6.290e-04 (F-block 5.138e-05 p-block 2.985e-05) alpha 1 eta 1.00e-02 iter times 147
gmres iter 10 linear residual 1.727e-02
gmres iter 20 linear residual 4.334e-03
gmres iter 30 linear residual 2.389e-03
gmres iter 40 linear residual 1.993e-03
gmres iter 50 linear residual 1.841e-03
gmres iter 60 linear residual 1.765e-03
gmres iter 70 linear residual 1.626e-03
gmres iter 80 linear residual 1.532e-03
gmres iter 90 linear residual 1.385e-03
gmres iter 100 linear residual 1.196e-03
gmres iter 110 linear residual 1.162e-03
gmres iter 120 linear residual 1.085e-03
gmres iter 130 linear residual 9.591e-04
gmres iter 140 linear residual 8.818e-04
gmres iter 150 linear residual 8.518e-04
gmres iter 160 linear residual 8.123e-04
gmres iter 170 linear residual 7.208e-04
gmres iter 180 linear residual 6.053e-04
gmres iter 190 linear residual 4.814e-04
gmres iter 200 linear residual 3.884e-04
gmres iter 210 linear residual 3.605e-04
gmres iter 220 linear residual 2.948e-04
gmres iter 230 linear residual 2.534e-04
gmres iter 240 linear residual 2.266e-04
gmres iter 250 linear residual 2.068e-04
gmres iter 260 linear residual 1.955e-04
gmres iter 270 linear residual 1.808e-04
gmres iter 280 linear residual 1.668e-04
gmres iter 290 linear residual 1.590e-04
gmres iter 300 linear residual 1.471e-04
gmres iter 310 linear residual 1.400e-04
gmres iter 320 linear residual 1.305e-04
gmres iter 330 linear residual 1.204e-04
gmres iter 340 linear residual 1.136e-04
gmres iter 350 linear residual 1.028e-04
gmres iter 360 linear residual 9.312e-05
gmres iter 370 linear residual 8.214e-05
gmres iter 380 linear residual 6.869e-05
gmres iter 390 linear residual 5.858e-05
gmres iter 400 linear residual 4.752e-05
gmres iter 410 linear residual 4.018e-05
gmres iter 420 linear residual 3.521e-05
gmres iter 430 linear residual 2.833e-05
gmres iter 440 linear residual 2.536e-05
gmres iter 450 linear residual 2.243e-05
gmres iter 460 linear residual 2.055e-05
gmres iter 470 linear residual 1.907e-05
gmres iter 480 linear residual 1.835e-05
gmres iter 490 linear residual 1.736e-05
gmres iter 500 linear residual 1.584e-05
gmres iter 510 linear residual 1.489e-05
gmres iter 520 linear residual 1.443e-05
gmres iter 530 linear residual 1.350e-05
gmres iter 540 linear residual 1.254e-05
gmres iter 550 linear residual 1.117e-05
gmres iter 560 linear residual 1.017e-05
gmres iter 570 linear residual 8.764e-06
gmres iter 580 linear residual 7.373e-06
gmres iter 590 linear residual 6.834e-06
gmres iter 600 linear residual 6.356e-06
gmres iter 610 linear residual 5.639e-06
gmres iter 620 linear residual 5.012e-06
gmres iter 630 linear residual 4.719e-06
gmres iter 640 linear residual 4.459e-06
gmres iter 650 linear residual 4.178e-06
gmres iter 660 linear residual 3.475e-06
gmres iter 670 linear residual 2.774e-06
res 2.925e-04 (F-block 4.330e-05 p-block 2.546e-05) alpha 0.5 eta 1.00e-03 iter times 675
gmres iter 10 linear residual 1.946e-02
gmres iter 20 linear residual 4.502e-03
gmres iter 30 linear residual 2.013e-03
gmres iter 40 linear residual 1.736e-03
gmres iter 50 linear residual 1.184e-03
gmres iter 60 linear residual 1.072e-03
gmres iter 70 linear residual 1.007e-03
gmres iter 80 linear residual 9.297e-04
gmres iter 90 linear residual 8.772e-04
gmres iter 100 linear residual 8.239e-04
gmres iter 110 linear residual 6.715e-04
gmres iter 120 linear residual 5.448e-04
gmres iter 130 linear residual 4.457e-04
gmres iter 140 linear residual 4.270e-04
gmres iter 150 linear residual 3.869e-04
gmres iter 160 linear residual 3.167e-04
gmres iter 170 linear residual 2.648e-04
gmres iter 180 linear residual 2.411e-04
gmres iter 190 linear residual 2.298e-04
gmres iter 200 linear residual 2.081e-04
gmres iter 210 linear residual 1.832e-04
gmres iter 220 linear residual 1.625e-04
gmres iter 230 linear residual 1.391e-04
gmres iter 240 linear residual 1.333e-04
gmres iter 250 linear residual 1.247e-04
gmres iter 260 linear residual 1.078e-04
gmres iter 270 linear residual 1.018e-04
gmres iter 280 linear residual 9.688e-05
gmres iter 290 linear residual 9.009e-05
gmres iter 300 linear residual 7.869e-05
gmres iter 310 linear residual 7.247e-05
gmres iter 320 linear residual 6.232e-05
gmres iter 330 linear residual 5.103e-05
gmres iter 340 linear residual 4.886e-05
gmres iter 350 linear residual 4.305e-05
res 2.568e-04 (F-block 1.699e-05 p-block 1.003e-05) alpha 1 eta 1.00e-02 iter times 350
gmres iter 10 linear residual 1.769e-02
gmres iter 20 linear residual 4.159e-03
gmres iter 30 linear residual 1.993e-03
gmres iter 40 linear residual 1.543e-03
gmres iter 50 linear residual 5.807e-04
gmres iter 60 linear residual 3.824e-04
gmres iter 70 linear residual 3.507e-04
gmres iter 80 linear residual 2.085e-04
gmres iter 90 linear residual 1.063e-04
gmres iter 100 linear residual 7.045e-05
gmres iter 110 linear residual 3.783e-05
gmres iter 120 linear residual 2.997e-05
res 3.887e-06 (F-block 8.146e-08 p-block 3.089e-09) alpha 1 eta 1.00e-02 iter times 124
time this step...502.3245232105255
now P is...
[[ 1.34107630e+00  1.06316419e-03 -2.29061606e-02]
 [ 9.25140025e-04  8.81391248e-09  1.80175131e-02]
 [-1.98906146e-02  1.79797209e-02 -1.65383321e-08]]
now F is...
[[ 1.10000000e+00  2.98136491e-19  6.95729452e-19]
 [-1.22235961e-18  9.57195060e-01  5.62266788e-19]
 [-5.96272982e-20  6.57390962e-18  9.55187394e-01]]
intermediate results saved (1 increments in output.csv)
this increment is 0.1 (target 0.2) ------------------------
gmres iter 10 linear residual 4.261e-03
gmres iter 20 linear residual 2.082e-03
gmres iter 30 linear residual 5.523e-04
gmres iter 40 linear residual 4.673e-04
gmres iter 50 linear residual 3.820e-04
gmres iter 60 linear residual 3.791e-04
gmres iter 70 linear residual 3.713e-04
gmres iter 80 linear residual 3.437e-04
gmres iter 90 linear residual 3.113e-04
gmres iter 100 linear residual 2.597e-04
gmres iter 110 linear residual 2.188e-04
gmres iter 120 linear residual 2.086e-04
gmres iter 130 linear residual 1.902e-04
gmres iter 140 linear residual 1.786e-04
res 6.113e-02 (F-block 8.270e-02 p-block 4.653e-02) alpha 1 eta 1.00e-02 iter times 147
gmres iter 10 linear residual 7.438e-03
gmres iter 20 linear residual 3.066e-03
gmres iter 30 linear residual 1.488e-03
gmres iter 40 linear residual 8.112e-04
gmres iter 50 linear residual 5.463e-04
gmres iter 60 linear residual 4.135e-04
gmres iter 70 linear residual 2.578e-04
gmres iter 80 linear residual 1.815e-04
gmres iter 90 linear residual 1.666e-04
gmres iter 100 linear residual 1.653e-04
gmres iter 110 linear residual 1.522e-04
gmres iter 120 linear residual 1.289e-04
gmres iter 130 linear residual 1.170e-04
gmres iter 140 linear residual 1.133e-04
gmres iter 150 linear residual 1.129e-04
gmres iter 160 linear residual 1.123e-04
gmres iter 170 linear residual 1.093e-04
gmres iter 180 linear residual 1.040e-04
gmres iter 190 linear residual 9.907e-05
gmres iter 200 linear residual 9.332e-05
gmres iter 210 linear residual 9.249e-05
gmres iter 220 linear residual 9.142e-05
gmres iter 230 linear residual 9.088e-05
gmres iter 240 linear residual 9.059e-05
gmres iter 250 linear residual 8.867e-05
gmres iter 260 linear residual 8.628e-05
gmres iter 270 linear residual 8.521e-05
gmres iter 280 linear residual 8.475e-05
gmres iter 290 linear residual 8.466e-05
gmres iter 300 linear residual 8.451e-05
gmres iter 310 linear residual 8.359e-05
gmres iter 320 linear residual 7.930e-05
gmres iter 330 linear residual 7.688e-05
gmres iter 340 linear residual 7.613e-05
gmres iter 350 linear residual 7.598e-05
gmres iter 360 linear residual 7.592e-05
gmres iter 370 linear residual 7.581e-05
gmres iter 380 linear residual 7.522e-05
gmres iter 390 linear residual 7.130e-05
gmres iter 400 linear residual 6.853e-05
gmres iter 410 linear residual 6.748e-05
gmres iter 420 linear residual 6.668e-05
gmres iter 430 linear residual 6.638e-05
gmres iter 440 linear residual 6.633e-05
gmres iter 450 linear residual 6.517e-05
gmres iter 460 linear residual 6.346e-05
gmres iter 470 linear residual 6.283e-05
gmres iter 480 linear residual 6.260e-05
gmres iter 490 linear residual 6.257e-05
gmres iter 500 linear residual 6.213e-05
gmres iter 510 linear residual 6.113e-05
gmres iter 520 linear residual 5.994e-05
gmres iter 530 linear residual 5.944e-05
gmres iter 540 linear residual 5.911e-05
gmres iter 550 linear residual 5.885e-05
gmres iter 560 linear residual 5.854e-05
gmres iter 570 linear residual 5.849e-05
gmres iter 580 linear residual 5.829e-05
gmres iter 590 linear residual 5.747e-05
gmres iter 600 linear residual 5.578e-05
gmres iter 610 linear residual 5.466e-05
gmres iter 620 linear residual 5.451e-05
gmres iter 630 linear residual 5.445e-05
gmres iter 640 linear residual 5.410e-05
gmres iter 650 linear residual 5.263e-05
gmres iter 660 linear residual 5.184e-05
gmres iter 670 linear residual 5.155e-05
gmres iter 680 linear residual 5.136e-05
gmres iter 690 linear residual 5.132e-05
gmres iter 700 linear residual 5.124e-05
gmres iter 710 linear residual 5.096e-05
gmres iter 720 linear residual 5.058e-05
gmres iter 730 linear residual 5.040e-05
gmres iter 740 linear residual 5.031e-05
gmres iter 750 linear residual 5.025e-05
gmres iter 760 linear residual 5.022e-05
gmres iter 770 linear residual 5.018e-05
gmres iter 780 linear residual 4.941e-05
gmres iter 790 linear residual 4.859e-05
gmres iter 800 linear residual 4.854e-05
gmres iter 810 linear residual 4.766e-05
gmres iter 820 linear residual 4.613e-05
gmres iter 830 linear residual 4.517e-05
gmres iter 840 linear residual 4.486e-05
gmres iter 850 linear residual 4.484e-05
gmres iter 860 linear residual 4.471e-05
gmres iter 870 linear residual 4.444e-05
gmres iter 880 linear residual 4.395e-05
gmres iter 890 linear residual 4.378e-05
gmres iter 900 linear residual 4.368e-05
gmres iter 910 linear residual 4.367e-05
gmres iter 920 linear residual 4.366e-05
linear solver hit the iteration cap (920 iterations, flag 10)
increment failed (gmres_iteration_cap); cutting step to 0.05
this increment is 0.05 (target 0.2) ------------------------
gmres iter 10 linear residual 4.225e-03
gmres iter 20 linear residual 1.854e-03
gmres iter 30 linear residual 4.045e-04
gmres iter 40 linear residual 3.800e-04
gmres iter 50 linear residual 2.407e-04
gmres iter 60 linear residual 1.411e-04
gmres iter 70 linear residual 1.315e-04
gmres iter 80 linear residual 1.080e-04
gmres iter 90 linear residual 9.356e-05
gmres iter 100 linear residual 9.087e-05
gmres iter 110 linear residual 7.836e-05
gmres iter 120 linear residual 7.360e-05
gmres iter 130 linear residual 6.977e-05
res 3.197e-02 (F-block 4.250e-02 p-block 2.467e-02) alpha 1 eta 1.00e-02 iter times 130
gmres iter 10 linear residual 7.871e-03
gmres iter 20 linear residual 3.437e-03
gmres iter 30 linear residual 1.672e-03
gmres iter 40 linear residual 9.529e-04
gmres iter 50 linear residual 5.726e-04
gmres iter 60 linear residual 3.534e-04
gmres iter 70 linear residual 2.281e-04
gmres iter 80 linear residual 1.702e-04
gmres iter 90 linear residual 1.463e-04
gmres iter 100 linear residual 1.315e-04
gmres iter 110 linear residual 1.276e-04
gmres iter 120 linear residual 1.267e-04
gmres iter 130 linear residual 1.249e-04
gmres iter 140 linear residual 1.146e-04
gmres iter 150 linear residual 9.852e-05
gmres iter 160 linear residual 7.105e-05
gmres iter 170 linear residual 5.307e-05
gmres iter 180 linear residual 4.529e-05
gmres iter 190 linear residual 4.125e-05
gmres iter 200 linear residual 3.723e-05
gmres iter 210 linear residual 3.432e-05
gmres iter 220 linear residual 3.103e-05
gmres iter 230 linear residual 2.839e-05
gmres iter 240 linear residual 2.657e-05
gmres iter 250 linear residual 2.539e-05
gmres iter 260 linear residual 2.492e-05
gmres iter 270 linear residual 2.487e-05
gmres iter 280 linear residual 2.455e-05
gmres iter 290 linear residual 2.436e-05
gmres iter 300 linear residual 2.431e-05
gmres iter 310 linear residual 2.404e-05
gmres iter 320 linear residual 2.330e-05
gmres iter 330 linear residual 2.233e-05
gmres iter 340 linear residual 2.143e-05
gmres iter 350 linear residual 2.045e-05
gmres iter 360 linear residual 1.846e-05
gmres iter 370 linear residual 1.641e-05
gmres iter 380 linear residual 1.581e-05
gmres iter 390 linear residual 1.533e-05
gmres iter 400 linear residual 1.487e-05
gmres iter 410 linear residual 1.473e-05
gmres iter 420 linear residual 1.465e-05
gmres iter 430 linear residual 1.460e-05
gmres iter 440 linear residual 1.459e-05
gmres iter 450 linear residual 1.453e-05
gmres iter 460 linear residual 1.444e-05
gmres iter 470 linear residual 1.432e-05
gmres iter 480 linear residual 1.398e-05
gmres iter 490 linear residual 1.381e-05
gmres iter 500 linear residual 1.374e-05
gmres iter 510 linear residual 1.361e-05
gmres iter 520 linear residual 1.355e-05
gmres iter 530 linear residual 1.353e-05
gmres iter 540 linear residual 1.352e-05
gmres iter 550 linear residual 1.347e-05
gmres iter 560 linear residual 1.309e-05
res 7.769e-03 (F-block 3.803e-03 p-block 3.115e-03) alpha 1 eta 1.09e-03 iter times 563
gmres iter 10 linear residual 1.649e-02
gmres iter 20 linear residual 3.846e-03
gmres iter 30 linear residual 1.991e-03
gmres iter 40 linear residual 1.763e-03
gmres iter 50 linear residual 1.027e-03
gmres iter 60 linear residual 5.614e-04
gmres iter 70 linear residual 4.035e-04
gmres iter 80 linear residual 3.152e-04
gmres iter 90 linear residual 2.557e-04
gmres iter 100 linear residual 2.436e-04
gmres iter 110 linear residual 2.315e-04
gmres iter 120 linear residual 2.244e-04
gmres iter 130 linear residual 2.225e-04
gmres iter 140 linear residual 2.201e-04
gmres iter 150 linear residual 2.057e-04
gmres iter 160 linear residual 1.944e-04
gmres iter 170 linear residual 1.720e-04
gmres iter 180 linear residual 1.366e-04
gmres iter 190 linear residual 1.136e-04
gmres iter 200 linear residual 1.062e-04
gmres iter 210 linear residual 9.933e-05
gmres iter 220 linear residual 9.247e-05
gmres iter 230 linear residual 8.663e-05
gmres iter 240 linear residual 8.002e-05
gmres iter 250 linear residual 7.572e-05
gmres iter 260 linear residual 7.348e-05
gmres iter 270 linear residual 7.301e-05
gmres iter 280 linear residual 7.283e-05
gmres iter 290 linear residual 7.267e-05
res 1.353e-03 (F-block 1.944e-04 p-block 1.373e-04) alpha 1 eta 9.01e-03 iter times 292
gmres iter 10 linear residual 1.702e-02
gmres iter 20 linear residual 4.011e-03
gmres iter 30 linear residual 1.974e-03
gmres iter 40 linear residual 1.551e-03
gmres iter 50 linear residual 1.447e-03
gmres iter 60 linear residual 1.418e-03
gmres iter 70 linear residual 1.414e-03
gmres iter 80 linear residual 1.400e-03
gmres iter 90 linear residual 1.367e-03
gmres iter 100 linear residual 1.279e-03
gmres iter 110 linear residual 1.264e-03
gmres iter 120 linear residual 1.237e-03
gmres iter 130 linear residual 1.208e-03
gmres iter 140 linear residual 1.198e-03
gmres iter 150 linear residual 1.194e-03
gmres iter 160 linear residual 1.183e-03
gmres iter 170 linear residual 1.168e-03
gmres iter 180 linear residual 1.150e-03
gmres iter 190 linear residual 1.077e-03
gmres iter 200 linear residual 1.015e-03
gmres iter 210 linear residual 9.954e-04
gmres iter 220 linear residual 9.584e-04
gmres iter 230 linear residual 9.241e-04
gmres iter 240 linear residual 9.100e-04
gmres iter 250 linear residual 8.974e-04
gmres iter 260 linear residual 8.919e-04
gmres iter 270 linear residual 8.908e-04
gmres iter 280 linear residual 8.822e-04
gmres iter 290 linear residual 8.432e-04
gmres iter 300 linear residual 7.741e-04
gmres iter 310 linear residual 7.463e-04
gmres iter 320 linear residual 7.195e-04
gmres iter 330 linear residual 7.045e-04
gmres iter 340 linear residual 6.985e-04
gmres iter 350 linear residual 6.972e-04
gmres iter 360 linear residual 6.962e-04
gmres iter 370 linear residual 6.923e-04
gmres iter 380 linear residual 6.837e-04
gmres iter 390 linear residual 6.713e-04
gmres iter 400 linear residual 6.553e-04
gmres iter 410 linear residual 6.475e-04
gmres iter 420 linear residual 6.372e-04
gmres iter 430 linear residual 6.245e-04
gmres iter 440 linear residual 6.174e-04
gmres iter 450 linear residual 6.159e-04
gmres iter 460 linear residual 6.142e-04
gmres iter 470 linear residual 5.991e-04
gmres iter 480 linear residual 5.668e-04
gmres iter 490 linear residual 4.938e-04
gmres iter 500 linear residual 4.144e-04
gmres iter 510 linear residual 3.801e-04
gmres iter 520 linear residual 3.349e-04
gmres iter 530 linear residual 3.111e-04
gmres iter 540 linear residual 2.990e-04
gmres iter 550 linear residual 2.946e-04
gmres iter 560 linear residual 2.932e-04
gmres iter 570 linear residual 2.928e-04
gmres iter 580 linear residual 2.926e-04
gmres iter 590 linear residual 2.922e-04
gmres iter 600 linear residual 2.893e-04
gmres iter 610 linear residual 2.879e-04
gmres iter 620 linear residual 2.875e-04
gmres iter 630 linear residual 2.874e-04
gmres iter 640 linear residual 2.871e-04
gmres iter 650 linear residual 2.848e-04
gmres iter 660 linear residual 2.792e-04
gmres iter 670 linear residual 2.612e-04
gmres iter 680 linear residual 2.238e-04
gmres iter 690 linear residual 1.704e-04
gmres iter 700 linear residual 1.302e-04
gmres iter 710 linear residual 1.096e-04
gmres iter 720 linear residual 8.433e-05
gmres iter 730 linear residual 6.843e-05
gmres iter 740 linear residual 6.399e-05
gmres iter 750 linear residual 6.187e-05
gmres iter 760 linear residual 6.130e-05
gmres iter 770 linear residual 6.110e-05
gmres iter 780 linear residual 5.915e-05
gmres iter 790 linear residual 5.425e-05
gmres iter 800 linear residual 5.054e-05
gmres iter 810 linear residual 4.947e-05
gmres iter 820 linear residual 4.844e-05
gmres iter 830 linear residual 4.720e-05
gmres iter 840 linear residual 4.614e-05
gmres iter 850 linear residual 4.553e-05
gmres iter 860 linear residual 4.539e-05
gmres iter 870 linear residual 4.534e-05
gmres iter 880 linear residual 4.496e-05
gmres iter 890 linear residual 4.401e-05
gmres iter 900 linear residual 4.173e-05
gmres iter 910 linear residual 4.023e-05
gmres iter 920 linear residual 3.959e-05
gmres iter 930 linear residual 3.912e-05
gmres iter 940 linear residual 3.904e-05
gmres iter 950 linear residual 3.899e-05
gmres iter 960 linear residual 3.859e-05
gmres iter 970 linear residual 3.733e-05
gmres iter 980 linear residual 3.590e-05
gmres iter 990 linear residual 3.424e-05
gmres iter 1000 linear residual 3.222e-05
linear solver hit the iteration cap (1000 iterations, flag 10)
increment failed (gmres_iteration_cap); cutting step to 0.025
this increment is 0.025 (target 0.2) ------------------------
gmres iter 10 linear residual 4.216e-03
gmres iter 20 linear residual 1.857e-03
gmres iter 30 linear residual 4.107e-04
gmres iter 40 linear residual 3.691e-04
gmres iter 50 linear residual 1.983e-04
gmres iter 60 linear residual 6.766e-05
gmres iter 70 linear residual 5.270e-05
gmres iter 80 linear residual 4.024e-05
gmres iter 90 linear residual 3.776e-05
gmres iter 100 linear residual 3.593e-05
gmres iter 110 linear residual 2.893e-05
res 1.632e-02 (F-block 2.124e-02 p-block 1.275e-02) alpha 1 eta 1.00e-02 iter times 115
gmres iter 10 linear residual 8.263e-03
gmres iter 20 linear residual 3.796e-03
gmres iter 30 linear residual 1.939e-03
gmres iter 40 linear residual 1.156e-03
gmres iter 50 linear residual 7.003e-04
gmres iter 60 linear residual 4.303e-04
gmres iter 70 linear residual 2.835e-04
gmres iter 80 linear residual 2.032e-04
gmres iter 90 linear residual 1.603e-04
gmres iter 100 linear residual 1.454e-04
gmres iter 110 linear residual 1.366e-04
gmres iter 120 linear residual 1.318e-04
gmres iter 130 linear residual 1.303e-04
gmres iter 140 linear residual 1.300e-04
gmres iter 150 linear residual 1.290e-04
gmres iter 160 linear residual 1.254e-04
gmres iter 170 linear residual 1.177e-04
gmres iter 180 linear residual 1.003e-04
gmres iter 190 linear residual 8.065e-05
gmres iter 200 linear residual 7.198e-05
gmres iter 210 linear residual 6.614e-05
gmres iter 220 linear residual 6.190e-05
gmres iter 230 linear residual 5.882e-05
gmres iter 240 linear residual 5.731e-05
gmres iter 250 linear residual 5.641e-05
gmres iter 260 linear residual 5.616e-05
gmres iter 270 linear residual 5.613e-05
gmres iter 280 linear residual 5.586e-05
gmres iter 290 linear residual 5.492e-05
gmres iter 300 linear residual 5.437e-05
gmres iter 310 linear residual 5.400e-05
gmres iter 320 linear residual 5.393e-05
gmres iter 330 linear residual 5.383e-05
gmres iter 340 linear residual 5.327e-05
gmres iter 350 linear residual 5.167e-05
gmres iter 360 linear residual 4.912e-05
gmres iter 370 linear residual 4.577e-05
gmres iter 380 linear residual 4.169e-05
gmres iter 390 linear residual 3.779e-05
gmres iter 400 linear residual 3.475e-05
gmres iter 410 linear residual 3.269e-05
gmres iter 420 linear residual 3.169e-05
gmres iter 430 linear residual 3.081e-05
gmres iter 440 linear residual 3.034e-05
gmres iter 450 linear residual 3.003e-05
gmres iter 460 linear residual 2.983e-05
gmres iter 470 linear residual 2.972e-05
gmres iter 480 linear residual 2.969e-05
gmres iter 490 linear residual 2.953e-05
gmres iter 500 linear residual 2.943e-05
gmres iter 510 linear residual 2.941e-05
gmres iter 520 linear residual 2.938e-05
gmres iter 530 linear residual 2.918e-05
gmres iter 540 linear residual 2.886e-05
gmres iter 550 linear residual 2.851e-05
gmres iter 560 linear residual 2.754e-05
gmres iter 570 linear residual 2.466e-05
gmres iter 580 linear residual 1.817e-05
gmres iter 590 linear residual 1.554e-05
gmres iter 600 linear residual 1.381e-05
gmres iter 610 linear residual 1.254e-05
gmres iter 620 linear residual 1.204e-05
gmres iter 630 linear residual 1.133e-05
gmres iter 640 linear residual 1.083e-05
gmres iter 650 linear residual 1.043e-05
gmres iter 660 linear residual 9.952e-06
gmres iter 670 linear residual 9.374e-06
gmres iter 680 linear residual 9.259e-06
gmres iter 690 linear residual 9.252e-06
gmres iter 700 linear residual 9.181e-06
res 3.383e-03 (F-block 5.147e-03 p-block 3.502e-03) alpha 1 eta 1.00e-03 iter times 706
gmres iter 10 linear residual 1.754e-02
gmres iter 20 linear residual 4.169e-03
gmres iter 30 linear residual 2.042e-03
gmres iter 40 linear residual 1.583e-03
gmres iter 50 linear residual 6.179e-04
gmres iter 60 linear residual 4.088e-04
gmres iter 70 linear residual 3.759e-04
gmres iter 80 linear residual 2.580e-04
gmres iter 90 linear residual 1.544e-04
gmres iter 100 linear residual 1.196e-04
gmres iter 110 linear residual 9.345e-05
gmres iter 120 linear residual 9.084e-05
gmres iter 130 linear residual 8.802e-05
gmres iter 140 linear residual 8.573e-05
gmres iter 150 linear residual 8.536e-05
res 3.136e-04 (F-block 5.429e-05 p-block 3.227e-05) alpha 1 eta 1.00e-02 iter times 153
gmres iter 10 linear residual 1.639e-02
gmres iter 20 linear residual 1.090e-02
gmres iter 30 linear residual 1.038e-02
gmres iter 40 linear residual 1.029e-02
gmres iter 50 linear residual 1.024e-02
gmres iter 60 linear residual 1.023e-02
gmres iter 70 linear residual 9.881e-03
gmres iter 80 linear residual 8.389e-03
gmres iter 90 linear residual 6.817e-03
gmres iter 100 linear residual 5.285e-03
gmres iter 110 linear residual 5.159e-03
gmres iter 120 linear residual 4.776e-03
gmres iter 130 linear residual 3.797e-03
gmres iter 140 linear residual 2.911e-03
gmres iter 150 linear residual 2.486e-03
gmres iter 160 linear residual 2.310e-03
gmres iter 170 linear residual 2.241e-03
gmres iter 180 linear residual 2.215e-03
gmres iter 190 linear residual 2.210e-03
gmres iter 200 linear residual 2.199e-03
gmres iter 210 linear residual 2.198e-03
gmres iter 220 linear residual 2.197e-03
gmres iter 230 linear residual 2.196e-03
gmres iter 240 linear residual 2.195e-03
gmres iter 250 linear residual 2.194e-03
gmres iter 260 linear residual 2.192e-03
gmres iter 270 linear residual 2.188e-03
gmres iter 280 linear residual 2.161e-03
gmres iter 290 linear residual 2.007e-03
gmres iter 300 linear residual 1.771e-03
gmres iter 310 linear residual 1.715e-03
gmres iter 320 linear residual 1.698e-03
gmres iter 330 linear residual 1.693e-03
gmres iter 340 linear residual 1.691e-03
gmres iter 350 linear residual 1.691e-03
gmres iter 360 linear residual 1.676e-03
gmres iter 370 linear residual 1.646e-03
gmres iter 380 linear residual 1.632e-03
gmres iter 390 linear residual 1.629e-03
gmres iter 400 linear residual 1.613e-03
gmres iter 410 linear residual 1.610e-03
gmres iter 420 linear residual 1.610e-03
gmres iter 430 linear residual 1.609e-03
gmres iter 440 linear residual 1.604e-03
gmres iter 450 linear residual 1.594e-03
gmres iter 460 linear residual 1.591e-03
gmres iter 470 linear residual 1.587e-03
gmres iter 480 linear residual 1.580e-03
gmres iter 490 linear residual 1.573e-03
gmres iter 500 linear residual 1.541e-03
gmres iter 510 linear residual 1.526e-03
gmres iter 520 linear residual 1.523e-03
gmres iter 530 linear residual 1.518e-03
gmres iter 540 linear residual 1.515e-03
gmres iter 550 linear residual 1.511e-03
gmres iter 560 linear residual 1.500e-03
gmres iter 570 linear residual 1.487e-03
gmres iter 580 linear residual 1.481e-03
gmres iter 590 linear residual 1.480e-03
gmres iter 600 linear residual 1.452e-03
gmres iter 610 linear residual 1.437e-03
gmres iter 620 linear residual 1.433e-03
gmres iter 630 linear residual 1.431e-03
gmres iter 640 linear residual 1.424e-03
gmres iter 650 linear residual 1.413e-03
gmres iter 660 linear residual 1.406e-03
gmres iter 670 linear residual 1.404e-03
gmres iter 680 linear residual 1.402e-03
gmres iter 690 linear residual 1.398e-03
gmres iter 700 linear residual 1.381e-03
gmres iter 710 linear residual 1.369e-03
gmres iter 720 linear residual 1.356e-03
gmres iter 730 linear residual 1.345e-03
gmres iter 740 linear residual 1.342e-03
gmres iter 750 linear residual 1.338e-03
gmres iter 760 linear residual 1.334e-03
gmres iter 770 linear residual 1.325e-03
gmres iter 780 linear residual 1.319e-03
gmres iter 790 linear residual 1.313e-03
gmres iter 800 linear residual 1.264e-03
gmres iter 810 linear residual 1.224e-03
gmres iter 820 linear residual 1.209e-03
gmres iter 830 linear residual 1.199e-03
gmres iter 840 linear residual 1.196e-03
gmres iter 850 linear residual 1.195e-03
gmres iter 860 linear residual 1.193e-03
gmres iter 870 linear residual 1.171e-03
gmres iter 880 linear residual 1.141e-03
gmres iter 890 linear residual 1.070e-03
gmres iter 900 linear residual 9.065e-04
gmres iter 910 linear residual 7.974e-04
gmres iter 920 linear residual 7.577e-04
gmres iter 930 linear residual 7.490e-04
gmres iter 940 linear residual 7.417e-04
gmres iter 950 linear residual 7.389e-04
gmres iter 960 linear residual 7.366e-04
gmres iter 970 linear residual 7.251e-04
gmres iter 980 linear residual 7.180e-04
gmres iter 990 linear residual 7.162e-04
gmres iter 1000 linear residual 7.125e-04
linear solver hit the iteration cap (1000 iterations, flag 10)
increment failed (gmres_iteration_cap); cutting step to 0.0125
this increment is 0.0125 (target 0.2) ------------------------
gmres iter 10 linear residual 4.213e-03
gmres iter 20 linear residual 1.861e-03
gmres iter 30 linear residual 4.086e-04
gmres iter 40 linear residual 3.663e-04
gmres iter 50 linear residual 1.973e-04
gmres iter 60 linear residual 6.026e-05
gmres iter 70 linear residual 4.369e-05
gmres iter 80 linear residual 2.606e-05
res 8.100e-03 (F-block 1.020e-02 p-block 6.674e-03) alpha 1 eta 1.00e-02 iter times 81
gmres iter 10 linear residual 1.254e-02
gmres iter 20 linear residual 6.775e-03
gmres iter 30 linear residual 3.612e-03
gmres iter 40 linear residual 2.051e-03
gmres iter 50 linear residual 1.234e-03
gmres iter 60 linear residual 7.682e-04
gmres iter 70 linear residual 4.953e-04
gmres iter 80 linear residual 3.383e-04
gmres iter 90 linear residual 2.598e-04
gmres iter 100 linear residual 2.179e-04
gmres iter 110 linear residual 2.027e-04
gmres iter 120 linear residual 1.922e-04
gmres iter 130 linear residual 1.873e-04
gmres iter 140 linear residual 1.849e-04
gmres iter 150 linear residual 1.826e-04
gmres iter 160 linear residual 1.805e-04
gmres iter 170 linear residual 1.779e-04
gmres iter 180 linear residual 1.750e-04
gmres iter 190 linear residual 1.731e-04
gmres iter 200 linear residual 1.727e-04
gmres iter 210 linear residual 1.725e-04
gmres iter 220 linear residual 1.719e-04
gmres iter 230 linear residual 1.714e-04
gmres iter 240 linear residual 1.711e-04
gmres iter 250 linear residual 1.707e-04
gmres iter 260 linear residual 1.698e-04
gmres iter 270 linear residual 1.681e-04
gmres iter 280 linear residual 1.657e-04
gmres iter 290 linear residual 1.628e-04
gmres iter 300 linear residual 1.538e-04
gmres iter 310 linear residual 1.497e-04
gmres iter 320 linear residual 1.479e-04
gmres iter 330 linear residual 1.465e-04
gmres iter 340 linear residual 1.456e-04
gmres iter 350 linear residual 1.444e-04
gmres iter 360 linear residual 1.424e-04
gmres iter 370 linear residual 1.402e-04
gmres iter 380 linear residual 1.391e-04
gmres iter 390 linear residual 1.382e-04
gmres iter 400 linear residual 1.370e-04
gmres iter 410 linear residual 1.364e-04
gmres iter 420 linear residual 1.361e-04
gmres iter 430 linear residual 1.359e-04
gmres iter 440 linear residual 1.358e-04
gmres iter 450 linear residual 1.354e-04
gmres iter 460 linear residual 1.347e-04
gmres iter 470 linear residual 1.335e-04
gmres iter 480 linear residual 1.324e-04
gmres iter 490 linear residual 1.298e-04
gmres iter 500 linear residual 1.254e-04
gmres iter 510 linear residual 1.230e-04
gmres iter 520 linear residual 1.213e-04
gmres iter 530 linear residual 1.204e-04
gmres iter 540 linear residual 1.200e-04
gmres iter 550 linear residual 1.195e-04
gmres iter 560 linear residual 1.188e-04
gmres iter 570 linear residual 1.171e-04
gmres iter 580 linear residual 1.156e-04
gmres iter 590 linear residual 1.146e-04
gmres iter 600 linear residual 1.141e-04
gmres iter 610 linear residual 1.138e-04
gmres iter 620 linear residual 1.135e-04
gmres iter 630 linear residual 1.130e-04
gmres iter 640 linear residual 1.129e-04
gmres iter 650 linear residual 1.123e-04
gmres iter 660 linear residual 1.115e-04
gmres iter 670 linear residual 1.109e-04
gmres iter 680 linear residual 1.099e-04
gmres iter 690 linear residual 1.081e-04
gmres iter 700 linear residual 1.037e-04
gmres iter 710 linear residual 1.012e-04
gmres iter 720 linear residual 9.965e-05
gmres iter 730 linear residual 9.899e-05
gmres iter 740 linear residual 9.873e-05
gmres iter 750 linear residual 9.834e-05
gmres iter 760 linear residual 9.736e-05
gmres iter 770 linear residual 9.649e-05
gmres iter 780 linear residual 9.489e-05
gmres iter 790 linear residual 9.409e-05
gmres iter 800 linear residual 9.354e-05
gmres iter 810 linear residual 9.335e-05
gmres iter 820 linear residual 9.323e-05
gmres iter 830 linear residual 9.285e-05
gmres iter 840 linear residual 9.242e-05
gmres iter 850 linear residual 9.133e-05
gmres iter 860 linear residual 9.049e-05
gmres iter 870 linear residual 9.009e-05
gmres iter 880 linear residual 8.924e-05
gmres iter 890 linear residual 8.779e-05
gmres iter 900 linear residual 8.696e-05
gmres iter 910 linear residual 8.642e-05
gmres iter 920 linear residual 8.549e-05
gmres iter 930 linear residual 8.487e-05
gmres iter 940 linear residual 8.471e-05
gmres iter 950 linear residual 8.451e-05
gmres iter 960 linear residual 8.391e-05
gmres iter 970 linear residual 8.295e-05
gmres iter 980 linear residual 8.179e-05
gmres iter 990 linear residual 8.125e-05
gmres iter 1000 linear residual 8.038e-05
linear solver hit the iteration cap (1000 iterations, flag 10)
increment failed (gmres_iteration_cap); cutting step to 0.00625
this increment is 0.00625 (target 0.2) ------------------------
gmres iter 10 linear residual 4.213e-03
gmres iter 20 linear residual 1.863e-03
gmres iter 30 linear residual 4.088e-04
gmres iter 40 linear residual 3.662e-04
gmres iter 50 linear residual 1.982e-04
gmres iter 60 linear residual 5.921e-05
gmres iter 70 linear residual 4.250e-05
res 4.043e-03 (F-block 5.149e-03 p-block 3.818e-03) alpha 1 eta 1.00e-02 iter times 79
gmres iter 10 linear residual 2.211e-02
gmres iter 20 linear residual 1.232e-02
gmres iter 30 linear residual 6.705e-03
gmres iter 40 linear residual 3.778e-03
gmres iter 50 linear residual 2.289e-03
gmres iter 60 linear residual 1.439e-03
gmres iter 70 linear residual 8.996e-04
gmres iter 80 linear residual 6.062e-04
gmres iter 90 linear residual 4.582e-04
gmres iter 100 linear residual 3.642e-04
gmres iter 110 linear residual 3.315e-04
gmres iter 120 linear residual 3.085e-04
gmres iter 130 linear residual 2.914e-04
gmres iter 140 linear residual 2.805e-04
gmres iter 150 linear residual 2.698e-04
gmres iter 160 linear residual 2.564e-04
gmres iter 170 linear residual 2.326e-04
gmres iter 180 linear residual 2.089e-04
gmres iter 190 linear residual 1.856e-04
gmres iter 200 linear residual 1.682e-04
gmres iter 210 linear residual 1.553e-04
gmres iter 220 linear residual 1.406e-04
gmres iter 230 linear residual 1.338e-04
gmres iter 240 linear residual 1.284e-04
gmres iter 250 linear residual 1.224e-04
gmres iter 260 linear residual 1.161e-04
gmres iter 270 linear residual 1.101e-04
gmres iter 280 linear residual 1.025e-04
gmres iter 290 linear residual 9.400e-05
gmres iter 300 linear residual 8.474e-05
gmres iter 310 linear residual 8.034e-05
gmres iter 320 linear residual 7.701e-05
gmres iter 330 linear residual 7.403e-05
gmres iter 340 linear residual 7.169e-05
gmres iter 350 linear residual 6.823e-05
gmres iter 360 linear residual 6.232e-05
gmres iter 370 linear residual 5.618e-05
gmres iter 380 linear residual 5.235e-05
gmres iter 390 linear residual 4.936e-05
gmres iter 400 linear residual 4.675e-05
gmres iter 410 linear residual 4.471e-05
gmres iter 420 linear residual 4.202e-05
gmres iter 430 linear residual 3.998e-05
gmres iter 440 linear residual 3.825e-05
gmres iter 450 linear residual 3.611e-05
gmres iter 460 linear residual 3.428e-05
gmres iter 470 linear residual 3.250e-05
gmres iter 480 linear residual 2.990e-05
gmres iter 490 linear residual 2.768e-05
gmres iter 500 linear residual 2.542e-05
gmres iter 510 linear residual 2.376e-05
gmres iter 520 linear residual 2.239e-05
gmres iter 530 linear residual 2.140e-05
gmres iter 540 linear residual 2.077e-05
gmres iter 550 linear residual 1.987e-05
gmres iter 560 linear residual 1.804e-05
gmres iter 570 linear residual 1.624e-05
gmres iter 580 linear residual 1.525e-05
gmres iter 590 linear residual 1.448e-05
gmres iter 600 linear residual 1.378e-05
gmres iter 610 linear residual 1.337e-05
gmres iter 620 linear residual 1.285e-05
gmres iter 630 linear residual 1.198e-05
gmres iter 640 linear residual 1.136e-05
gmres iter 650 linear residual 1.064e-05
gmres iter 660 linear residual 1.018e-05
res 1.099e-03 (F-block 3.828e-03 p-block 2.657e-03) alpha 1 eta 1.00e-03 iter times 662
gmres iter 10 linear residual 1.759e-02
gmres iter 20 linear residual 4.055e-03
gmres iter 30 linear residual 2.016e-03
gmres iter 40 linear residual 1.659e-03
gmres iter 50 linear residual 7.603e-04
gmres iter 60 linear residual 4.055e-04
gmres iter 70 linear residual 3.978e-04
gmres iter 80 linear residual 3.771e-04
gmres iter 90 linear residual 3.176e-04
gmres iter 100 linear residual 2.409e-04
gmres iter 110 linear residual 2.119e-04
gmres iter 120 linear residual 1.890e-04
gmres iter 130 linear residual 1.686e-04
gmres iter 140 linear residual 1.368e-04
gmres iter 150 linear residual 1.032e-04
res 2.195e-04 (F-block 1.914e-04 p-block 1.295e-04) alpha 1 eta 1.00e-02 iter times 159
gmres iter 10 linear residual 1.865e-02
gmres iter 20 linear residual 4.791e-03
gmres iter 30 linear residual 2.608e-03
gmres iter 40 linear residual 2.074e-03
gmres iter 50 linear residual 1.707e-03
gmres iter 60 linear residual 1.510e-03
gmres iter 70 linear residual 1.465e-03
gmres iter 80 linear residual 1.420e-03
gmres iter 90 linear residual 1.363e-03
gmres iter 100 linear residual 1.228e-03
gmres iter 110 linear residual 1.220e-03
gmres iter 120 linear residual 1.206e-03
gmres iter 130 linear residual 1.124e-03
gmres iter 140 linear residual 8.947e-04
gmres iter 150 linear residual 7.782e-04
gmres iter 160 linear residual 6.976e-04
gmres iter 170 linear residual 6.250e-04
gmres iter 180 linear residual 5.478e-04
gmres iter 190 linear residual 4.563e-04
gmres iter 200 linear residual 3.362e-04
gmres iter 210 linear residual 2.800e-04
gmres iter 220 linear residual 2.260e-04
gmres iter 230 linear residual 2.035e-04
gmres iter 240 linear residual 1.986e-04
gmres iter 250 linear residual 1.849e-04
gmres iter 260 linear residual 1.815e-04
gmres iter 270 linear residual 1.811e-04
gmres iter 280 linear residual 1.802e-04
gmres iter 290 linear residual 1.639e-04
gmres iter 300 linear residual 1.108e-04
gmres iter 310 linear residual 9.523e-05
gmres iter 320 linear residual 8.607e-05
gmres iter 330 linear residual 7.734e-05
gmres iter 340 linear residual 7.131e-05
gmres iter 350 linear residual 6.723e-05
gmres iter 360 linear residual 6.424e-05
gmres iter 370 linear residual 6.083e-05
gmres iter 380 linear residual 5.169e-05
gmres iter 390 linear residual 3.647e-05
gmres iter 400 linear residual 3.038e-05
gmres iter 410 linear residual 2.571e-05
gmres iter 420 linear residual 2.028e-05
gmres iter 430 linear residual 1.733e-05
gmres iter 440 linear residual 1.640e-05
gmres iter 450 linear residual 1.521e-05
gmres iter 460 linear residual 1.398e-05
gmres iter 470 linear residual 1.321e-05
gmres iter 480 linear residual 1.291e-05
gmres iter 490 linear residual 1.256e-05
res 1.181e-04 (F-block 5.047e-05 p-block 3.494e-05) alpha 1 eta 2.21e-03 iter times 491
gmres iter 10 linear residual 1.742e-02
gmres iter 20 linear residual 4.012e-03
gmres iter 30 linear residual 1.982e-03
gmres iter 40 linear residual 1.611e-03
gmres iter 50 linear residual 7.219e-04
gmres iter 60 linear residual 4.012e-04
gmres iter 70 linear residual 3.915e-04
gmres iter 80 linear residual 3.632e-04
gmres iter 90 linear residual 2.883e-04
gmres iter 100 linear residual 2.386e-04
gmres iter 110 linear residual 2.142e-04
gmres iter 120 linear residual 1.995e-04
gmres iter 130 linear residual 1.793e-04
gmres iter 140 linear residual 1.522e-04
gmres iter 150 linear residual 1.241e-04
gmres iter 160 linear residual 1.087e-04
gmres iter 170 linear residual 1.056e-04
gmres iter 180 linear residual 9.480e-05
gmres iter 190 linear residual 8.416e-05
gmres iter 200 linear residual 7.867e-05
gmres iter 210 linear residual 7.227e-05
gmres iter 220 linear residual 7.004e-05
gmres iter 230 linear residual 6.844e-05
gmres iter 240 linear residual 6.396e-05
gmres iter 250 linear residual 5.777e-05
res 3.872e-06 (F-block 2.025e-07 p-block 3.728e-08) alpha 1 eta 1.00e-02 iter times 257
time this step...134.34614038467407
this increment is 0.00625 (target 0.2) ------------------------
gmres iter 10 linear residual 4.211e-03
gmres iter 20 linear residual 1.863e-03
gmres iter 30 linear residual 4.073e-04
gmres iter 40 linear residual 3.648e-04
gmres iter 50 linear residual 1.978e-04
gmres iter 60 linear residual 5.906e-05
gmres iter 70 linear residual 4.259e-05
res 4.020e-03 (F-block 5.151e-03 p-block 3.826e-03) alpha 1 eta 1.00e-02 iter times 79
gmres iter 10 linear residual 2.239e-02
gmres iter 20 linear residual 1.247e-02
gmres iter 30 linear residual 6.837e-03
gmres iter 40 linear residual 3.897e-03
gmres iter 50 linear residual 2.399e-03
gmres iter 60 linear residual 1.554e-03
gmres iter 70 linear residual 1.033e-03
gmres iter 80 linear residual 7.628e-04
gmres iter 90 linear residual 6.346e-04
gmres iter 100 linear residual 5.547e-04
gmres iter 110 linear residual 5.276e-04
gmres iter 120 linear residual 5.082e-04
gmres iter 130 linear residual 4.928e-04
gmres iter 140 linear residual 4.811e-04
gmres iter 150 linear residual 4.616e-04
gmres iter 160 linear residual 4.258e-04
gmres iter 170 linear residual 3.522e-04
gmres iter 180 linear residual 2.895e-04
gmres iter 190 linear residual 2.405e-04
gmres iter 200 linear residual 2.122e-04
gmres iter 210 linear residual 1.938e-04
gmres iter 220 linear residual 1.679e-04
gmres iter 230 linear residual 1.518e-04
gmres iter 240 linear residual 1.406e-04
gmres iter 250 linear residual 1.302e-04
gmres iter 260 linear residual 1.230e-04
gmres iter 270 linear residual 1.163e-04
gmres iter 280 linear residual 1.074e-04
gmres iter 290 linear residual 9.902e-05
gmres iter 300 linear residual 9.277e-05
gmres iter 310 linear residual 8.983e-05
gmres iter 320 linear residual 8.700e-05
gmres iter 330 linear residual 8.475e-05
gmres iter 340 linear residual 8.251e-05
gmres iter 350 linear residual 7.812e-05
gmres iter 360 linear residual 7.007e-05
gmres iter 370 linear residual 6.175e-05
gmres iter 380 linear residual 5.577e-05
gmres iter 390 linear residual 5.062e-05
gmres iter 400 linear residual 4.529e-05
gmres iter 410 linear residual 4.153e-05
gmres iter 420 linear residual 3.784e-05
gmres iter 430 linear residual 3.524e-05
gmres iter 440 linear residual 3.295e-05
gmres iter 450 linear residual 3.019e-05
gmres iter 460 linear residual 2.889e-05
gmres iter 470 linear residual 2.765e-05
gmres iter 480 linear residual 2.625e-05
gmres iter 490 linear residual 2.448e-05
gmres iter 500 linear residual 2.341e-05
gmres iter 510 linear residual 2.245e-05
gmres iter 520 linear residual 2.154e-05
gmres iter 530 linear residual 2.098e-05
gmres iter 540 linear residual 2.045e-05
gmres iter 550 linear residual 1.939e-05
gmres iter 560 linear residual 1.691e-05
gmres iter 570 linear residual 1.450e-05
gmres iter 580 linear residual 1.357e-05
gmres iter 590 linear residual 1.277e-05
gmres iter 600 linear residual 1.216e-05
gmres iter 610 linear residual 1.151e-05
gmres iter 620 linear residual 1.084e-05
gmres iter 630 linear residual 1.032e-05
gmres iter 640 linear residual 9.979e-06
gmres iter 650 linear residual 9.582e-06
gmres iter 660 linear residual 8.638e-06
gmres iter 670 linear residual 7.992e-06
res 7.882e-04 (F-block 3.422e-03 p-block 2.450e-03) alpha 0.5 eta 1.00e-03 iter times 673
gmres iter 10 linear residual 2.181e-02
gmres iter 20 linear residual 1.099e-02
gmres iter 30 linear residual 6.190e-03
gmres iter 40 linear residual 3.386e-03
gmres iter 50 linear residual 1.935e-03
gmres iter 60 linear residual 1.395e-03
gmres iter 70 linear residual 9.106e-04
gmres iter 80 linear residual 5.852e-04
gmres iter 90 linear residual 3.731e-04
gmres iter 100 linear residual 2.346e-04
gmres iter 110 linear residual 1.817e-04
gmres iter 120 linear residual 1.400e-04
gmres iter 130 linear residual 1.156e-04
gmres iter 140 linear residual 9.129e-05
gmres iter 150 linear residual 7.912e-05
gmres iter 160 linear residual 7.363e-05
gmres iter 170 linear residual 6.610e-05
gmres iter 180 linear residual 5.770e-05
gmres iter 190 linear residual 5.058e-05
res 2.469e-04 (F-block 2.066e-05 p-block 1.807e-05) alpha 1 eta 1.00e-02 iter times 193
gmres iter 10 linear residual 1.719e-02
gmres iter 20 linear residual 7.942e-03
gmres iter 30 linear residual 6.235e-03
gmres iter 40 linear residual 5.508e-03
gmres iter 50 linear residual 4.996e-03
gmres iter 60 linear residual 4.535e-03
gmres iter 70 linear residual 4.085e-03
gmres iter 80 linear residual 3.654e-03
gmres iter 90 linear residual 3.186e-03
gmres iter 100 linear residual 2.712e-03
gmres iter 110 linear residual 2.639e-03
gmres iter 120 linear residual 2.484e-03
gmres iter 130 linear residual 2.102e-03
gmres iter 140 linear residual 1.843e-03
gmres iter 150 linear residual 1.699e-03
gmres iter 160 linear residual 1.610e-03
gmres iter 170 linear residual 1.452e-03
gmres iter 180 linear residual 1.272e-03
gmres iter 190 linear residual 9.656e-04
gmres iter 200 linear residual 6.887e-04
gmres iter 210 linear residual 5.999e-04
gmres iter 220 linear residual 4.817e-04
gmres iter 230 linear residual 3.844e-04
gmres iter 240 linear residual 3.404e-04
gmres iter 250 linear residual 2.909e-04
gmres iter 260 linear residual 2.425e-04
gmres iter 270 linear residual 2.100e-04
gmres iter 280 linear residual 1.895e-04
gmres iter 290 linear residual 1.797e-04
gmres iter 300 linear residual 1.640e-04
gmres iter 310 linear residual 1.593e-04
gmres iter 320 linear residual 1.554e-04
gmres iter 330 linear residual 1.399e-04
gmres iter 340 linear residual 1.242e-04
gmres iter 350 linear residual 1.036e-04
gmres iter 360 linear residual 9.352e-05
gmres iter 370 linear residual 8.643e-05
gmres iter 380 linear residual 7.192e-05
gmres iter 390 linear residual 5.764e-05
gmres iter 400 linear residual 4.132e-05
gmres iter 410 linear residual 3.235e-05
gmres iter 420 linear residual 2.743e-05
gmres iter 430 linear residual 2.311e-05
gmres iter 440 linear residual 2.065e-05
gmres iter 450 linear residual 1.855e-05
gmres iter 460 linear residual 1.690e-05
gmres iter 470 linear residual 1.554e-05
gmres iter 480 linear residual 1.303e-05
gmres iter 490 linear residual 1.160e-05
gmres iter 500 linear residual 1.075e-05
gmres iter 510 linear residual 1.021e-05
gmres iter 520 linear residual 9.555e-06
res 2.660e-05 (F-block 2.312e-06 p-block 1.617e-06) alpha 1 eta 1.00e-03 iter times 525
time this step...116.60078549385071
this increment is 0.00625 (target 0.2) ------------------------
gmres iter 10 linear residual 4.208e-03
gmres iter 20 linear residual 1.863e-03
gmres iter 30 linear residual 4.055e-04
gmres iter 40 linear residual 3.632e-04
gmres iter 50 linear residual 1.972e-04
gmres iter 60 linear residual 5.910e-05
gmres iter 70 linear residual 4.302e-05
gmres iter 80 linear residual 2.579e-05
res 4.008e-03 (F-block 5.126e-03 p-block 3.783e-03) alpha 1 eta 1.00e-02 iter times 81
gmres iter 10 linear residual 2.172e-02
gmres iter 20 linear residual 1.222e-02
gmres iter 30 linear residual 6.642e-03
gmres iter 40 linear residual 3.965e-03
gmres iter 50 linear residual 2.475e-03
gmres iter 60 linear residual 1.660e-03
gmres iter 70 linear residual 1.188e-03
gmres iter 80 linear residual 9.384e-04
gmres iter 90 linear residual 8.147e-04
gmres iter 100 linear residual 7.296e-04
gmres iter 110 linear residual 7.026e-04
gmres iter 120 linear residual 6.760e-04
gmres iter 130 linear residual 6.475e-04
gmres iter 140 linear residual 6.265e-04
gmres iter 150 linear residual 5.765e-04
gmres iter 160 linear residual 4.782e-04
gmres iter 170 linear residual 3.191e-04
gmres iter 180 linear residual 2.146e-04
gmres iter 190 linear residual 1.489e-04
gmres iter 200 linear residual 1.175e-04
gmres iter 210 linear residual 1.039e-04
gmres iter 220 linear residual 8.567e-05
gmres iter 230 linear residual 7.156e-05
gmres iter 240 linear residual 6.079e-05
gmres iter 250 linear residual 5.197e-05
gmres iter 260 linear residual 4.481e-05
gmres iter 270 linear residual 3.836e-05
gmres iter 280 linear residual 3.255e-05
gmres iter 290 linear residual 2.906e-05
gmres iter 300 linear residual 2.666e-05
gmres iter 310 linear residual 2.535e-05
gmres iter 320 linear residual 2.385e-05
gmres iter 330 linear residual 2.145e-05
gmres iter 340 linear residual 1.890e-05
gmres iter 350 linear residual 1.681e-05
gmres iter 360 linear residual 1.461e-05
gmres iter 370 linear residual 1.288e-05
gmres iter 380 linear residual 1.141e-05
gmres iter 390 linear residual 1.005e-05
gmres iter 400 linear residual 9.033e-06
gmres iter 410 linear residual 8.088e-06
gmres iter 420 linear residual 7.281e-06
gmres iter 430 linear residual 6.736e-06
gmres iter 440 linear residual 6.288e-06
gmres iter 450 linear residual 5.767e-06
gmres iter 460 linear residual 5.302e-06
gmres iter 470 linear residual 4.844e-06
gmres iter 480 linear residual 4.429e-06
gmres iter 490 linear residual 3.974e-06
res 1.194e-03 (F-block 4.408e-03 p-block 3.134e-03) alpha 1 eta 1.00e-03 iter times 494
gmres iter 10 linear residual 1.695e-02
gmres iter 20 linear residual 3.817e-03
gmres iter 30 linear residual 2.026e-03
gmres iter 40 linear residual 1.800e-03
gmres iter 50 linear residual 1.024e-03
gmres iter 60 linear residual 5.865e-04
gmres iter 70 linear residual 4.901e-04
gmres iter 80 linear residual 4.194e-04
gmres iter 90 linear residual 3.492e-04
gmres iter 100 linear residual 3.115e-04
gmres iter 110 linear residual 3.036e-04
gmres iter 120 linear residual 2.859e-04
gmres iter 130 linear residual 2.511e-04
gmres iter 140 linear residual 2.006e-04
gmres iter 150 linear residual 1.484e-04
gmres iter 160 linear residual 1.190e-04
gmres iter 170 linear residual 6.023e-05
gmres iter 180 linear residual 4.011e-05
gmres iter 190 linear residual 2.497e-05
res 3.071e-04 (F-block 3.527e-04 p-block 2.487e-04) alpha 1 eta 1.00e-02 iter times 194
gmres iter 10 linear residual 1.703e-02
gmres iter 20 linear residual 3.981e-03
gmres iter 30 linear residual 1.990e-03
gmres iter 40 linear residual 1.396e-03
gmres iter 50 linear residual 1.248e-03
gmres iter 60 linear residual 1.208e-03
gmres iter 70 linear residual 1.048e-03
gmres iter 80 linear residual 7.524e-04
gmres iter 90 linear residual 5.801e-04
gmres iter 100 linear residual 4.976e-04
gmres iter 110 linear residual 4.141e-04
gmres iter 120 linear residual 3.233e-04
gmres iter 130 linear residual 2.445e-04
gmres iter 140 linear residual 1.836e-04
gmres iter 150 linear residual 1.603e-04
gmres iter 160 linear residual 1.253e-04
gmres iter 170 linear residual 1.085e-04
gmres iter 180 linear residual 1.068e-04
gmres iter 190 linear residual 1.007e-04
gmres iter 200 linear residual 9.325e-05
gmres iter 210 linear residual 8.521e-05
gmres iter 220 linear residual 6.945e-05
res 4.877e-05 (F-block 8.722e-06 p-block 6.059e-06) alpha 1 eta 5.73e-03 iter times 225
time this step...78.68743324279785
this increment is 0.009375000000000001 (target 0.2) ------------------------
gmres iter 10 linear residual 4.207e-03
gmres iter 20 linear residual 1.862e-03
gmres iter 30 linear residual 4.045e-04
gmres iter 40 linear residual 3.621e-04
gmres iter 50 linear residual 1.961e-04
gmres iter 60 linear residual 6.050e-05
gmres iter 70 linear residual 4.499e-05
gmres iter 80 linear residual 2.903e-05
res 6.003e-03 (F-block 7.624e-03 p-block 5.173e-03) alpha 1 eta 1.00e-02 iter times 84
gmres iter 10 linear residual 1.502e-02
gmres iter 20 linear residual 8.220e-03
gmres iter 30 linear residual 4.530e-03
gmres iter 40 linear residual 2.728e-03
gmres iter 50 linear residual 1.705e-03
gmres iter 60 linear residual 1.144e-03
gmres iter 70 linear residual 8.401e-04
gmres iter 80 linear residual 6.737e-04
gmres iter 90 linear residual 5.763e-04
gmres iter 100 linear residual 5.069e-04
gmres iter 110 linear residual 4.903e-04
gmres iter 120 linear residual 4.645e-04
gmres iter 130 linear residual 4.286e-04
gmres iter 140 linear residual 4.066e-04
gmres iter 150 linear residual 3.551e-04
gmres iter 160 linear residual 2.740e-04
gmres iter 170 linear residual 1.736e-04
gmres iter 180 linear residual 1.046e-04
gmres iter 190 linear residual 6.675e-05
gmres iter 200 linear residual 4.738e-05
gmres iter 210 linear residual 3.915e-05
gmres iter 220 linear residual 2.995e-05
gmres iter 230 linear residual 2.326e-05
gmres iter 240 linear residual 1.923e-05
gmres iter 250 linear residual 1.660e-05
gmres iter 260 linear residual 1.428e-05
gmres iter 270 linear residual 1.193e-05
gmres iter 280 linear residual 9.396e-06
gmres iter 290 linear residual 7.912e-06
res 1.327e-03 (F-block 2.848e-03 p-block 2.076e-03) alpha 1 eta 1.00e-03 iter times 291
gmres iter 10 linear residual 1.646e-02
gmres iter 20 linear residual 3.696e-03
gmres iter 30 linear residual 2.211e-03
gmres iter 40 linear residual 1.899e-03
gmres iter 50 linear residual 1.072e-03
gmres iter 60 linear residual 6.961e-04
gmres iter 70 linear residual 5.614e-04
gmres iter 80 linear residual 4.570e-04
gmres iter 90 linear residual 3.613e-04
gmres iter 100 linear residual 2.822e-04
gmres iter 110 linear residual 2.684e-04
gmres iter 120 linear residual 2.465e-04
gmres iter 130 linear residual 2.267e-04
gmres iter 140 linear residual 2.113e-04
gmres iter 150 linear residual 1.666e-04
gmres iter 160 linear residual 1.192e-04
gmres iter 170 linear residual 6.513e-05
gmres iter 180 linear residual 4.199e-05
gmres iter 190 linear residual 2.393e-05
res 2.653e-04 (F-block 1.682e-04 p-block 1.201e-04) alpha 1 eta 1.00e-02 iter times 196
gmres iter 10 linear residual 1.645e-02
gmres iter 20 linear residual 3.909e-03
gmres iter 30 linear residual 2.188e-03
gmres iter 40 linear residual 1.582e-03
gmres iter 50 linear residual 1.109e-03
gmres iter 60 linear residual 8.882e-04
gmres iter 70 linear residual 7.213e-04
gmres iter 80 linear residual 6.803e-04
gmres iter 90 linear residual 6.477e-04
gmres iter 100 linear residual 5.722e-04
gmres iter 110 linear residual 4.447e-04
gmres iter 120 linear residual 3.539e-04
gmres iter 130 linear residual 2.646e-04
gmres iter 140 linear residual 1.387e-04
gmres iter 150 linear residual 8.192e-05
gmres iter 160 linear residual 5.347e-05
gmres iter 170 linear residual 4.287e-05
gmres iter 180 linear residual 3.488e-05
gmres iter 190 linear residual 2.866e-05
gmres iter 200 linear residual 2.654e-05
gmres iter 210 linear residual 2.443e-05
gmres iter 220 linear residual 2.263e-05
gmres iter 230 linear residual 2.170e-05
gmres iter 240 linear residual 2.024e-05
gmres iter 250 linear residual 1.476e-05
gmres iter 260 linear residual 9.216e-06
res 2.772e-05 (F-block 1.789e-06 p-block 1.286e-06) alpha 1 eta 3.10e-03 iter times 264
time this step...66.18696427345276
this increment is 0.014062500000000002 (target 0.2) ------------------------
gmres iter 10 linear residual 4.205e-03
gmres iter 20 linear residual 1.864e-03
gmres iter 30 linear residual 4.077e-04
gmres iter 40 linear residual 3.640e-04
gmres iter 50 linear residual 1.955e-04
gmres iter 60 linear residual 6.532e-05
gmres iter 70 linear residual 5.076e-05
gmres iter 80 linear residual 3.730e-05
gmres iter 90 linear residual 3.223e-05
gmres iter 100 linear residual 3.125e-05
gmres iter 110 linear residual 3.095e-05
gmres iter 120 linear residual 2.770e-05
res 8.949e-03 (F-block 1.154e-02 p-block 7.264e-03) alpha 1 eta 1.00e-02 iter times 125
gmres iter 10 linear residual 1.077e-02
gmres iter 20 linear residual 5.801e-03
gmres iter 30 linear residual 3.355e-03
gmres iter 40 linear residual 2.176e-03
gmres iter 50 linear residual 1.466e-03
gmres iter 60 linear residual 1.050e-03
gmres iter 70 linear residual 8.263e-04
gmres iter 80 linear residual 6.824e-04
gmres iter 90 linear residual 5.821e-04
gmres iter 100 linear residual 5.164e-04
gmres iter 110 linear residual 4.826e-04
gmres iter 120 linear residual 4.496e-04
gmres iter 130 linear residual 4.271e-04
gmres iter 140 linear residual 4.105e-04
gmres iter 150 linear residual 3.722e-04
gmres iter 160 linear residual 2.885e-04
gmres iter 170 linear residual 1.901e-04
gmres iter 180 linear residual 1.226e-04
gmres iter 190 linear residual 8.005e-05
gmres iter 200 linear residual 5.593e-05
gmres iter 210 linear residual 4.588e-05
gmres iter 220 linear residual 3.400e-05
gmres iter 230 linear residual 2.713e-05
gmres iter 240 linear residual 2.302e-05
gmres iter 250 linear residual 1.961e-05
gmres iter 260 linear residual 1.713e-05
gmres iter 270 linear residual 1.464e-05
gmres iter 280 linear residual 1.305e-05
gmres iter 290 linear residual 1.200e-05
gmres iter 300 linear residual 1.120e-05
gmres iter 310 linear residual 1.044e-05
gmres iter 320 linear residual 9.739e-06
gmres iter 330 linear residual 9.015e-06
gmres iter 340 linear residual 8.131e-06
gmres iter 350 linear residual 6.840e-06
gmres iter 360 linear residual 4.914e-06
gmres iter 370 linear residual 4.145e-06
res 2.842e-03 (F-block 8.302e-03 p-block 6.201e-03) alpha 1 eta 1.00e-03 iter times 373
gmres iter 10 linear residual 1.576e-02
gmres iter 20 linear residual 3.633e-03
gmres iter 30 linear residual 2.156e-03
gmres iter 40 linear residual 2.021e-03
gmres iter 50 linear residual 1.288e-03
gmres iter 60 linear residual 6.878e-04
gmres iter 70 linear residual 5.041e-04
gmres iter 80 linear residual 3.917e-04
gmres iter 90 linear residual 2.792e-04
gmres iter 100 linear residual 2.615e-04
gmres iter 110 linear residual 2.361e-04
gmres iter 120 linear residual 1.870e-04
gmres iter 130 linear residual 1.329e-04
gmres iter 140 linear residual 9.315e-05
gmres iter 150 linear residual 7.270e-05
gmres iter 160 linear residual 3.985e-05
gmres iter 170 linear residual 2.669e-05
gmres iter 180 linear residual 2.093e-05
res 7.260e-04 (F-block 8.043e-04 p-block 5.888e-04) alpha 1 eta 1.00e-02 iter times 188
gmres iter 10 linear residual 1.591e-02
gmres iter 20 linear residual 4.256e-03
gmres iter 30 linear residual 2.860e-03
gmres iter 40 linear residual 2.040e-03
gmres iter 50 linear residual 1.763e-03
gmres iter 60 linear residual 1.694e-03
gmres iter 70 linear residual 1.408e-03
gmres iter 80 linear residual 8.586e-04
gmres iter 90 linear residual 6.013e-04
gmres iter 100 linear residual 4.393e-04
gmres iter 110 linear residual 3.202e-04
gmres iter 120 linear residual 2.235e-04
gmres iter 130 linear residual 1.663e-04
gmres iter 140 linear residual 1.528e-04
gmres iter 150 linear residual 1.302e-04
gmres iter 160 linear residual 1.205e-04
gmres iter 170 linear residual 1.139e-04
gmres iter 180 linear residual 1.032e-04
gmres iter 190 linear residual 9.117e-05
gmres iter 200 linear residual 6.873e-05
gmres iter 210 linear residual 5.293e-05
gmres iter 220 linear residual 3.791e-05
res 1.920e-04 (F-block 5.069e-05 p-block 3.766e-05) alpha 1 eta 8.33e-03 iter times 228
gmres iter 10 linear residual 1.537e-02
gmres iter 20 linear residual 3.731e-03
gmres iter 30 linear residual 2.257e-03
gmres iter 40 linear residual 1.615e-03
gmres iter 50 linear residual 1.081e-03
gmres iter 60 linear residual 8.447e-04
gmres iter 70 linear residual 8.034e-04
gmres iter 80 linear residual 7.677e-04
gmres iter 90 linear residual 6.323e-04
gmres iter 100 linear residual 3.752e-04
gmres iter 110 linear residual 2.833e-04
gmres iter 120 linear residual 2.576e-04
gmres iter 130 linear residual 2.174e-04
gmres iter 140 linear residual 1.890e-04
gmres iter 150 linear residual 1.740e-04
gmres iter 160 linear residual 1.499e-04
gmres iter 170 linear residual 1.374e-04
gmres iter 180 linear residual 1.245e-04
gmres iter 190 linear residual 1.150e-04
gmres iter 200 linear residual 1.068e-04
gmres iter 210 linear residual 9.563e-05
gmres iter 220 linear residual 8.189e-05
gmres iter 230 linear residual 6.699e-05
gmres iter 240 linear residual 5.431e-05
res 1.079e-05 (F-block 2.329e-07 p-block 9.456e-08) alpha 1 eta 3.61e-03 iter times 249
time this step...87.89483833312988
this increment is 0.014062500000000002 (target 0.2) ------------------------
gmres iter 10 linear residual 4.203e-03
gmres iter 20 linear residual 1.878e-03
gmres iter 30 linear residual 4.146e-04
gmres iter 40 linear residual 3.688e-04
gmres iter 50 linear residual 1.941e-04
gmres iter 60 linear residual 6.825e-05
gmres iter 70 linear residual 5.322e-05
gmres iter 80 linear residual 3.952e-05
gmres iter 90 linear residual 3.386e-05
gmres iter 100 linear residual 3.220e-05
gmres iter 110 linear residual 3.198e-05
gmres iter 120 linear residual 3.065e-05
res 8.922e-03 (F-block 1.165e-02 p-block 7.203e-03) alpha 1 eta 1.00e-02 iter times 129
gmres iter 10 linear residual 9.748e-03
gmres iter 20 linear residual 5.052e-03
gmres iter 30 linear residual 2.954e-03
gmres iter 40 linear residual 1.961e-03
gmres iter 50 linear residual 1.303e-03
gmres iter 60 linear residual 8.860e-04
gmres iter 70 linear residual 6.622e-04
gmres iter 80 linear residual 5.220e-04
gmres iter 90 linear residual 4.155e-04
gmres iter 100 linear residual 3.455e-04
gmres iter 110 linear residual 3.137e-04
gmres iter 120 linear residual 2.762e-04
gmres iter 130 linear residual 2.507e-04
gmres iter 140 linear residual 2.329e-04
gmres iter 150 linear residual 2.035e-04
gmres iter 160 linear residual 1.542e-04
gmres iter 170 linear residual 1.058e-04
gmres iter 180 linear residual 7.883e-05
gmres iter 190 linear residual 6.357e-05
gmres iter 200 linear residual 5.510e-05
gmres iter 210 linear residual 5.246e-05
gmres iter 220 linear residual 4.915e-05
gmres iter 230 linear residual 4.595e-05
gmres iter 240 linear residual 4.193e-05
gmres iter 250 linear residual 3.613e-05
gmres iter 260 linear residual 3.059e-05
gmres iter 270 linear residual 2.547e-05
gmres iter 280 linear residual 2.149e-05
gmres iter 290 linear residual 1.899e-05
gmres iter 300 linear residual 1.780e-05
gmres iter 310 linear residual 1.728e-05
gmres iter 320 linear residual 1.631e-05
gmres iter 330 linear residual 1.485e-05
gmres iter 340 linear residual 1.393e-05
gmres iter 350 linear residual 1.295e-05
gmres iter 360 linear residual 1.172e-05
gmres iter 370 linear residual 1.086e-05
gmres iter 380 linear residual 1.044e-05
res 2.269e-03 (F-block 2.703e-03 p-block 2.141e-03) alpha 1 eta 1.00e-03 iter times 384
gmres iter 10 linear residual 1.590e-02
gmres iter 20 linear residual 4.376e-03
gmres iter 30 linear residual 2.237e-03
gmres iter 40 linear residual 2.136e-03
gmres iter 50 linear residual 1.703e-03
gmres iter 60 linear residual 8.880e-04
gmres iter 70 linear residual 5.736e-04
gmres iter 80 linear residual 4.462e-04
gmres iter 90 linear residual 3.398e-04
gmres iter 100 linear residual 2.911e-04
gmres iter 110 linear residual 2.529e-04
gmres iter 120 linear residual 2.460e-04
gmres iter 130 linear residual 2.232e-04
gmres iter 140 linear residual 1.418e-04
gmres iter 150 linear residual 9.109e-05
gmres iter 160 linear residual 7.132e-05
gmres iter 170 linear residual 6.310e-05
gmres iter 180 linear residual 5.822e-05
res 2.620e-04 (F-block 7.054e-05 p-block 5.221e-05) alpha 1 eta 1.00e-02 iter times 188
gmres iter 10 linear residual 1.551e-02
gmres iter 20 linear residual 4.940e-03
gmres iter 30 linear residual 3.373e-03
gmres iter 40 linear residual 2.578e-03
gmres iter 50 linear residual 2.147e-03
gmres iter 60 linear residual 1.982e-03
gmres iter 70 linear residual 1.797e-03
gmres iter 80 linear residual 1.589e-03
gmres iter 90 linear residual 1.452e-03
gmres iter 100 linear residual 1.284e-03
gmres iter 110 linear residual 1.211e-03
gmres iter 120 linear residual 1.090e-03
gmres iter 130 linear residual 1.017e-03
gmres iter 140 linear residual 9.603e-04
gmres iter 150 linear residual 8.976e-04
gmres iter 160 linear residual 8.287e-04
gmres iter 170 linear residual 6.465e-04
gmres iter 180 linear residual 4.184e-04
gmres iter 190 linear residual 2.695e-04
gmres iter 200 linear residual 2.310e-04
gmres iter 210 linear residual 2.144e-04
gmres iter 220 linear residual 1.892e-04
gmres iter 230 linear residual 1.696e-04
gmres iter 240 linear residual 1.505e-04
gmres iter 250 linear residual 1.377e-04
gmres iter 260 linear residual 1.202e-04
gmres iter 270 linear residual 1.025e-04
gmres iter 280 linear residual 8.501e-05
gmres iter 290 linear residual 6.990e-05
gmres iter 300 linear residual 5.538e-05
gmres iter 310 linear residual 4.903e-05
gmres iter 320 linear residual 4.481e-05
gmres iter 330 linear residual 4.092e-05
gmres iter 340 linear residual 3.772e-05
gmres iter 350 linear residual 3.344e-05
gmres iter 360 linear residual 3.148e-05
gmres iter 370 linear residual 2.766e-05
gmres iter 380 linear residual 2.223e-05
gmres iter 390 linear residual 1.794e-05
gmres iter 400 linear residual 1.565e-05
gmres iter 410 linear residual 1.447e-05
gmres iter 420 linear residual 1.331e-05
gmres iter 430 linear residual 1.192e-05
res 8.242e-05 (F-block 9.928e-06 p-block 6.576e-06) alpha 1 eta 1.00e-03 iter times 430
time this step...85.64288854598999
this increment is 0.014062500000000002 (target 0.2) ------------------------
gmres iter 10 linear residual 4.203e-03
gmres iter 20 linear residual 1.896e-03
gmres iter 30 linear residual 4.198e-04
gmres iter 40 linear residual 3.725e-04
gmres iter 50 linear residual 1.922e-04
gmres iter 60 linear residual 6.957e-05
gmres iter 70 linear residual 5.376e-05
gmres iter 80 linear residual 3.957e-05
gmres iter 90 linear residual 3.346e-05
gmres iter 100 linear residual 3.084e-05
gmres iter 110 linear residual 3.022e-05
gmres iter 120 linear residual 2.970e-05
res 8.903e-03 (F-block 1.186e-02 p-block 7.180e-03) alpha 1 eta 1.00e-02 iter times 129
gmres iter 10 linear residual 8.915e-03
gmres iter 20 linear residual 4.280e-03
gmres iter 30 linear residual 2.189e-03
gmres iter 40 linear residual 1.427e-03
gmres iter 50 linear residual 9.445e-04
gmres iter 60 linear residual 6.159e-04
gmres iter 70 linear residual 4.303e-04
gmres iter 80 linear residual 3.316e-04
gmres iter 90 linear residual 2.637e-04
gmres iter 100 linear residual 2.155e-04
gmres iter 110 linear residual 2.036e-04
gmres iter 120 linear residual 1.832e-04
gmres iter 130 linear residual 1.629e-04
gmres iter 140 linear residual 1.493e-04
gmres iter 150 linear residual 1.307e-04
gmres iter 160 linear residual 1.099e-04
gmres iter 170 linear residual 8.941e-05
gmres iter 180 linear residual 7.806e-05
gmres iter 190 linear residual 6.995e-05
gmres iter 200 linear residual 6.238e-05
gmres iter 210 linear residual 6.025e-05
gmres iter 220 linear residual 5.799e-05
gmres iter 230 linear residual 5.393e-05
gmres iter 240 linear residual 4.884e-05
gmres iter 250 linear residual 4.356e-05
gmres iter 260 linear residual 3.927e-05
gmres iter 270 linear residual 3.677e-05
gmres iter 280 linear residual 3.388e-05
gmres iter 290 linear residual 3.022e-05
gmres iter 300 linear residual 2.807e-05
gmres iter 310 linear residual 2.698e-05
gmres iter 320 linear residual 2.535e-05
gmres iter 330 linear residual 2.379e-05
gmres iter 340 linear residual 2.306e-05
gmres iter 350 linear residual 2.171e-05
gmres iter 360 linear residual 2.005e-05
gmres iter 370 linear residual 1.805e-05
gmres iter 380 linear residual 1.704e-05
gmres iter 390 linear residual 1.626e-05
gmres iter 400 linear residual 1.480e-05
gmres iter 410 linear residual 1.410e-05
gmres iter 420 linear residual 1.379e-05
gmres iter 430 linear residual 1.333e-05
gmres iter 440 linear residual 1.302e-05
gmres iter 450 linear residual 1.250e-05
gmres iter 460 linear residual 1.156e-05
gmres iter 470 linear residual 1.075e-05
gmres iter 480 linear residual 1.043e-05
gmres iter 490 linear residual 1.007e-05
gmres iter 500 linear residual 9.539e-06
gmres iter 510 linear residual 8.253e-06
gmres iter 520 linear residual 6.160e-06
res 1.981e-03 (F-block 2.507e-03 p-block 1.764e-03) alpha 1 eta 1.00e-03 iter times 528
gmres iter 10 linear residual 1.516e-02
gmres iter 20 linear residual 3.440e-03
gmres iter 30 linear residual 2.010e-03
gmres iter 40 linear residual 1.586e-03
gmres iter 50 linear residual 6.906e-04
gmres iter 60 linear residual 4.716e-04
gmres iter 70 linear residual 4.016e-04
gmres iter 80 linear residual 3.354e-04
gmres iter 90 linear residual 3.311e-04
gmres iter 100 linear residual 3.175e-04
gmres iter 110 linear residual 2.534e-04
gmres iter 120 linear residual 1.823e-04
gmres iter 130 linear residual 1.426e-04
gmres iter 140 linear residual 1.334e-04
gmres iter 150 linear residual 1.139e-04
gmres iter 160 linear residual 9.895e-05
gmres iter 170 linear residual 8.317e-05
res 3.074e-04 (F-block 1.404e-04 p-block 9.269e-05) alpha 1 eta 1.00e-02 iter times 177
gmres iter 10 linear residual 1.544e-02
gmres iter 20 linear residual 3.910e-03
gmres iter 30 linear residual 2.340e-03
gmres iter 40 linear residual 1.724e-03
gmres iter 50 linear residual 1.525e-03
gmres iter 60 linear residual 1.380e-03
gmres iter 70 linear residual 1.308e-03
gmres iter 80 linear residual 1.204e-03
gmres iter 90 linear residual 1.084e-03
gmres iter 100 linear residual 9.299e-04
gmres iter 110 linear residual 9.202e-04
gmres iter 120 linear residual 8.836e-04
gmres iter 130 linear residual 7.885e-04
gmres iter 140 linear residual 7.407e-04
gmres iter 150 linear residual 6.697e-04
gmres iter 160 linear residual 5.966e-04
gmres iter 170 linear residual 5.089e-04
gmres iter 180 linear residual 4.069e-04
gmres iter 190 linear residual 3.244e-04
gmres iter 200 linear residual 2.693e-04
gmres iter 210 linear residual 2.566e-04
gmres iter 220 linear residual 2.141e-04
gmres iter 230 linear residual 2.036e-04
gmres iter 240 linear residual 1.973e-04
gmres iter 250 linear residual 1.820e-04
gmres iter 260 linear residual 1.670e-04
gmres iter 270 linear residual 1.559e-04
gmres iter 280 linear residual 1.426e-04
gmres iter 290 linear residual 1.245e-04
gmres iter 300 linear residual 9.952e-05
gmres iter 310 linear residual 9.225e-05
gmres iter 320 linear residual 8.755e-05
gmres iter 330 linear residual 8.175e-05
gmres iter 340 linear residual 7.809e-05
gmres iter 350 linear residual 7.499e-05
gmres iter 360 linear residual 7.041e-05
gmres iter 370 linear residual 6.025e-05
gmres iter 380 linear residual 4.560e-05
gmres iter 390 linear residual 3.889e-05
gmres iter 400 linear residual 3.510e-05
gmres iter 410 linear residual 3.353e-05
gmres iter 420 linear residual 3.130e-05
gmres iter 430 linear residual 2.815e-05
gmres iter 440 linear residual 2.478e-05
res 1.612e-04 (F-block 4.221e-05 p-block 2.878e-05) alpha 1 eta 2.71e-03 iter times 440
gmres iter 10 linear residual 1.568e-02
gmres iter 20 linear residual 3.080e-03
gmres iter 30 linear residual 1.975e-03
gmres iter 40 linear residual 1.426e-03
gmres iter 50 linear residual 5.166e-04
gmres iter 60 linear residual 3.959e-04
gmres iter 70 linear residual 3.564e-04
gmres iter 80 linear residual 3.453e-04
gmres iter 90 linear residual 3.099e-04
gmres iter 100 linear residual 2.607e-04
gmres iter 110 linear residual 2.183e-04
gmres iter 120 linear residual 1.837e-04
gmres iter 130 linear residual 1.705e-04
gmres iter 140 linear residual 1.424e-04
gmres iter 150 linear residual 1.054e-04
gmres iter 160 linear residual 9.009e-05
gmres iter 170 linear residual 8.798e-05
gmres iter 180 linear residual 8.730e-05
gmres iter 190 linear residual 8.402e-05
gmres iter 200 linear residual 7.967e-05
gmres iter 210 linear residual 7.458e-05
gmres iter 220 linear residual 7.135e-05
gmres iter 230 linear residual 6.954e-05
gmres iter 240 linear residual 6.814e-05
gmres iter 250 linear residual 6.552e-05
gmres iter 260 linear residual 5.831e-05
res 5.878e-06 (F-block 2.109e-07 p-block 3.639e-08) alpha 1 eta 1.00e-02 iter times 263
time this step...112.340008020401
this increment is 0.014062500000000002 (target 0.2) ------------------------
gmres iter 10 linear residual 4.205e-03
gmres iter 20 linear residual 1.910e-03
gmres iter 30 linear residual 4.228e-04
gmres iter 40 linear residual 3.759e-04
gmres iter 50 linear residual 1.959e-04
gmres iter 60 linear residual 7.063e-05
gmres iter 70 linear residual 5.339e-05
gmres iter 80 linear residual 3.876e-05
gmres iter 90 linear residual 3.237e-05
gmres iter 100 linear residual 2.970e-05
gmres iter 110 linear residual 2.913e-05
gmres iter 120 linear residual 2.857e-05
res 8.833e-03 (F-block 1.198e-02 p-block 7.162e-03) alpha 1 eta 1.00e-02 iter times 128
gmres iter 10 linear residual 8.972e-03
gmres iter 20 linear residual 4.408e-03
gmres iter 30 linear residual 2.125e-03
gmres iter 40 linear residual 1.328e-03
gmres iter 50 linear residual 8.797e-04
gmres iter 60 linear residual 5.737e-04
gmres iter 70 linear residual 4.036e-04
gmres iter 80 linear residual 3.149e-04
gmres iter 90 linear residual 2.545e-04
gmres iter 100 linear residual 2.120e-04
gmres iter 110 linear residual 2.012e-04
gmres iter 120 linear residual 1.835e-04
gmres iter 130 linear residual 1.654e-04
gmres iter 140 linear residual 1.522e-04
gmres iter 150 linear residual 1.350e-04
gmres iter 160 linear residual 1.142e-04
gmres iter 170 linear residual 9.287e-05
gmres iter 180 linear residual 8.020e-05
gmres iter 190 linear residual 6.898e-05
gmres iter 200 linear residual 6.091e-05
gmres iter 210 linear residual 5.883e-05
gmres iter 220 linear residual 5.672e-05
gmres iter 230 linear residual 5.233e-05
gmres iter 240 linear residual 4.730e-05
gmres iter 250 linear residual 4.327e-05
gmres iter 260 linear residual 3.977e-05
gmres iter 270 linear residual 3.770e-05
gmres iter 280 linear residual 3.504e-05
gmres iter 290 linear residual 3.169e-05
gmres iter 300 linear residual 2.923e-05
gmres iter 310 linear residual 2.771e-05
gmres iter 320 linear residual 2.603e-05
gmres iter 330 linear residual 2.448e-05
gmres iter 340 linear residual 2.377e-05
gmres iter 350 linear residual 2.259e-05
gmres iter 360 linear residual 2.107e-05
gmres iter 370 linear residual 1.894e-05
gmres iter 380 linear residual 1.755e-05
gmres iter 390 linear residual 1.659e-05
gmres iter 400 linear residual 1.533e-05
gmres iter 410 linear residual 1.478e-05
gmres iter 420 linear residual 1.452e-05
gmres iter 430 linear residual 1.401e-05
gmres iter 440 linear residual 1.311e-05
gmres iter 450 linear residual 1.255e-05
res 2.013e-03 (F-block 2.464e-03 p-block 1.753e-03) alpha 1 eta 1.00e-03 iter times 453
gmres iter 10 linear residual 1.540e-02
gmres iter 20 linear residual 3.492e-03
gmres iter 30 linear residual 2.034e-03
gmres iter 40 linear residual 1.592e-03
gmres iter 50 linear residual 6.939e-04
gmres iter 60 linear residual 4.756e-04
gmres iter 70 linear residual 3.793e-04
gmres iter 80 linear residual 3.525e-04
gmres iter 90 linear residual 3.425e-04
gmres iter 100 linear residual 2.892e-04
gmres iter 110 linear residual 1.972e-04
gmres iter 120 linear residual 1.499e-04
gmres iter 130 linear residual 1.329e-04
gmres iter 140 linear residual 1.132e-04
gmres iter 150 linear residual 9.664e-05
gmres iter 160 linear residual 7.428e-05
gmres iter 170 linear residual 5.620e-05
res 2.504e-04 (F-block 8.585e-05 p-block 5.670e-05) alpha 1 eta 1.00e-02 iter times 172
gmres iter 10 linear residual 1.620e-02
gmres iter 20 linear residual 4.255e-03
gmres iter 30 linear residual 2.698e-03
gmres iter 40 linear residual 2.042e-03
gmres iter 50 linear residual 1.820e-03
gmres iter 60 linear residual 1.680e-03
gmres iter 70 linear residual 1.598e-03
gmres iter 80 linear residual 1.494e-03
gmres iter 90 linear residual 1.374e-03
gmres iter 100 linear residual 1.213e-03
gmres iter 110 linear residual 1.204e-03
gmres iter 120 linear residual 1.172e-03
gmres iter 130 linear residual 1.044e-03
gmres iter 140 linear residual 9.525e-04
gmres iter 150 linear residual 8.174e-04
gmres iter 160 linear residual 6.875e-04
gmres iter 170 linear residual 6.314e-04
gmres iter 180 linear residual 5.451e-04
gmres iter 190 linear residual 4.528e-04
gmres iter 200 linear residual 3.789e-04
gmres iter 210 linear residual 3.604e-04
gmres iter 220 linear residual 3.267e-04
gmres iter 230 linear residual 2.959e-04
gmres iter 240 linear residual 2.869e-04
gmres iter 250 linear residual 2.728e-04
gmres iter 260 linear residual 2.531e-04
gmres iter 270 linear residual 2.357e-04
gmres iter 280 linear residual 2.023e-04
gmres iter 290 linear residual 1.886e-04
gmres iter 300 linear residual 1.580e-04
gmres iter 310 linear residual 1.486e-04
gmres iter 320 linear residual 1.326e-04
gmres iter 330 linear residual 1.111e-04
gmres iter 340 linear residual 1.031e-04
gmres iter 350 linear residual 9.645e-05
gmres iter 360 linear residual 8.508e-05
gmres iter 370 linear residual 7.925e-05
gmres iter 380 linear residual 7.104e-05
gmres iter 390 linear residual 6.532e-05
gmres iter 400 linear residual 5.660e-05
gmres iter 410 linear residual 5.358e-05
gmres iter 420 linear residual 5.070e-05
gmres iter 430 linear residual 4.708e-05
gmres iter 440 linear residual 4.300e-05
gmres iter 450 linear residual 4.017e-05
gmres iter 460 linear residual 3.838e-05
gmres iter 470 linear residual 3.707e-05
gmres iter 480 linear residual 3.482e-05
gmres iter 490 linear residual 2.992e-05
gmres iter 500 linear residual 2.477e-05
gmres iter 510 linear residual 2.314e-05
gmres iter 520 linear residual 2.161e-05
gmres iter 530 linear residual 2.015e-05
gmres iter 540 linear residual 1.953e-05
gmres iter 550 linear residual 1.832e-05
gmres iter 560 linear residual 1.663e-05
gmres iter 570 linear residual 1.504e-05
gmres iter 580 linear residual 1.345e-05
gmres iter 590 linear residual 1.237e-05
gmres iter 600 linear residual 1.146e-05
gmres iter 610 linear residual 1.095e-05
gmres iter 620 linear residual 1.068e-05
gmres iter 630 linear residual 9.954e-06
gmres iter 640 linear residual 8.481e-06
gmres iter 650 linear residual 7.643e-06
gmres iter 660 linear residual 6.888e-06
gmres iter 670 linear residual 6.101e-06
res 1.258e-04 (F-block 2.316e-05 p-block 1.611e-05) alpha 1 eta 1.04e-03 iter times 677
gmres iter 10 linear residual 1.573e-02
gmres iter 20 linear residual 3.043e-03
gmres iter 30 linear residual 1.976e-03
gmres iter 40 linear residual 1.431e-03
gmres iter 50 linear residual 5.183e-04
gmres iter 60 linear residual 3.933e-04
gmres iter 70 linear residual 3.535e-04
gmres iter 80 linear residual 3.422e-04
gmres iter 90 linear residual 3.068e-04
gmres iter 100 linear residual 2.524e-04
gmres iter 110 linear residual 2.006e-04
gmres iter 120 linear residual 1.613e-04
gmres iter 130 linear residual 1.468e-04
gmres iter 140 linear residual 1.182e-04
gmres iter 150 linear residual 9.008e-05
gmres iter 160 linear residual 7.745e-05
res 1.971e-06 (F-block 2.063e-07 p-block 1.565e-08) alpha 1 eta 1.00e-02 iter times 163
time this step...111.18895506858826
this increment is 0.014062500000000002 (target 0.2) ------------------------
gmres iter 10 linear residual 4.209e-03
gmres iter 20 linear residual 1.919e-03
gmres iter 30 linear residual 4.234e-04
gmres iter 40 linear residual 3.789e-04
gmres iter 50 linear residual 2.034e-04
gmres iter 60 linear residual 7.139e-05
gmres iter 70 linear residual 5.291e-05
gmres iter 80 linear residual 3.841e-05
gmres iter 90 linear residual 3.218e-05
gmres iter 100 linear residual 2.989e-05
gmres iter 110 linear residual 2.956e-05
gmres iter 120 linear residual 2.846e-05
res 8.707e-03 (F-block 1.189e-02 p-block 7.105e-03) alpha 1 eta 1.00e-02 iter times 126
gmres iter 10 linear residual 9.250e-03
gmres iter 20 linear residual 4.626e-03
gmres iter 30 linear residual 2.285e-03
gmres iter 40 linear residual 1.439e-03
gmres iter 50 linear residual 9.525e-04
gmres iter 60 linear residual 6.194e-04
gmres iter 70 linear residual 4.439e-04
gmres iter 80 linear residual 3.517e-04
gmres iter 90 linear residual 2.884e-04
gmres iter 100 linear residual 2.433e-04
gmres iter 110 linear residual 2.300e-04
gmres iter 120 linear residual 2.110e-04
gmres iter 130 linear residual 1.935e-04
gmres iter 140 linear residual 1.800e-04
gmres iter 150 linear residual 1.628e-04
gmres iter 160 linear residual 1.374e-04
gmres iter 170 linear residual 1.099e-04
gmres iter 180 linear residual 9.515e-05
gmres iter 190 linear residual 8.300e-05
gmres iter 200 linear residual 7.400e-05
gmres iter 210 linear residual 7.155e-05
gmres iter 220 linear residual 6.888e-05
gmres iter 230 linear residual 6.398e-05
gmres iter 240 linear residual 5.833e-05
gmres iter 250 linear residual 5.313e-05
gmres iter 260 linear residual 4.823e-05
gmres iter 270 linear residual 4.487e-05
gmres iter 280 linear residual 4.094e-05
gmres iter 290 linear residual 3.653e-05
gmres iter 300 linear residual 3.318e-05
gmres iter 310 linear residual 3.098e-05
gmres iter 320 linear residual 2.863e-05
gmres iter 330 linear residual 2.650e-05
gmres iter 340 linear residual 2.561e-05
gmres iter 350 linear residual 2.385e-05
gmres iter 360 linear residual 2.168e-05
gmres iter 370 linear residual 1.921e-05
gmres iter 380 linear residual 1.773e-05
gmres iter 390 linear residual 1.653e-05
gmres iter 400 linear residual 1.530e-05
gmres iter 410 linear residual 1.480e-05
gmres iter 420 linear residual 1.446e-05
gmres iter 430 linear residual 1.381e-05
gmres iter 440 linear residual 1.271e-05
gmres iter 450 linear residual 1.197e-05
gmres iter 460 linear residual 1.132e-05
gmres iter 470 linear residual 1.084e-05
gmres iter 480 linear residual 1.025e-05
res 2.551e-03 (F-block 5.441e-03 p-block 3.903e-03) alpha 1 eta 1.00e-03 iter times 486
gmres iter 10 linear residual 1.454e-02
gmres iter 20 linear residual 3.350e-03
gmres iter 30 linear residual 2.076e-03
gmres iter 40 linear residual 1.407e-03
gmres iter 50 linear residual 4.307e-04
gmres iter 60 linear residual 4.053e-04
gmres iter 70 linear residual 3.895e-04
gmres iter 80 linear residual 3.190e-04
gmres iter 90 linear residual 2.131e-04
gmres iter 100 linear residual 1.523e-04
gmres iter 110 linear residual 1.293e-04
gmres iter 120 linear residual 1.144e-04
gmres iter 130 linear residual 9.259e-05
gmres iter 140 linear residual 7.639e-05
gmres iter 150 linear residual 6.182e-05
res 3.032e-04 (F-block 1.196e-04 p-block 7.930e-05) alpha 1 eta 1.00e-02 iter times 151
gmres iter 10 linear residual 1.557e-02
gmres iter 20 linear residual 5.021e-03
gmres iter 30 linear residual 3.536e-03
gmres iter 40 linear residual 2.992e-03
gmres iter 50 linear residual 2.634e-03
gmres iter 60 linear residual 2.368e-03
gmres iter 70 linear residual 2.321e-03
gmres iter 80 linear residual 2.269e-03
gmres iter 90 linear residual 1.952e-03
gmres iter 100 linear residual 1.596e-03
gmres iter 110 linear residual 1.565e-03
gmres iter 120 linear residual 1.467e-03
gmres iter 130 linear residual 1.198e-03
gmres iter 140 linear residual 9.368e-04
gmres iter 150 linear residual 8.235e-04
gmres iter 160 linear residual 7.333e-04
gmres iter 170 linear residual 6.783e-04
gmres iter 180 linear residual 5.882e-04
gmres iter 190 linear residual 4.898e-04
gmres iter 200 linear residual 3.991e-04
gmres iter 210 linear residual 3.597e-04
gmres iter 220 linear residual 3.273e-04
gmres iter 230 linear residual 3.162e-04
gmres iter 240 linear residual 3.095e-04
gmres iter 250 linear residual 3.006e-04
gmres iter 260 linear residual 2.851e-04
gmres iter 270 linear residual 2.707e-04
gmres iter 280 linear residual 2.540e-04
gmres iter 290 linear residual 2.208e-04
gmres iter 300 linear residual 1.449e-04
gmres iter 310 linear residual 1.202e-04
gmres iter 320 linear residual 1.040e-04
gmres iter 330 linear residual 9.598e-05
gmres iter 340 linear residual 9.042e-05
gmres iter 350 linear residual 8.413e-05
gmres iter 360 linear residual 7.954e-05
gmres iter 370 linear residual 7.476e-05
gmres iter 380 linear residual 6.983e-05
gmres iter 390 linear residual 6.351e-05
gmres iter 400 linear residual 5.518e-05
gmres iter 410 linear residual 5.135e-05
gmres iter 420 linear residual 4.733e-05
gmres iter 430 linear residual 4.375e-05
gmres iter 440 linear residual 4.077e-05
gmres iter 450 linear residual 3.829e-05
gmres iter 460 linear residual 3.597e-05
gmres iter 470 linear residual 3.459e-05
gmres iter 480 linear residual 3.229e-05
gmres iter 490 linear residual 2.915e-05
gmres iter 500 linear residual 2.552e-05
gmres iter 510 linear residual 2.356e-05
gmres iter 520 linear residual 2.161e-05
gmres iter 530 linear residual 1.933e-05
gmres iter 540 linear residual 1.807e-05
gmres iter 550 linear residual 1.643e-05
gmres iter 560 linear residual 1.469e-05
gmres iter 570 linear residual 1.351e-05
gmres iter 580 linear residual 1.252e-05
gmres iter 590 linear residual 1.178e-05
gmres iter 600 linear residual 1.111e-05
gmres iter 610 linear residual 1.047e-05
gmres iter 620 linear residual 9.893e-06
gmres iter 630 linear residual 9.431e-06
gmres iter 640 linear residual 8.860e-06
gmres iter 650 linear residual 8.549e-06
gmres iter 660 linear residual 8.169e-06
gmres iter 670 linear residual 7.005e-06
gmres iter 680 linear residual 5.237e-06
gmres iter 690 linear residual 3.902e-06
res 2.679e-04 (F-block 8.774e-05 p-block 6.286e-05) alpha 1 eta 1.00e-03 iter times 693
gmres iter 10 linear residual 1.420e-02
gmres iter 20 linear residual 3.156e-03
gmres iter 30 linear residual 1.959e-03
gmres iter 40 linear residual 1.351e-03
gmres iter 50 linear residual 3.836e-04
gmres iter 60 linear residual 3.716e-04
gmres iter 70 linear residual 3.544e-04
gmres iter 80 linear residual 2.683e-04
gmres iter 90 linear residual 1.876e-04
gmres iter 100 linear residual 1.344e-04
gmres iter 110 linear residual 1.228e-04
gmres iter 120 linear residual 1.131e-04
gmres iter 130 linear residual 9.551e-05
gmres iter 140 linear residual 8.481e-05
gmres iter 150 linear residual 7.424e-05
res 5.018e-06 (F-block 7.549e-07 p-block 5.606e-08) alpha 1 eta 1.00e-02 iter times 150
time this step...106.21624684333801
this increment is 0.0015624999999999667 (target 0.2) ------------------------
gmres iter 10 linear residual 4.210e-03
gmres iter 20 linear residual 1.924e-03
gmres iter 30 linear residual 4.202e-04
gmres iter 40 linear residual 3.790e-04
gmres iter 50 linear residual 2.061e-04
gmres iter 60 linear residual 6.365e-05
gmres iter 70 linear residual 4.325e-05
gmres iter 80 linear residual 2.616e-05
res 9.347e-04 (F-block 2.826e-03 p-block 1.898e-03) alpha 1 eta 1.00e-02 iter times 80
gmres iter 10 linear residual 2.927e-02
gmres iter 20 linear residual 1.972e-02
gmres iter 30 linear residual 1.140e-02
gmres iter 40 linear residual 6.850e-03
gmres iter 50 linear residual 4.399e-03
gmres iter 60 linear residual 2.812e-03
gmres iter 70 linear residual 1.988e-03
gmres iter 80 linear residual 1.485e-03
gmres iter 90 linear residual 1.215e-03
gmres iter 100 linear residual 1.010e-03
gmres iter 110 linear residual 9.322e-04
gmres iter 120 linear residual 8.566e-04
gmres iter 130 linear residual 8.066e-04
gmres iter 140 linear residual 7.238e-04
gmres iter 150 linear residual 6.287e-04
gmres iter 160 linear residual 5.030e-04
gmres iter 170 linear residual 3.569e-04
gmres iter 180 linear residual 3.039e-04
gmres iter 190 linear residual 2.678e-04
gmres iter 200 linear residual 2.351e-04
gmres iter 210 linear residual 2.201e-04
gmres iter 220 linear residual 2.034e-04
gmres iter 230 linear residual 1.801e-04
gmres iter 240 linear residual 1.498e-04
gmres iter 250 linear residual 1.284e-04
gmres iter 260 linear residual 1.176e-04
gmres iter 270 linear residual 1.049e-04
gmres iter 280 linear residual 9.238e-05
gmres iter 290 linear residual 7.310e-05
gmres iter 300 linear residual 6.139e-05
gmres iter 310 linear residual 5.501e-05
gmres iter 320 linear residual 4.890e-05
gmres iter 330 linear residual 4.401e-05
gmres iter 340 linear residual 3.982e-05
gmres iter 350 linear residual 3.627e-05
gmres iter 360 linear residual 2.999e-05
gmres iter 370 linear residual 2.431e-05
gmres iter 380 linear residual 2.109e-05
gmres iter 390 linear residual 1.930e-05
gmres iter 400 linear residual 1.746e-05
gmres iter 410 linear residual 1.636e-05
gmres iter 420 linear residual 1.529e-05
gmres iter 430 linear residual 1.360e-05
gmres iter 440 linear residual 1.142e-05
res 2.387e-04 (F-block 3.191e-04 p-block 2.397e-04) alpha 1 eta 1.00e-03 iter times 445
gmres iter 10 linear residual 1.508e-02
gmres iter 20 linear residual 3.512e-03
gmres iter 30 linear residual 1.976e-03
gmres iter 40 linear residual 1.502e-03
gmres iter 50 linear residual 6.025e-04
gmres iter 60 linear residual 3.989e-04
gmres iter 70 linear residual 3.738e-04
gmres iter 80 linear residual 3.543e-04
gmres iter 90 linear residual 2.974e-04
gmres iter 100 linear residual 2.072e-04
gmres iter 110 linear residual 1.646e-04
gmres iter 120 linear residual 1.365e-04
gmres iter 130 linear residual 1.210e-04
gmres iter 140 linear residual 1.001e-04
gmres iter 150 linear residual 7.825e-05
gmres iter 160 linear residual 6.395e-05
res 2.885e-06 (F-block 2.524e-06 p-block 1.963e-07) alpha 1 eta 1.00e-02 iter times 162
time this step...44.744160890579224
now P is...
[[ 2.46371920e+00  1.84548350e-03 -5.42621304e-02]
 [ 1.41553204e-03 -2.25950307e-08  2.61560379e-02]
 [-4.14043989e-02  2.60203156e-02  2.06563806e-08]]
now F is...
[[ 1.20000000e+00  2.56397382e-18  1.32763906e-19]
 [-1.19254596e-19  9.20429154e-01 -1.25776332e-19]
 [-3.57763789e-19  6.84223246e-18  9.15653016e-01]]
intermediate results saved (2 increments in output.csv)
this increment is 0.0015624999999999667 (target 0.30000000000000004) ------------------------
gmres iter 10 linear residual 4.210e-03
gmres iter 20 linear residual 1.924e-03
gmres iter 30 linear residual 4.200e-04
gmres iter 40 linear residual 3.791e-04
gmres iter 50 linear residual 2.065e-04
gmres iter 60 linear residual 6.368e-05
gmres iter 70 linear residual 4.332e-05
gmres iter 80 linear residual 2.629e-05
res 9.336e-04 (F-block 2.825e-03 p-block 1.899e-03) alpha 1 eta 1.00e-02 iter times 80
gmres iter 10 linear residual 2.928e-02
gmres iter 20 linear residual 1.974e-02
gmres iter 30 linear residual 1.140e-02
gmres iter 40 linear residual 6.864e-03
gmres iter 50 linear residual 4.422e-03
gmres iter 60 linear residual 2.836e-03
gmres iter 70 linear residual 2.010e-03
gmres iter 80 linear residual 1.510e-03
gmres iter 90 linear residual 1.238e-03
gmres iter 100 linear residual 1.032e-03
gmres iter 110 linear residual 9.545e-04
gmres iter 120 linear residual 8.787e-04
gmres iter 130 linear residual 8.284e-04
gmres iter 140 linear residual 7.445e-04
gmres iter 150 linear residual 6.483e-04
gmres iter 160 linear residual 5.201e-04
gmres iter 170 linear residual 3.667e-04
gmres iter 180 linear residual 3.110e-04
gmres iter 190 linear residual 2.734e-04
gmres iter 200 linear residual 2.398e-04
gmres iter 210 linear residual 2.243e-04
gmres iter 220 linear residual 2.071e-04
gmres iter 230 linear residual 1.828e-04
gmres iter 240 linear residual 1.510e-04
gmres iter 250 linear residual 1.292e-04
gmres iter 260 linear residual 1.180e-04
gmres iter 270 linear residual 1.053e-04
gmres iter 280 linear residual 9.265e-05
gmres iter 290 linear residual 7.390e-05
gmres iter 300 linear residual 6.229e-05
gmres iter 310 linear residual 5.588e-05
gmres iter 320 linear residual 4.982e-05
gmres iter 330 linear residual 4.476e-05
gmres iter 340 linear residual 4.038e-05
gmres iter 350 linear residual 3.661e-05
gmres iter 360 linear residual 3.028e-05
gmres iter 370 linear residual 2.435e-05
gmres iter 380 linear residual 2.105e-05
gmres iter 390 linear residual 1.917e-05
gmres iter 400 linear residual 1.737e-05
gmres iter 410 linear residual 1.629e-05
gmres iter 420 linear residual 1.521e-05
gmres iter 430 linear residual 1.352e-05
gmres iter 440 linear residual 1.135e-05
res 2.425e-04 (F-block 3.369e-04 p-block 2.534e-04) alpha 1 eta 1.00e-03 iter times 444
gmres iter 10 linear residual 1.502e-02
gmres iter 20 linear residual 3.486e-03
gmres iter 30 linear residual 1.959e-03
gmres iter 40 linear residual 1.494e-03
gmres iter 50 linear residual 5.971e-04
gmres iter 60 linear residual 3.945e-04
gmres iter 70 linear residual 3.703e-04
gmres iter 80 linear residual 3.526e-04
gmres iter 90 linear residual 3.009e-04
gmres iter 100 linear residual 2.118e-04
gmres iter 110 linear residual 1.672e-04
gmres iter 120 linear residual 1.380e-04
gmres iter 130 linear residual 1.226e-04
gmres iter 140 linear residual 1.015e-04
gmres iter 150 linear residual 7.973e-05
gmres iter 160 linear residual 6.478e-05
res 3.108e-06 (F-block 2.726e-06 p-block 2.125e-07) alpha 1 eta 1.00e-02 iter times 162
time this step...44.23332500457764
this increment is 0.00234374999999995 (target 0.30000000000000004) ------------------------
gmres iter 10 linear residual 4.211e-03
gmres iter 20 linear residual 1.924e-03
gmres iter 30 linear residual 4.199e-04
gmres iter 40 linear residual 3.792e-04
gmres iter 50 linear residual 2.069e-04
gmres iter 60 linear residual 6.393e-05
gmres iter 70 linear residual 4.364e-05
gmres iter 80 linear residual 2.669e-05
res 1.401e-03 (F-block 2.870e-03 p-block 2.144e-03) alpha 1 eta 1.00e-02 iter times 81
gmres iter 10 linear residual 3.410e-02
gmres iter 20 linear residual 1.941e-02
gmres iter 30 linear residual 1.123e-02
gmres iter 40 linear residual 6.559e-03
gmres iter 50 linear residual 4.167e-03
gmres iter 60 linear residual 2.733e-03
gmres iter 70 linear residual 1.967e-03
gmres iter 80 linear residual 1.487e-03
gmres iter 90 linear residual 1.227e-03
gmres iter 100 linear residual 1.027e-03
gmres iter 110 linear residual 9.511e-04
gmres iter 120 linear residual 8.807e-04
gmres iter 130 linear residual 8.290e-04
gmres iter 140 linear residual 7.463e-04
gmres iter 150 linear residual 6.534e-04
gmres iter 160 linear residual 5.212e-04
gmres iter 170 linear residual 3.697e-04
gmres iter 180 linear residual 3.138e-04
gmres iter 190 linear residual 2.747e-04
gmres iter 200 linear residual 2.403e-04
gmres iter 210 linear residual 2.251e-04
gmres iter 220 linear residual 2.072e-04
gmres iter 230 linear residual 1.832e-04
gmres iter 240 linear residual 1.525e-04
gmres iter 250 linear residual 1.294e-04
gmres iter 260 linear residual 1.177e-04
gmres iter 270 linear residual 1.049e-04
gmres iter 280 linear residual 9.219e-05
gmres iter 290 linear residual 7.508e-05
gmres iter 300 linear residual 6.294e-05
gmres iter 310 linear residual 5.688e-05
gmres iter 320 linear residual 5.089e-05
gmres iter 330 linear residual 4.589e-05
gmres iter 340 linear residual 4.137e-05
gmres iter 350 linear residual 3.742e-05
gmres iter 360 linear residual 3.113e-05
gmres iter 370 linear residual 2.476e-05
gmres iter 380 linear residual 2.128e-05
gmres iter 390 linear residual 1.934e-05
gmres iter 400 linear residual 1.761e-05
gmres iter 410 linear residual 1.658e-05
gmres iter 420 linear residual 1.544e-05
gmres iter 430 linear residual 1.379e-05
gmres iter 440 linear residual 1.161e-05
res 3.672e-04 (F-block 5.257e-04 p-block 3.964e-04) alpha 1 eta 1.00e-03 iter times 445
gmres iter 10 linear residual 1.505e-02
gmres iter 20 linear residual 3.466e-03
gmres iter 30 linear residual 2.152e-03
gmres iter 40 linear residual 1.477e-03
gmres iter 50 linear residual 4.955e-04
gmres iter 60 linear residual 4.034e-04
gmres iter 70 linear residual 3.980e-04
gmres iter 80 linear residual 3.781e-04
gmres iter 90 linear residual 3.199e-04
gmres iter 100 linear residual 2.278e-04
gmres iter 110 linear residual 1.711e-04
gmres iter 120 linear residual 1.482e-04
gmres iter 130 linear residual 1.330e-04
gmres iter 140 linear residual 1.067e-04
gmres iter 150 linear residual 8.469e-05
gmres iter 160 linear residual 6.968e-05
res 7.994e-06 (F-block 4.692e-06 p-block 3.845e-07) alpha 1 eta 1.00e-02 iter times 160
time this step...44.07201552391052
this increment is 0.003515624999999925 (target 0.30000000000000004) ------------------------
gmres iter 10 linear residual 4.213e-03
gmres iter 20 linear residual 1.925e-03
gmres iter 30 linear residual 4.197e-04
gmres iter 40 linear residual 3.795e-04
gmres iter 50 linear residual 2.074e-04
gmres iter 60 linear residual 6.438e-05
gmres iter 70 linear residual 4.421e-05
gmres iter 80 linear residual 2.741e-05
res 2.101e-03 (F-block 3.276e-03 p-block 2.568e-03) alpha 1 eta 1.00e-02 iter times 82
gmres iter 10 linear residual 3.148e-02
gmres iter 20 linear residual 1.700e-02
gmres iter 30 linear residual 9.754e-03
gmres iter 40 linear residual 5.633e-03
gmres iter 50 linear residual 3.655e-03
gmres iter 60 linear residual 2.389e-03
gmres iter 70 linear residual 1.729e-03
gmres iter 80 linear residual 1.317e-03
gmres iter 90 linear residual 1.093e-03
gmres iter 100 linear residual 9.169e-04
gmres iter 110 linear residual 8.537e-04
gmres iter 120 linear residual 7.921e-04
gmres iter 130 linear residual 7.438e-04
gmres iter 140 linear residual 6.725e-04
gmres iter 150 linear residual 5.922e-04
gmres iter 160 linear residual 4.756e-04
gmres iter 170 linear residual 3.338e-04
gmres iter 180 linear residual 2.806e-04
gmres iter 190 linear residual 2.451e-04
gmres iter 200 linear residual 2.136e-04
gmres iter 210 linear residual 2.001e-04
gmres iter 220 linear residual 1.835e-04
gmres iter 230 linear residual 1.619e-04
gmres iter 240 linear residual 1.346e-04
gmres iter 250 linear residual 1.137e-04
gmres iter 260 linear residual 1.033e-04
gmres iter 270 linear residual 9.145e-05
gmres iter 280 linear residual 8.080e-05
gmres iter 290 linear residual 6.644e-05
gmres iter 300 linear residual 5.639e-05
gmres iter 310 linear residual 5.117e-05
gmres iter 320 linear residual 4.607e-05
gmres iter 330 linear residual 4.176e-05
gmres iter 340 linear residual 3.764e-05
gmres iter 350 linear residual 3.410e-05
gmres iter 360 linear residual 2.827e-05
gmres iter 370 linear residual 2.225e-05
gmres iter 380 linear residual 1.921e-05
gmres iter 390 linear residual 1.736e-05
gmres iter 400 linear residual 1.583e-05
gmres iter 410 linear residual 1.489e-05
gmres iter 420 linear residual 1.388e-05
gmres iter 430 linear residual 1.243e-05
gmres iter 440 linear residual 1.039e-05
res 5.545e-04 (F-block 8.000e-04 p-block 6.068e-04) alpha 1 eta 1.00e-03 iter times 440
gmres iter 10 linear residual 1.517e-02
gmres iter 20 linear residual 3.464e-03
gmres iter 30 linear residual 2.152e-03
gmres iter 40 linear residual 1.493e-03
gmres iter 50 linear residual 5.016e-04
gmres iter 60 linear residual 4.116e-04
gmres iter 70 linear residual 3.935e-04
gmres iter 80 linear residual 3.793e-04
gmres iter 90 linear residual 3.332e-04
gmres iter 100 linear residual 2.402e-04
gmres iter 110 linear residual 1.832e-04
gmres iter 120 linear residual 1.568e-04
gmres iter 130 linear residual 1.390e-04
gmres iter 140 linear residual 1.134e-04
gmres iter 150 linear residual 8.771e-05
gmres iter 160 linear residual 7.084e-05
res 1.954e-05 (F-block 7.307e-06 p-block 1.265e-06) alpha 1 eta 1.00e-02 iter times 161
time this step...43.68279051780701
this increment is 0.005273437499999888 (target 0.30000000000000004) ------------------------
gmres iter 10 linear residual 4.215e-03
gmres iter 20 linear residual 1.926e-03
gmres iter 30 linear residual 4.196e-04
gmres iter 40 linear residual 3.799e-04
gmres iter 50 linear residual 2.082e-04
gmres iter 60 linear residual 6.523e-05
gmres iter 70 linear residual 4.531e-05
gmres iter 80 linear residual 2.877e-05
res 3.150e-03 (F-block 4.348e-03 p-block 3.251e-03) alpha 1 eta 1.00e-02 iter times 83
gmres iter 10 linear residual 2.297e-02
gmres iter 20 linear residual 1.307e-02
gmres iter 30 linear residual 7.371e-03
gmres iter 40 linear residual 4.239e-03
gmres iter 50 linear residual 2.750e-03
gmres iter 60 linear residual 1.799e-03
gmres iter 70 linear residual 1.316e-03
gmres iter 80 linear residual 1.020e-03
gmres iter 90 linear residual 8.457e-04
gmres iter 100 linear residual 7.120e-04
gmres iter 110 linear residual 6.672e-04
gmres iter 120 linear residual 6.181e-04
gmres iter 130 linear residual 5.791e-04
gmres iter 140 linear residual 5.261e-04
gmres iter 150 linear residual 4.642e-04
gmres iter 160 linear residual 3.740e-04
gmres iter 170 linear residual 2.588e-04
gmres iter 180 linear residual 2.137e-04
gmres iter 190 linear residual 1.865e-04
gmres iter 200 linear residual 1.616e-04
gmres iter 210 linear residual 1.510e-04
gmres iter 220 linear residual 1.381e-04
gmres iter 230 linear residual 1.212e-04
gmres iter 240 linear residual 1.000e-04
gmres iter 250 linear residual 8.528e-05
gmres iter 260 linear residual 7.621e-05
gmres iter 270 linear residual 6.752e-05
gmres iter 280 linear residual 5.918e-05
gmres iter 290 linear residual 4.981e-05
gmres iter 300 linear residual 4.304e-05
gmres iter 310 linear residual 3.927e-05
gmres iter 320 linear residual 3.559e-05
gmres iter 330 linear residual 3.214e-05
gmres iter 340 linear residual 2.918e-05
gmres iter 350 linear residual 2.646e-05
gmres iter 360 linear residual 2.198e-05
gmres iter 370 linear residual 1.740e-05
gmres iter 380 linear residual 1.516e-05
gmres iter 390 linear residual 1.378e-05
gmres iter 400 linear residual 1.255e-05
gmres iter 410 linear residual 1.178e-05
gmres iter 420 linear residual 1.102e-05
gmres iter 430 linear residual 9.957e-06
gmres iter 440 linear residual 8.515e-06
gmres iter 450 linear residual 7.497e-06
gmres iter 460 linear residual 6.904e-06
gmres iter 470 linear residual 6.209e-06
gmres iter 480 linear residual 5.577e-06
gmres iter 490 linear residual 4.848e-06
gmres iter 500 linear residual 4.400e-06
res 8.317e-04 (F-block 1.170e-03 p-block 8.984e-04) alpha 1 eta 1.00e-03 iter times 500
gmres iter 10 linear residual 1.545e-02
gmres iter 20 linear residual 3.486e-03
gmres iter 30 linear residual 2.165e-03
gmres iter 40 linear residual 1.526e-03
gmres iter 50 linear residual 5.193e-04
gmres iter 60 linear residual 4.311e-04
gmres iter 70 linear residual 3.812e-04
gmres iter 80 linear residual 3.741e-04
gmres iter 90 linear residual 3.479e-04
gmres iter 100 linear residual 2.766e-04
gmres iter 110 linear residual 2.127e-04
gmres iter 120 linear residual 1.700e-04
gmres iter 130 linear residual 1.495e-04
gmres iter 140 linear residual 1.246e-04
gmres iter 150 linear residual 9.430e-05
gmres iter 160 linear residual 7.001e-05
res 4.815e-05 (F-block 1.229e-05 p-block 5.310e-06) alpha 1 eta 1.00e-02 iter times 164
gmres iter 10 linear residual 1.446e-02
gmres iter 20 linear residual 6.845e-03
gmres iter 30 linear residual 5.447e-03
gmres iter 40 linear residual 4.987e-03
gmres iter 50 linear residual 4.658e-03
gmres iter 60 linear residual 4.415e-03
gmres iter 70 linear residual 4.324e-03
gmres iter 80 linear residual 4.032e-03
gmres iter 90 linear residual 3.275e-03
gmres iter 100 linear residual 2.642e-03
gmres iter 110 linear residual 2.571e-03
gmres iter 120 linear residual 2.396e-03
gmres iter 130 linear residual 2.043e-03
gmres iter 140 linear residual 1.854e-03
gmres iter 150 linear residual 1.741e-03
gmres iter 160 linear residual 1.512e-03
gmres iter 170 linear residual 1.098e-03
gmres iter 180 linear residual 7.910e-04
gmres iter 190 linear residual 6.230e-04
gmres iter 200 linear residual 5.120e-04
gmres iter 210 linear residual 4.828e-04
gmres iter 220 linear residual 4.443e-04
gmres iter 230 linear residual 4.126e-04
gmres iter 240 linear residual 3.947e-04
gmres iter 250 linear residual 3.737e-04
gmres iter 260 linear residual 3.555e-04
gmres iter 270 linear residual 3.193e-04
gmres iter 280 linear residual 2.827e-04
gmres iter 290 linear residual 2.446e-04
gmres iter 300 linear residual 1.922e-04
gmres iter 310 linear residual 1.688e-04
gmres iter 320 linear residual 1.554e-04
gmres iter 330 linear residual 1.485e-04
gmres iter 340 linear residual 1.439e-04
gmres iter 350 linear residual 1.385e-04
gmres iter 360 linear residual 1.282e-04
gmres iter 370 linear residual 1.184e-04
gmres iter 380 linear residual 1.071e-04
gmres iter 390 linear residual 1.006e-04
gmres iter 400 linear residual 9.504e-05
gmres iter 410 linear residual 9.216e-05
gmres iter 420 linear residual 8.690e-05
gmres iter 430 linear residual 7.947e-05
gmres iter 440 linear residual 7.316e-05
gmres iter 450 linear residual 6.856e-05
gmres iter 460 linear residual 6.532e-05
gmres iter 470 linear residual 6.306e-05
gmres iter 480 linear residual 5.852e-05
gmres iter 490 linear residual 5.069e-05
gmres iter 500 linear residual 4.451e-05
gmres iter 510 linear residual 4.228e-05
gmres iter 520 linear residual 3.737e-05
gmres iter 530 linear residual 3.274e-05
gmres iter 540 linear residual 3.046e-05
gmres iter 550 linear residual 2.852e-05
gmres iter 560 linear residual 2.728e-05
gmres iter 570 linear residual 2.557e-05
gmres iter 580 linear residual 2.390e-05
gmres iter 590 linear residual 2.249e-05
gmres iter 600 linear residual 2.021e-05
gmres iter 610 linear residual 1.910e-05
gmres iter 620 linear residual 1.778e-05
gmres iter 630 linear residual 1.637e-05
gmres iter 640 linear residual 1.520e-05
gmres iter 650 linear residual 1.425e-05
gmres iter 660 linear residual 1.344e-05
gmres iter 670 linear residual 1.269e-05
gmres iter 680 linear residual 1.195e-05
gmres iter 690 linear residual 1.147e-05
gmres iter 700 linear residual 1.113e-05
gmres iter 710 linear residual 1.043e-05
gmres iter 720 linear residual 9.804e-06
gmres iter 730 linear residual 8.842e-06
gmres iter 740 linear residual 8.281e-06
gmres iter 750 linear residual 7.896e-06
gmres iter 760 linear residual 7.608e-06
gmres iter 770 linear residual 6.749e-06
gmres iter 780 linear residual 5.858e-06
res 1.767e-05 (F-block 7.518e-07 p-block 5.910e-07) alpha 1 eta 1.00e-03 iter times 781
time this step...97.96395325660706
this increment is 0.007910156249999831 (target 0.30000000000000004) ------------------------
gmres iter 10 linear residual 4.220e-03
gmres iter 20 linear residual 1.927e-03
gmres iter 30 linear residual 4.196e-04
gmres iter 40 linear residual 3.809e-04
gmres iter 50 linear residual 2.093e-04
gmres iter 60 linear residual 6.701e-05
gmres iter 70 linear residual 4.758e-05
gmres iter 80 linear residual 3.161e-05
res 4.731e-03 (F-block 6.430e-03 p-block 4.345e-03) alpha 1 eta 1.00e-02 iter times 86
gmres iter 10 linear residual 1.562e-02
gmres iter 20 linear residual 8.701e-03
gmres iter 30 linear residual 4.876e-03
gmres iter 40 linear residual 2.908e-03
gmres iter 50 linear residual 1.835e-03
gmres iter 60 linear residual 1.201e-03
gmres iter 70 linear residual 8.926e-04
gmres iter 80 linear residual 7.072e-04
gmres iter 90 linear residual 5.863e-04
gmres iter 100 linear residual 4.951e-04
gmres iter 110 linear residual 4.686e-04
gmres iter 120 linear residual 4.340e-04
gmres iter 130 linear residual 3.997e-04
gmres iter 140 linear residual 3.631e-04
gmres iter 150 linear residual 3.218e-04
gmres iter 160 linear residual 2.602e-04
gmres iter 170 linear residual 1.757e-04
gmres iter 180 linear residual 1.406e-04
gmres iter 190 linear residual 1.213e-04
gmres iter 200 linear residual 1.043e-04
gmres iter 210 linear residual 9.749e-05
gmres iter 220 linear residual 8.837e-05
gmres iter 230 linear residual 7.633e-05
gmres iter 240 linear residual 6.350e-05
gmres iter 250 linear residual 5.418e-05
gmres iter 260 linear residual 4.725e-05
gmres iter 270 linear residual 4.202e-05
gmres iter 280 linear residual 3.707e-05
gmres iter 290 linear residual 3.196e-05
gmres iter 300 linear residual 2.813e-05
gmres iter 310 linear residual 2.588e-05
gmres iter 320 linear residual 2.330e-05
gmres iter 330 linear residual 2.103e-05
gmres iter 340 linear residual 1.938e-05
gmres iter 350 linear residual 1.752e-05
gmres iter 360 linear residual 1.482e-05
res 1.200e-03 (F-block 1.472e-03 p-block 1.162e-03) alpha 1 eta 1.00e-03 iter times 368
gmres iter 10 linear residual 1.593e-02
gmres iter 20 linear residual 3.549e-03
gmres iter 30 linear residual 2.196e-03
gmres iter 40 linear residual 1.574e-03
gmres iter 50 linear residual 5.405e-04
gmres iter 60 linear residual 4.497e-04
gmres iter 70 linear residual 3.812e-04
gmres iter 80 linear residual 3.783e-04
gmres iter 90 linear residual 3.544e-04
gmres iter 100 linear residual 2.912e-04
gmres iter 110 linear residual 2.141e-04
gmres iter 120 linear residual 1.699e-04
gmres iter 130 linear residual 1.444e-04
gmres iter 140 linear residual 1.190e-04
gmres iter 150 linear residual 9.150e-05
gmres iter 160 linear residual 6.698e-05
res 8.050e-05 (F-block 1.662e-05 p-block 9.163e-06) alpha 1 eta 1.00e-02 iter times 166
gmres iter 10 linear residual 1.547e-02
gmres iter 20 linear residual 6.199e-03
gmres iter 30 linear residual 4.845e-03
gmres iter 40 linear residual 4.456e-03
gmres iter 50 linear residual 4.167e-03
gmres iter 60 linear residual 3.948e-03
gmres iter 70 linear residual 3.837e-03
gmres iter 80 linear residual 3.587e-03
gmres iter 90 linear residual 3.009e-03
gmres iter 100 linear residual 2.271e-03
gmres iter 110 linear residual 2.143e-03
gmres iter 120 linear residual 2.010e-03
gmres iter 130 linear residual 1.806e-03
gmres iter 140 linear residual 1.743e-03
gmres iter 150 linear residual 1.614e-03
gmres iter 160 linear residual 1.340e-03
gmres iter 170 linear residual 1.049e-03
gmres iter 180 linear residual 8.972e-04
gmres iter 190 linear residual 7.594e-04
gmres iter 200 linear residual 6.996e-04
gmres iter 210 linear residual 6.860e-04
gmres iter 220 linear residual 6.500e-04
gmres iter 230 linear residual 6.155e-04
gmres iter 240 linear residual 5.861e-04
gmres iter 250 linear residual 5.640e-04
gmres iter 260 linear residual 5.446e-04
gmres iter 270 linear residual 5.052e-04
gmres iter 280 linear residual 4.477e-04
gmres iter 290 linear residual 3.866e-04
gmres iter 300 linear residual 3.265e-04
gmres iter 310 linear residual 3.017e-04
gmres iter 320 linear residual 2.750e-04
gmres iter 330 linear residual 2.538e-04
gmres iter 340 linear residual 2.358e-04
gmres iter 350 linear residual 2.212e-04
gmres iter 360 linear residual 2.086e-04
gmres iter 370 linear residual 1.983e-04
gmres iter 380 linear residual 1.861e-04
gmres iter 390 linear residual 1.758e-04
gmres iter 400 linear residual 1.693e-04
gmres iter 410 linear residual 1.643e-04
gmres iter 420 linear residual 1.569e-04
gmres iter 430 linear residual 1.478e-04
gmres iter 440 linear residual 1.379e-04
gmres iter 450 linear residual 1.270e-04
gmres iter 460 linear residual 1.230e-04
gmres iter 470 linear residual 1.190e-04
gmres iter 480 linear residual 1.054e-04
gmres iter 490 linear residual 7.956e-05
gmres iter 500 linear residual 6.291e-05
gmres iter 510 linear residual 5.560e-05
gmres iter 520 linear residual 4.744e-05
gmres iter 530 linear residual 4.249e-05
gmres iter 540 linear residual 3.886e-05
gmres iter 550 linear residual 3.598e-05
gmres iter 560 linear residual 3.262e-05
gmres iter 570 linear residual 2.916e-05
gmres iter 580 linear residual 2.672e-05
gmres iter 590 linear residual 2.552e-05
gmres iter 600 linear residual 2.464e-05
gmres iter 610 linear residual 2.411e-05
gmres iter 620 linear residual 2.345e-05
gmres iter 630 linear residual 2.242e-05
gmres iter 640 linear residual 2.088e-05
gmres iter 650 linear residual 1.904e-05
gmres iter 660 linear residual 1.757e-05
gmres iter 670 linear residual 1.640e-05
gmres iter 680 linear residual 1.432e-05
gmres iter 690 linear residual 1.194e-05
gmres iter 700 linear residual 1.063e-05
gmres iter 710 linear residual 9.653e-06
gmres iter 720 linear residual 8.923e-06
gmres iter 730 linear residual 8.284e-06
gmres iter 740 linear residual 7.547e-06
gmres iter 750 linear residual 6.857e-06
gmres iter 760 linear residual 6.436e-06
gmres iter 770 linear residual 6.185e-06
gmres iter 780 linear residual 5.953e-06
res 2.983e-05 (F-block 1.138e-06 p-block 8.976e-07) alpha 1 eta 1.00e-03 iter times 788
time this step...90.66924571990967
this increment is 0.011865234374999747 (target 0.30000000000000004) ------------------------
gmres iter 10 linear residual 4.227e-03
gmres iter 20 linear residual 1.928e-03
gmres iter 30 linear residual 4.202e-04
gmres iter 40 linear residual 3.830e-04
gmres iter 50 linear residual 2.113e-04
gmres iter 60 linear residual 7.096e-05
gmres iter 70 linear residual 5.250e-05
gmres iter 80 linear residual 3.838e-05
gmres iter 90 linear residual 3.264e-05
gmres iter 100 linear residual 3.035e-05
gmres iter 110 linear residual 3.005e-05
gmres iter 120 linear residual 2.886e-05
res 7.096e-03 (F-block 9.796e-03 p-block 5.961e-03) alpha 1 eta 1.00e-02 iter times 127
gmres iter 10 linear residual 1.047e-02
gmres iter 20 linear residual 5.509e-03
gmres iter 30 linear residual 3.025e-03
gmres iter 40 linear residual 1.967e-03
gmres iter 50 linear residual 1.343e-03
gmres iter 60 linear residual 9.133e-04
gmres iter 70 linear residual 7.093e-04
gmres iter 80 linear residual 5.922e-04
gmres iter 90 linear residual 5.000e-04
gmres iter 100 linear residual 4.266e-04
gmres iter 110 linear residual 3.990e-04
gmres iter 120 linear residual 3.708e-04
gmres iter 130 linear residual 3.445e-04
gmres iter 140 linear residual 3.205e-04
gmres iter 150 linear residual 2.924e-04
gmres iter 160 linear residual 2.380e-04
gmres iter 170 linear residual 1.623e-04
gmres iter 180 linear residual 1.231e-04
gmres iter 190 linear residual 9.602e-05
gmres iter 200 linear residual 8.060e-05
gmres iter 210 linear residual 7.557e-05
gmres iter 220 linear residual 6.814e-05
gmres iter 230 linear residual 5.975e-05
gmres iter 240 linear residual 5.188e-05
gmres iter 250 linear residual 4.477e-05
gmres iter 260 linear residual 3.790e-05
gmres iter 270 linear residual 3.219e-05
gmres iter 280 linear residual 2.804e-05
gmres iter 290 linear residual 2.538e-05
gmres iter 300 linear residual 2.397e-05
gmres iter 310 linear residual 2.298e-05
gmres iter 320 linear residual 2.137e-05
gmres iter 330 linear residual 1.958e-05
gmres iter 340 linear residual 1.826e-05
gmres iter 350 linear residual 1.620e-05
gmres iter 360 linear residual 1.440e-05
gmres iter 370 linear residual 1.322e-05
gmres iter 380 linear residual 1.263e-05
gmres iter 390 linear residual 1.197e-05
res 2.321e-03 (F-block 3.831e-03 p-block 3.039e-03) alpha 1 eta 1.00e-03 iter times 397
gmres iter 10 linear residual 1.532e-02
gmres iter 20 linear residual 3.435e-03
gmres iter 30 linear residual 2.126e-03
gmres iter 40 linear residual 1.573e-03
gmres iter 50 linear residual 5.385e-04
gmres iter 60 linear residual 4.458e-04
gmres iter 70 linear residual 3.667e-04
gmres iter 80 linear residual 3.631e-04
gmres iter 90 linear residual 3.446e-04
gmres iter 100 linear residual 2.875e-04
gmres iter 110 linear residual 2.030e-04
gmres iter 120 linear residual 1.589e-04
gmres iter 130 linear residual 1.281e-04
gmres iter 140 linear residual 1.040e-04
gmres iter 150 linear residual 8.081e-05
gmres iter 160 linear residual 5.762e-05
res 2.657e-04 (F-block 9.452e-05 p-block 6.880e-05) alpha 1 eta 1.00e-02 iter times 167
gmres iter 10 linear residual 1.589e-02
gmres iter 20 linear residual 4.391e-03
gmres iter 30 linear residual 2.634e-03
gmres iter 40 linear residual 2.164e-03
gmres iter 50 linear residual 1.905e-03
gmres iter 60 linear residual 1.701e-03
gmres iter 70 linear residual 1.635e-03
gmres iter 80 linear residual 1.527e-03
gmres iter 90 linear residual 1.281e-03
gmres iter 100 linear residual 1.017e-03
gmres iter 110 linear residual 1.003e-03
gmres iter 120 linear residual 9.595e-04
gmres iter 130 linear residual 8.406e-04
gmres iter 140 linear residual 6.713e-04
gmres iter 150 linear residual 5.262e-04
gmres iter 160 linear residual 4.035e-04
gmres iter 170 linear residual 3.390e-04
gmres iter 180 linear residual 2.972e-04
gmres iter 190 linear residual 2.606e-04
gmres iter 200 linear residual 2.204e-04
gmres iter 210 linear residual 2.121e-04
gmres iter 220 linear residual 1.958e-04
gmres iter 230 linear residual 1.833e-04
gmres iter 240 linear residual 1.776e-04
gmres iter 250 linear residual 1.744e-04
gmres iter 260 linear residual 1.691e-04
gmres iter 270 linear residual 1.533e-04
gmres iter 280 linear residual 1.227e-04
gmres iter 290 linear residual 1.040e-04
gmres iter 300 linear residual 8.709e-05
gmres iter 310 linear residual 8.267e-05
gmres iter 320 linear residual 8.029e-05
gmres iter 330 linear residual 7.769e-05
gmres iter 340 linear residual 7.638e-05
gmres iter 350 linear residual 7.183e-05
gmres iter 360 linear residual 6.713e-05
gmres iter 370 linear residual 6.221e-05
gmres iter 380 linear residual 5.548e-05
gmres iter 390 linear residual 4.997e-05
gmres iter 400 linear residual 4.259e-05
gmres iter 410 linear residual 3.980e-05
gmres iter 420 linear residual 3.706e-05
gmres iter 430 linear residual 3.462e-05
gmres iter 440 linear residual 3.363e-05
gmres iter 450 linear residual 3.310e-05
gmres iter 460 linear residual 3.141e-05
gmres iter 470 linear residual 2.904e-05
gmres iter 480 linear residual 2.623e-05
gmres iter 490 linear residual 2.408e-05
gmres iter 500 linear residual 1.986e-05
gmres iter 510 linear residual 1.831e-05
gmres iter 520 linear residual 1.737e-05
gmres iter 530 linear residual 1.675e-05
gmres iter 540 linear residual 1.611e-05
gmres iter 550 linear residual 1.511e-05
gmres iter 560 linear residual 1.411e-05
gmres iter 570 linear residual 1.325e-05
gmres iter 580 linear residual 1.262e-05
gmres iter 590 linear residual 1.174e-05
res 8.523e-05 (F-block 6.041e-06 p-block 5.049e-06) alpha 1 eta 1.00e-03 iter times 597
time this step...82.9185094833374
this increment is 0.01779785156249962 (target 0.30000000000000004) ------------------------
gmres iter 10 linear residual 4.240e-03
gmres iter 20 linear residual 1.931e-03
gmres iter 30 linear residual 4.224e-04
gmres iter 40 linear residual 3.874e-04
gmres iter 50 linear residual 2.152e-04
gmres iter 60 linear residual 8.041e-05
gmres iter 70 linear residual 6.492e-05
gmres iter 80 linear residual 5.629e-05
gmres iter 90 linear residual 5.493e-05
gmres iter 100 linear residual 5.312e-05
gmres iter 110 linear residual 4.379e-05
gmres iter 120 linear residual 3.296e-05
res 1.070e-02 (F-block 1.530e-02 p-block 8.738e-03) alpha 1 eta 1.00e-02 iter times 129
gmres iter 10 linear residual 9.512e-03
gmres iter 20 linear residual 4.739e-03
gmres iter 30 linear residual 2.577e-03
gmres iter 40 linear residual 1.679e-03
gmres iter 50 linear residual 1.169e-03
gmres iter 60 linear residual 8.303e-04
gmres iter 70 linear residual 6.466e-04
gmres iter 80 linear residual 5.406e-04
gmres iter 90 linear residual 4.614e-04
gmres iter 100 linear residual 3.943e-04
gmres iter 110 linear residual 3.676e-04
gmres iter 120 linear residual 3.461e-04
gmres iter 130 linear residual 3.334e-04
gmres iter 140 linear residual 3.177e-04
gmres iter 150 linear residual 2.951e-04
gmres iter 160 linear residual 2.307e-04
gmres iter 170 linear residual 1.616e-04
gmres iter 180 linear residual 1.248e-04
gmres iter 190 linear residual 9.301e-05
gmres iter 200 linear residual 7.523e-05
gmres iter 210 linear residual 6.899e-05
gmres iter 220 linear residual 6.286e-05
gmres iter 230 linear residual 5.652e-05
gmres iter 240 linear residual 5.014e-05
gmres iter 250 linear residual 4.506e-05
gmres iter 260 linear residual 3.912e-05
gmres iter 270 linear residual 3.349e-05
gmres iter 280 linear residual 2.859e-05
gmres iter 290 linear residual 2.616e-05
gmres iter 300 linear residual 2.524e-05
gmres iter 310 linear residual 2.481e-05
gmres iter 320 linear residual 2.424e-05
gmres iter 330 linear residual 2.371e-05
gmres iter 340 linear residual 2.289e-05
gmres iter 350 linear residual 2.156e-05
gmres iter 360 linear residual 2.060e-05
gmres iter 370 linear residual 2.020e-05
gmres iter 380 linear residual 2.001e-05
gmres iter 390 linear residual 1.989e-05
gmres iter 400 linear residual 1.981e-05
gmres iter 410 linear residual 1.978e-05
gmres iter 420 linear residual 1.976e-05
gmres iter 430 linear residual 1.974e-05
gmres iter 440 linear residual 1.974e-05
gmres iter 450 linear residual 1.973e-05
gmres iter 460 linear residual 1.971e-05
gmres iter 470 linear residual 1.970e-05
gmres iter 480 linear residual 1.966e-05
gmres iter 490 linear residual 1.959e-05
gmres iter 500 linear residual 1.952e-05
gmres iter 510 linear residual 1.948e-05
gmres iter 520 linear residual 1.946e-05
gmres iter 530 linear residual 1.945e-05
gmres iter 540 linear residual 1.945e-05
gmres iter 550 linear residual 1.945e-05
gmres iter 560 linear residual 1.945e-05
gmres iter 570 linear residual 1.944e-05
gmres iter 580 linear residual 1.944e-05
gmres iter 590 linear residual 1.943e-05
gmres iter 600 linear residual 1.941e-05
gmres iter 610 linear residual 1.940e-05
gmres iter 620 linear residual 1.939e-05
gmres iter 630 linear residual 1.939e-05
gmres iter 640 linear residual 1.939e-05
gmres iter 650 linear residual 1.939e-05
gmres iter 660 linear residual 1.939e-05
gmres iter 670 linear residual 1.938e-05
gmres iter 680 linear residual 1.937e-05
gmres iter 690 linear residual 1.937e-05
gmres iter 700 linear residual 1.928e-05
gmres iter 710 linear residual 1.924e-05
gmres iter 720 linear residual 1.921e-05
gmres iter 730 linear residual 1.914e-05
gmres iter 740 linear residual 1.911e-05
gmres iter 750 linear residual 1.910e-05
gmres iter 760 linear residual 1.909e-05
gmres iter 770 linear residual 1.907e-05
gmres iter 780 linear residual 1.899e-05
gmres iter 790 linear residual 1.893e-05
gmres iter 800 linear residual 1.869e-05
gmres iter 810 linear residual 1.860e-05
gmres iter 820 linear residual 1.855e-05
gmres iter 830 linear residual 1.854e-05
gmres iter 840 linear residual 1.853e-05
gmres iter 850 linear residual 1.853e-05
gmres iter 860 linear residual 1.852e-05
gmres iter 870 linear residual 1.852e-05
gmres iter 880 linear residual 1.851e-05
gmres iter 890 linear residual 1.850e-05
gmres iter 900 linear residual 1.849e-05
gmres iter 910 linear residual 1.849e-05
gmres iter 920 linear residual 1.848e-05
gmres iter 930 linear residual 1.848e-05
gmres iter 940 linear residual 1.848e-05
gmres iter 950 linear residual 1.848e-05
gmres iter 960 linear residual 1.847e-05
gmres iter 970 linear residual 1.847e-05
gmres iter 980 linear residual 1.847e-05
gmres iter 990 linear residual 1.846e-05
gmres iter 1000 linear residual 1.841e-05
linear solver hit the iteration cap (1000 iterations, flag 10)
increment failed (gmres_iteration_cap); cutting step to 0.008899
this increment is 0.00889892578124981 (target 0.30000000000000004) ------------------------
gmres iter 10 linear residual 4.233e-03
gmres iter 20 linear residual 1.929e-03
gmres iter 30 linear residual 4.178e-04
gmres iter 40 linear residual 3.828e-04
gmres iter 50 linear residual 2.116e-04
gmres iter 60 linear residual 6.847e-05
gmres iter 70 linear residual 4.950e-05
gmres iter 80 linear residual 3.455e-05
gmres iter 90 linear residual 2.754e-05
res 5.312e-03 (F-block 7.467e-03 p-block 4.678e-03) alpha 1 eta 1.00e-02 iter times 94
gmres iter 10 linear residual 1.203e-02
gmres iter 20 linear residual 6.435e-03
gmres iter 30 linear residual 3.496e-03
gmres iter 40 linear residual 2.202e-03
gmres iter 50 linear residual 1.424e-03
gmres iter 60 linear residual 9.215e-04
gmres iter 70 linear residual 6.867e-04
gmres iter 80 linear residual 5.576e-04
gmres iter 90 linear residual 4.581e-04
gmres iter 100 linear residual 3.768e-04
gmres iter 110 linear residual 3.596e-04
gmres iter 120 linear residual 3.318e-04
gmres iter 130 linear residual 2.851e-04
gmres iter 140 linear residual 2.495e-04
gmres iter 150 linear residual 2.141e-04
gmres iter 160 linear residual 1.705e-04
gmres iter 170 linear residual 1.103e-04
gmres iter 180 linear residual 7.841e-05
gmres iter 190 linear residual 6.215e-05
gmres iter 200 linear residual 5.339e-05
gmres iter 210 linear residual 4.987e-05
gmres iter 220 linear residual 4.399e-05
gmres iter 230 linear residual 3.719e-05
gmres iter 240 linear residual 3.175e-05
gmres iter 250 linear residual 2.779e-05
gmres iter 260 linear residual 2.411e-05
gmres iter 270 linear residual 2.091e-05
gmres iter 280 linear residual 1.846e-05
gmres iter 290 linear residual 1.705e-05
gmres iter 300 linear residual 1.596e-05
gmres iter 310 linear residual 1.520e-05
gmres iter 320 linear residual 1.431e-05
gmres iter 330 linear residual 1.351e-05
gmres iter 340 linear residual 1.288e-05
gmres iter 350 linear residual 1.229e-05
gmres iter 360 linear residual 1.147e-05
res 1.094e-03 (F-block 6.546e-04 p-block 5.948e-04) alpha 1 eta 1.00e-03 iter times 362
gmres iter 10 linear residual 1.615e-02
gmres iter 20 linear residual 3.584e-03
gmres iter 30 linear residual 2.009e-03
gmres iter 40 linear residual 1.655e-03
gmres iter 50 linear residual 7.174e-04
gmres iter 60 linear residual 5.150e-04
gmres iter 70 linear residual 4.083e-04
gmres iter 80 linear residual 3.134e-04
gmres iter 90 linear residual 3.038e-04
gmres iter 100 linear residual 2.989e-04
gmres iter 110 linear residual 2.772e-04
gmres iter 120 linear residual 2.081e-04
gmres iter 130 linear residual 1.460e-04
gmres iter 140 linear residual 1.205e-04
gmres iter 150 linear residual 1.069e-04
gmres iter 160 linear residual 8.809e-05
gmres iter 170 linear residual 7.509e-05
gmres iter 180 linear residual 6.844e-05
res 4.133e-05 (F-block 4.045e-06 p-block 1.635e-06) alpha 1 eta 9.07e-03 iter times 181
time this step...40.05656123161316
this increment is 0.00889892578124981 (target 0.30000000000000004) ------------------------
gmres iter 10 linear residual 4.240e-03
gmres iter 20 linear residual 1.931e-03
gmres iter 30 linear residual 4.165e-04
gmres iter 40 linear residual 3.831e-04
gmres iter 50 linear residual 2.118e-04
gmres iter 60 linear residual 6.852e-05
gmres iter 70 linear residual 5.000e-05
gmres iter 80 linear residual 3.496e-05
gmres iter 90 linear residual 2.806e-05
res 5.291e-03 (F-block 7.507e-03 p-block 4.667e-03) alpha 1 eta 1.00e-02 iter times 96
gmres iter 10 linear residual 1.182e-02
gmres iter 20 linear residual 6.260e-03
gmres iter 30 linear residual 3.359e-03
gmres iter 40 linear residual 2.120e-03
gmres iter 50 linear residual 1.376e-03
gmres iter 60 linear residual 8.886e-04
gmres iter 70 linear residual 6.546e-04
gmres iter 80 linear residual 5.304e-04
gmres iter 90 linear residual 4.336e-04
gmres iter 100 linear residual 3.524e-04
gmres iter 110 linear residual 3.360e-04
gmres iter 120 linear residual 3.092e-04
gmres iter 130 linear residual 2.601e-04
gmres iter 140 linear residual 2.240e-04
gmres iter 150 linear residual 1.889e-04
gmres iter 160 linear residual 1.499e-04
gmres iter 170 linear residual 9.897e-05
gmres iter 180 linear residual 7.078e-05
gmres iter 190 linear residual 5.710e-05
gmres iter 200 linear residual 5.063e-05
gmres iter 210 linear residual 4.812e-05
gmres iter 220 linear residual 4.342e-05
gmres iter 230 linear residual 3.750e-05
gmres iter 240 linear residual 3.288e-05
gmres iter 250 linear residual 2.953e-05
gmres iter 260 linear residual 2.613e-05
gmres iter 270 linear residual 2.282e-05
gmres iter 280 linear residual 2.060e-05
gmres iter 290 linear residual 1.913e-05
gmres iter 300 linear residual 1.775e-05
gmres iter 310 linear residual 1.692e-05
gmres iter 320 linear residual 1.609e-05
gmres iter 330 linear residual 1.527e-05
gmres iter 340 linear residual 1.467e-05
gmres iter 350 linear residual 1.420e-05
gmres iter 360 linear residual 1.349e-05
gmres iter 370 linear residual 1.262e-05
res 1.056e-03 (F-block 5.084e-04 p-block 4.995e-04) alpha 1 eta 1.00e-03 iter times 379
gmres iter 10 linear residual 1.596e-02
gmres iter 20 linear residual 3.612e-03
gmres iter 30 linear residual 1.482e-03
gmres iter 40 linear residual 1.386e-03
gmres iter 50 linear residual 1.044e-03
gmres iter 60 linear residual 5.073e-04
gmres iter 70 linear residual 4.207e-04
gmres iter 80 linear residual 3.419e-04
gmres iter 90 linear residual 2.695e-04
gmres iter 100 linear residual 2.264e-04
gmres iter 110 linear residual 1.808e-04
gmres iter 120 linear residual 1.626e-04
gmres iter 130 linear residual 1.505e-04
gmres iter 140 linear residual 1.397e-04
gmres iter 150 linear residual 1.346e-04
gmres iter 160 linear residual 1.304e-04
gmres iter 170 linear residual 1.209e-04
gmres iter 180 linear residual 9.931e-05
gmres iter 190 linear residual 8.667e-05
gmres iter 200 linear residual 7.308e-05
gmres iter 210 linear residual 5.871e-05
res 3.517e-05 (F-block 2.524e-06 p-block 1.032e-06) alpha 1 eta 5.85e-03 iter times 214
time this step...43.51348352432251
this increment is 0.013348388671874715 (target 0.30000000000000004) ------------------------
gmres iter 10 linear residual 4.251e-03
gmres iter 20 linear residual 1.934e-03
gmres iter 30 linear residual 4.169e-04
gmres iter 40 linear residual 3.849e-04
gmres iter 50 linear residual 2.129e-04
gmres iter 60 linear residual 7.395e-05
gmres iter 70 linear residual 5.706e-05
gmres iter 80 linear residual 4.490e-05
gmres iter 90 linear residual 4.079e-05
gmres iter 100 linear residual 3.988e-05
gmres iter 110 linear residual 3.919e-05
gmres iter 120 linear residual 3.511e-05
res 7.803e-03 (F-block 1.095e-02 p-block 6.597e-03) alpha 1 eta 1.00e-02 iter times 129
gmres iter 10 linear residual 1.139e-02
gmres iter 20 linear residual 6.279e-03
gmres iter 30 linear residual 3.643e-03
gmres iter 40 linear residual 2.342e-03
gmres iter 50 linear residual 1.628e-03
gmres iter 60 linear residual 1.133e-03
gmres iter 70 linear residual 8.856e-04
gmres iter 80 linear residual 7.308e-04
gmres iter 90 linear residual 6.083e-04
gmres iter 100 linear residual 5.103e-04
gmres iter 110 linear residual 4.654e-04
gmres iter 120 linear residual 4.305e-04
gmres iter 130 linear residual 4.039e-04
gmres iter 140 linear residual 3.740e-04
gmres iter 150 linear residual 3.410e-04
gmres iter 160 linear residual 2.637e-04
gmres iter 170 linear residual 1.713e-04
gmres iter 180 linear residual 1.311e-04
gmres iter 190 linear residual 1.035e-04
gmres iter 200 linear residual 8.871e-05
gmres iter 210 linear residual 8.351e-05
gmres iter 220 linear residual 7.754e-05
gmres iter 230 linear residual 7.134e-05
gmres iter 240 linear residual 6.475e-05
gmres iter 250 linear residual 5.934e-05
gmres iter 260 linear residual 5.061e-05
gmres iter 270 linear residual 4.167e-05
gmres iter 280 linear residual 3.472e-05
gmres iter 290 linear residual 3.125e-05
gmres iter 300 linear residual 2.947e-05
gmres iter 310 linear residual 2.856e-05
gmres iter 320 linear residual 2.730e-05
gmres iter 330 linear residual 2.612e-05
gmres iter 340 linear residual 2.489e-05
gmres iter 350 linear residual 2.313e-05
gmres iter 360 linear residual 2.140e-05
gmres iter 370 linear residual 2.041e-05
gmres iter 380 linear residual 2.004e-05
gmres iter 390 linear residual 1.964e-05
gmres iter 400 linear residual 1.911e-05
gmres iter 410 linear residual 1.879e-05
gmres iter 420 linear residual 1.852e-05
gmres iter 430 linear residual 1.819e-05
gmres iter 440 linear residual 1.789e-05
gmres iter 450 linear residual 1.754e-05
gmres iter 460 linear residual 1.709e-05
gmres iter 470 linear residual 1.653e-05
gmres iter 480 linear residual 1.600e-05
gmres iter 490 linear residual 1.556e-05
gmres iter 500 linear residual 1.523e-05
gmres iter 510 linear residual 1.503e-05
gmres iter 520 linear residual 1.478e-05
gmres iter 530 linear residual 1.442e-05
gmres iter 540 linear residual 1.417e-05
gmres iter 550 linear residual 1.387e-05
gmres iter 560 linear residual 1.360e-05
gmres iter 570 linear residual 1.331e-05
res 3.616e-03 (F-block 6.296e-03 p-block 5.379e-03) alpha 1 eta 1.00e-03 iter times 570
gmres iter 10 linear residual 1.499e-02
gmres iter 20 linear residual 3.484e-03
gmres iter 30 linear residual 2.148e-03
gmres iter 40 linear residual 1.556e-03
gmres iter 50 linear residual 5.762e-04
gmres iter 60 linear residual 4.580e-04
gmres iter 70 linear residual 4.197e-04
gmres iter 80 linear residual 4.001e-04
gmres iter 90 linear residual 3.378e-04
gmres iter 100 linear residual 2.073e-04
gmres iter 110 linear residual 1.570e-04
gmres iter 120 linear residual 1.243e-04
gmres iter 130 linear residual 9.942e-05
gmres iter 140 linear residual 8.058e-05
gmres iter 150 linear residual 6.255e-05
gmres iter 160 linear residual 5.265e-05
res 3.590e-04 (F-block 9.660e-05 p-block 7.359e-05) alpha 1 eta 1.00e-02 iter times 162
gmres iter 10 linear residual 1.658e-02
gmres iter 20 linear residual 5.742e-03
gmres iter 30 linear residual 4.046e-03
gmres iter 40 linear residual 3.557e-03
gmres iter 50 linear residual 3.174e-03
gmres iter 60 linear residual 2.867e-03
gmres iter 70 linear residual 2.692e-03
gmres iter 80 linear residual 2.477e-03
gmres iter 90 linear residual 2.135e-03
gmres iter 100 linear residual 1.742e-03
gmres iter 110 linear residual 1.712e-03
gmres iter 120 linear residual 1.661e-03
gmres iter 130 linear residual 1.525e-03
gmres iter 140 linear residual 1.383e-03
gmres iter 150 linear residual 1.275e-03
gmres iter 160 linear residual 1.191e-03
gmres iter 170 linear residual 1.119e-03
gmres iter 180 linear residual 1.024e-03
gmres iter 190 linear residual 8.992e-04
gmres iter 200 linear residual 7.761e-04
gmres iter 210 linear residual 7.337e-04
gmres iter 220 linear residual 6.923e-04
gmres iter 230 linear residual 6.568e-04
gmres iter 240 linear residual 6.298e-04
gmres iter 250 linear residual 6.007e-04
gmres iter 260 linear residual 5.699e-04
gmres iter 270 linear residual 5.313e-04
gmres iter 280 linear residual 4.657e-04
gmres iter 290 linear residual 4.126e-04
gmres iter 300 linear residual 3.371e-04
gmres iter 310 linear residual 2.912e-04
gmres iter 320 linear residual 2.741e-04
gmres iter 330 linear residual 2.572e-04
gmres iter 340 linear residual 2.384e-04
gmres iter 350 linear residual 2.140e-04
gmres iter 360 linear residual 1.987e-04
gmres iter 370 linear residual 1.858e-04
gmres iter 380 linear residual 1.676e-04
gmres iter 390 linear residual 1.543e-04
gmres iter 400 linear residual 1.439e-04
gmres iter 410 linear residual 1.387e-04
gmres iter 420 linear residual 1.325e-04
gmres iter 430 linear residual 1.271e-04
gmres iter 440 linear residual 1.223e-04
gmres iter 450 linear residual 1.152e-04
gmres iter 460 linear residual 1.072e-04
gmres iter 470 linear residual 9.916e-05
gmres iter 480 linear residual 8.640e-05
gmres iter 490 linear residual 7.956e-05
gmres iter 500 linear residual 6.817e-05
gmres iter 510 linear residual 6.220e-05
gmres iter 520 linear residual 5.942e-05
gmres iter 530 linear residual 5.598e-05
gmres iter 540 linear residual 5.055e-05
gmres iter 550 linear residual 4.621e-05
gmres iter 560 linear residual 4.286e-05
gmres iter 570 linear residual 3.963e-05
gmres iter 580 linear residual 3.645e-05
gmres iter 590 linear residual 3.385e-05
gmres iter 600 linear residual 3.226e-05
gmres iter 610 linear residual 3.140e-05
gmres iter 620 linear residual 2.986e-05
gmres iter 630 linear residual 2.845e-05
gmres iter 640 linear residual 2.732e-05
gmres iter 650 linear residual 2.560e-05
gmres iter 660 linear residual 2.377e-05
gmres iter 670 linear residual 2.154e-05
gmres iter 680 linear residual 1.980e-05
gmres iter 690 linear residual 1.836e-05
gmres iter 700 linear residual 1.595e-05
gmres iter 710 linear residual 1.455e-05
gmres iter 720 linear residual 1.399e-05
gmres iter 730 linear residual 1.331e-05
gmres iter 740 linear residual 1.204e-05
res 2.124e-04 (F-block 4.972e-05 p-block 3.646e-05) alpha 1 eta 1.00e-03 iter times 745
gmres iter 10 linear residual 1.672e-02
gmres iter 20 linear residual 3.291e-03
gmres iter 30 linear residual 1.991e-03
gmres iter 40 linear residual 1.423e-03
gmres iter 50 linear residual 4.694e-04
gmres iter 60 linear residual 4.063e-04
gmres iter 70 linear residual 3.825e-04
gmres iter 80 linear residual 2.976e-04
gmres iter 90 linear residual 2.095e-04
gmres iter 100 linear residual 1.508e-04
gmres iter 110 linear residual 1.316e-04
gmres iter 120 linear residual 1.221e-04
gmres iter 130 linear residual 1.110e-04
gmres iter 140 linear residual 9.963e-05
gmres iter 150 linear residual 9.003e-05
res 2.159e-06 (F-block 3.446e-07 p-block 3.350e-08) alpha 1 eta 1.00e-02 iter times 153
time this step...110.90180969238281
this increment is 0.013348388671874715 (target 0.30000000000000004) ------------------------
gmres iter 10 linear residual 4.263e-03
gmres iter 20 linear residual 1.937e-03
gmres iter 30 linear residual 4.131e-04
gmres iter 40 linear residual 3.827e-04
gmres iter 50 linear residual 2.119e-04
gmres iter 60 linear residual 7.400e-05
gmres iter 70 linear residual 5.687e-05
gmres iter 80 linear residual 4.626e-05
gmres iter 90 linear residual 4.224e-05
gmres iter 100 linear residual 4.136e-05
gmres iter 110 linear residual 4.068e-05
gmres iter 120 linear residual 3.671e-05
res 7.729e-03 (F-block 1.095e-02 p-block 6.542e-03) alpha 1 eta 1.00e-02 iter times 129
gmres iter 10 linear residual 1.109e-02
gmres iter 20 linear residual 6.061e-03
gmres iter 30 linear residual 3.515e-03
gmres iter 40 linear residual 2.285e-03
gmres iter 50 linear residual 1.588e-03
gmres iter 60 linear residual 1.093e-03
gmres iter 70 linear residual 8.452e-04
gmres iter 80 linear residual 7.030e-04
gmres iter 90 linear residual 5.794e-04
gmres iter 100 linear residual 4.807e-04
gmres iter 110 linear residual 4.398e-04
gmres iter 120 linear residual 4.060e-04
gmres iter 130 linear residual 3.760e-04
gmres iter 140 linear residual 3.486e-04
gmres iter 150 linear residual 3.203e-04
gmres iter 160 linear residual 2.582e-04
gmres iter 170 linear residual 1.774e-04
gmres iter 180 linear residual 1.444e-04
gmres iter 190 linear residual 1.231e-04
gmres iter 200 linear residual 1.113e-04
gmres iter 210 linear residual 1.066e-04
gmres iter 220 linear residual 1.005e-04
gmres iter 230 linear residual 9.235e-05
gmres iter 240 linear residual 8.091e-05
gmres iter 250 linear residual 7.026e-05
gmres iter 260 linear residual 5.743e-05
gmres iter 270 linear residual 4.665e-05
gmres iter 280 linear residual 3.757e-05
gmres iter 290 linear residual 3.306e-05
gmres iter 300 linear residual 3.091e-05
gmres iter 310 linear residual 2.966e-05
gmres iter 320 linear residual 2.770e-05
gmres iter 330 linear residual 2.554e-05
gmres iter 340 linear residual 2.370e-05
gmres iter 350 linear residual 2.071e-05
gmres iter 360 linear residual 1.780e-05
gmres iter 370 linear residual 1.640e-05
gmres iter 380 linear residual 1.590e-05
gmres iter 390 linear residual 1.517e-05
gmres iter 400 linear residual 1.428e-05
gmres iter 410 linear residual 1.374e-05
gmres iter 420 linear residual 1.326e-05
gmres iter 430 linear residual 1.295e-05
gmres iter 440 linear residual 1.273e-05
gmres iter 450 linear residual 1.241e-05
gmres iter 460 linear residual 1.154e-05
gmres iter 470 linear residual 1.044e-05
gmres iter 480 linear residual 9.814e-06
gmres iter 490 linear residual 9.402e-06
gmres iter 500 linear residual 8.945e-06
gmres iter 510 linear residual 8.318e-06
gmres iter 520 linear residual 7.858e-06
res 3.582e-03 (F-block 6.261e-03 p-block 5.419e-03) alpha 1 eta 1.00e-03 iter times 525
gmres iter 10 linear residual 1.543e-02
gmres iter 20 linear residual 3.448e-03
gmres iter 30 linear residual 2.105e-03
gmres iter 40 linear residual 1.461e-03
gmres iter 50 linear residual 4.870e-04
gmres iter 60 linear residual 4.468e-04
gmres iter 70 linear residual 4.370e-04
gmres iter 80 linear residual 4.066e-04
gmres iter 90 linear residual 3.008e-04
gmres iter 100 linear residual 2.086e-04
gmres iter 110 linear residual 1.598e-04
gmres iter 120 linear residual 1.358e-04
gmres iter 130 linear residual 1.096e-04
gmres iter 140 linear residual 8.729e-05
gmres iter 150 linear residual 7.090e-05
res 3.144e-04 (F-block 8.851e-05 p-block 6.319e-05) alpha 1 eta 1.00e-02 iter times 155
gmres iter 10 linear residual 1.948e-02
gmres iter 20 linear residual 6.711e-03
gmres iter 30 linear residual 4.834e-03
gmres iter 40 linear residual 4.362e-03
gmres iter 50 linear residual 3.910e-03
gmres iter 60 linear residual 3.610e-03
gmres iter 70 linear residual 3.385e-03
gmres iter 80 linear residual 2.976e-03
gmres iter 90 linear residual 2.353e-03
gmres iter 100 linear residual 1.755e-03
gmres iter 110 linear residual 1.711e-03
gmres iter 120 linear residual 1.632e-03
gmres iter 130 linear residual 1.331e-03
gmres iter 140 linear residual 1.089e-03
gmres iter 150 linear residual 9.694e-04
gmres iter 160 linear residual 8.939e-04
gmres iter 170 linear residual 8.322e-04
gmres iter 180 linear residual 7.563e-04
gmres iter 190 linear residual 6.596e-04
gmres iter 200 linear residual 5.579e-04
gmres iter 210 linear residual 5.166e-04
gmres iter 220 linear residual 4.959e-04
gmres iter 230 linear residual 4.555e-04
gmres iter 240 linear residual 4.377e-04
gmres iter 250 linear residual 4.201e-04
gmres iter 260 linear residual 4.067e-04
gmres iter 270 linear residual 3.817e-04
gmres iter 280 linear residual 3.461e-04
gmres iter 290 linear residual 3.093e-04
gmres iter 300 linear residual 2.164e-04
gmres iter 310 linear residual 1.715e-04
gmres iter 320 linear residual 1.541e-04
gmres iter 330 linear residual 1.433e-04
gmres iter 340 linear residual 1.384e-04
gmres iter 350 linear residual 1.321e-04
gmres iter 360 linear residual 1.232e-04
gmres iter 370 linear residual 1.149e-04
gmres iter 380 linear residual 1.053e-04
gmres iter 390 linear residual 9.279e-05
gmres iter 400 linear residual 8.645e-05
gmres iter 410 linear residual 8.403e-05
gmres iter 420 linear residual 7.802e-05
gmres iter 430 linear residual 7.183e-05
gmres iter 440 linear residual 6.912e-05
gmres iter 450 linear residual 6.558e-05
gmres iter 460 linear residual 6.260e-05
gmres iter 470 linear residual 5.926e-05
gmres iter 480 linear residual 5.595e-05
gmres iter 490 linear residual 4.978e-05
gmres iter 500 linear residual 4.152e-05
gmres iter 510 linear residual 3.792e-05
gmres iter 520 linear residual 3.587e-05
gmres iter 530 linear residual 3.398e-05
gmres iter 540 linear residual 3.254e-05
gmres iter 550 linear residual 3.121e-05
gmres iter 560 linear residual 2.876e-05
gmres iter 570 linear residual 2.562e-05
gmres iter 580 linear residual 2.272e-05
gmres iter 590 linear residual 2.103e-05
gmres iter 600 linear residual 2.024e-05
gmres iter 610 linear residual 1.977e-05
gmres iter 620 linear residual 1.888e-05
gmres iter 630 linear residual 1.693e-05
gmres iter 640 linear residual 1.591e-05
gmres iter 650 linear residual 1.476e-05
gmres iter 660 linear residual 1.383e-05
gmres iter 670 linear residual 1.310e-05
gmres iter 680 linear residual 1.222e-05
res 2.019e-04 (F-block 3.136e-05 p-block 2.502e-05) alpha 1 eta 1.00e-03 iter times 688
gmres iter 10 linear residual 1.800e-02
gmres iter 20 linear residual 3.962e-03
gmres iter 30 linear residual 2.000e-03
gmres iter 40 linear residual 1.666e-03
gmres iter 50 linear residual 7.907e-04
gmres iter 60 linear residual 4.182e-04
gmres iter 70 linear residual 4.081e-04
gmres iter 80 linear residual 3.849e-04
gmres iter 90 linear residual 2.962e-04
gmres iter 100 linear residual 2.250e-04
gmres iter 110 linear residual 1.821e-04
gmres iter 120 linear residual 1.625e-04
gmres iter 130 linear residual 1.426e-04
gmres iter 140 linear residual 1.192e-04
gmres iter 150 linear residual 9.695e-05
res 1.851e-06 (F-block 2.204e-07 p-block 2.243e-08) alpha 1 eta 1.00e-02 iter times 155
time this step...104.3639669418335
this increment is 0.013348388671874715 (target 0.30000000000000004) ------------------------
gmres iter 10 linear residual 4.275e-03
gmres iter 20 linear residual 1.941e-03
gmres iter 30 linear residual 4.085e-04
gmres iter 40 linear residual 3.797e-04
gmres iter 50 linear residual 2.117e-04
gmres iter 60 linear residual 7.450e-05
gmres iter 70 linear residual 5.879e-05
gmres iter 80 linear residual 4.748e-05
gmres iter 90 linear residual 4.352e-05
gmres iter 100 linear residual 4.253e-05
gmres iter 110 linear residual 4.184e-05
gmres iter 120 linear residual 3.791e-05
res 7.659e-03 (F-block 1.097e-02 p-block 6.488e-03) alpha 1 eta 1.00e-02 iter times 129
gmres iter 10 linear residual 1.076e-02
gmres iter 20 linear residual 5.784e-03
gmres iter 30 linear residual 3.347e-03
gmres iter 40 linear residual 2.205e-03
gmres iter 50 linear residual 1.534e-03
gmres iter 60 linear residual 1.050e-03
gmres iter 70 linear residual 8.045e-04
gmres iter 80 linear residual 6.770e-04
gmres iter 90 linear residual 5.593e-04
gmres iter 100 linear residual 4.648e-04
gmres iter 110 linear residual 4.299e-04
gmres iter 120 linear residual 3.983e-04
gmres iter 130 linear residual 3.673e-04
gmres iter 140 linear residual 3.432e-04
gmres iter 150 linear residual 3.178e-04
gmres iter 160 linear residual 2.633e-04
gmres iter 170 linear residual 1.889e-04
gmres iter 180 linear residual 1.582e-04
gmres iter 190 linear residual 1.380e-04
gmres iter 200 linear residual 1.257e-04
gmres iter 210 linear residual 1.202e-04
gmres iter 220 linear residual 1.129e-04
gmres iter 230 linear residual 1.030e-04
gmres iter 240 linear residual 8.866e-05
gmres iter 250 linear residual 7.466e-05
gmres iter 260 linear residual 6.179e-05
gmres iter 270 linear residual 5.326e-05
gmres iter 280 linear residual 4.572e-05
gmres iter 290 linear residual 4.103e-05
gmres iter 300 linear residual 3.883e-05
gmres iter 310 linear residual 3.757e-05
gmres iter 320 linear residual 3.544e-05
gmres iter 330 linear residual 3.318e-05
gmres iter 340 linear residual 3.148e-05
gmres iter 350 linear residual 2.801e-05
gmres iter 360 linear residual 2.467e-05
gmres iter 370 linear residual 2.295e-05
gmres iter 380 linear residual 2.223e-05
gmres iter 390 linear residual 2.118e-05
gmres iter 400 linear residual 1.992e-05
gmres iter 410 linear residual 1.920e-05
gmres iter 420 linear residual 1.843e-05
gmres iter 430 linear residual 1.772e-05
gmres iter 440 linear residual 1.700e-05
gmres iter 450 linear residual 1.607e-05
gmres iter 460 linear residual 1.506e-05
gmres iter 470 linear residual 1.410e-05
gmres iter 480 linear residual 1.305e-05
gmres iter 490 linear residual 1.213e-05
gmres iter 500 linear residual 1.149e-05
gmres iter 510 linear residual 1.107e-05
gmres iter 520 linear residual 1.049e-05
gmres iter 530 linear residual 9.965e-06
gmres iter 540 linear residual 9.452e-06
gmres iter 550 linear residual 8.891e-06
gmres iter 560 linear residual 8.351e-06
gmres iter 570 linear residual 7.837e-06
gmres iter 580 linear residual 7.604e-06
gmres iter 590 linear residual 7.409e-06
res 3.623e-03 (F-block 6.425e-03 p-block 5.662e-03) alpha 1 eta 1.00e-03 iter times 598
gmres iter 10 linear residual 1.541e-02
gmres iter 20 linear residual 3.401e-03
gmres iter 30 linear residual 2.098e-03
gmres iter 40 linear residual 1.468e-03
gmres iter 50 linear residual 4.888e-04
gmres iter 60 linear residual 4.348e-04
gmres iter 70 linear residual 4.281e-04
gmres iter 80 linear residual 4.010e-04
gmres iter 90 linear residual 3.192e-04
gmres iter 100 linear residual 2.163e-04
gmres iter 110 linear residual 1.656e-04
gmres iter 120 linear residual 1.398e-04
gmres iter 130 linear residual 1.129e-04
gmres iter 140 linear residual 9.076e-05
gmres iter 150 linear residual 7.171e-05
res 3.173e-04 (F-block 1.008e-04 p-block 7.345e-05) alpha 1 eta 1.00e-02 iter times 156
gmres iter 10 linear residual 1.894e-02
gmres iter 20 linear residual 6.438e-03
gmres iter 30 linear residual 4.577e-03
gmres iter 40 linear residual 4.019e-03
gmres iter 50 linear residual 3.606e-03
gmres iter 60 linear residual 3.382e-03
gmres iter 70 linear residual 3.211e-03
gmres iter 80 linear residual 2.905e-03
gmres iter 90 linear residual 2.429e-03
gmres iter 100 linear residual 1.925e-03
gmres iter 110 linear residual 1.883e-03
gmres iter 120 linear residual 1.792e-03
gmres iter 130 linear residual 1.487e-03
gmres iter 140 linear residual 1.252e-03
gmres iter 150 linear residual 1.091e-03
gmres iter 160 linear residual 9.682e-04
gmres iter 170 linear residual 9.004e-04
gmres iter 180 linear residual 8.233e-04
gmres iter 190 linear residual 7.137e-04
gmres iter 200 linear residual 5.940e-04
gmres iter 210 linear residual 5.528e-04
gmres iter 220 linear residual 5.263e-04
gmres iter 230 linear residual 4.718e-04
gmres iter 240 linear residual 4.504e-04
gmres iter 250 linear residual 4.353e-04
gmres iter 260 linear residual 4.268e-04
gmres iter 270 linear residual 4.086e-04
gmres iter 280 linear residual 3.691e-04
gmres iter 290 linear residual 3.255e-04
gmres iter 300 linear residual 2.420e-04
gmres iter 310 linear residual 1.983e-04
gmres iter 320 linear residual 1.747e-04
gmres iter 330 linear residual 1.569e-04
gmres iter 340 linear residual 1.460e-04
gmres iter 350 linear residual 1.381e-04
gmres iter 360 linear residual 1.252e-04
gmres iter 370 linear residual 1.130e-04
gmres iter 380 linear residual 1.027e-04
gmres iter 390 linear residual 8.912e-05
gmres iter 400 linear residual 8.158e-05
gmres iter 410 linear residual 7.776e-05
gmres iter 420 linear residual 7.192e-05
gmres iter 430 linear residual 6.756e-05
gmres iter 440 linear residual 6.420e-05
gmres iter 450 linear residual 6.050e-05
gmres iter 460 linear residual 5.851e-05
gmres iter 470 linear residual 5.593e-05
gmres iter 480 linear residual 5.341e-05
gmres iter 490 linear residual 4.723e-05
gmres iter 500 linear residual 3.747e-05
gmres iter 510 linear residual 3.372e-05
gmres iter 520 linear residual 3.145e-05
gmres iter 530 linear residual 2.900e-05
gmres iter 540 linear residual 2.684e-05
gmres iter 550 linear residual 2.545e-05
gmres iter 560 linear residual 2.371e-05
gmres iter 570 linear residual 2.208e-05
gmres iter 580 linear residual 1.947e-05
gmres iter 590 linear residual 1.746e-05
gmres iter 600 linear residual 1.563e-05
gmres iter 610 linear residual 1.486e-05
gmres iter 620 linear residual 1.407e-05
gmres iter 630 linear residual 1.275e-05
gmres iter 640 linear residual 1.181e-05
res 2.283e-04 (F-block 3.891e-05 p-block 3.259e-05) alpha 1 eta 1.00e-03 iter times 647
gmres iter 10 linear residual 1.849e-02
gmres iter 20 linear residual 4.299e-03
gmres iter 30 linear residual 2.055e-03
gmres iter 40 linear residual 1.717e-03
gmres iter 50 linear residual 8.312e-04
gmres iter 60 linear residual 4.058e-04
gmres iter 70 linear residual 3.952e-04
gmres iter 80 linear residual 3.703e-04
gmres iter 90 linear residual 2.687e-04
gmres iter 100 linear residual 1.967e-04
gmres iter 110 linear residual 1.623e-04
gmres iter 120 linear residual 1.445e-04
gmres iter 130 linear residual 1.263e-04
gmres iter 140 linear residual 1.081e-04
gmres iter 150 linear residual 9.019e-05
res 2.103e-06 (F-block 3.143e-07 p-block 2.934e-08) alpha 1 eta 1.00e-02 iter times 156
time this step...106.5044903755188
this increment is 0.009686279296876932 (target 0.30000000000000004) ------------------------
gmres iter 10 linear residual 4.283e-03
gmres iter 20 linear residual 1.943e-03
gmres iter 30 linear residual 4.024e-04
gmres iter 40 linear residual 3.751e-04
gmres iter 50 linear residual 2.111e-04
gmres iter 60 linear residual 6.967e-05
gmres iter 70 linear residual 5.319e-05
gmres iter 80 linear residual 3.945e-05
gmres iter 90 linear residual 3.299e-05
gmres iter 100 linear residual 2.955e-05
gmres iter 110 linear residual 2.826e-05
gmres iter 120 linear residual 2.814e-05
res 5.679e-03 (F-block 8.748e-03 p-block 5.037e-03) alpha 1 eta 1.00e-02 iter times 129
gmres iter 10 linear residual 1.079e-02
gmres iter 20 linear residual 5.344e-03
gmres iter 30 linear residual 2.575e-03
gmres iter 40 linear residual 1.466e-03
gmres iter 50 linear residual 9.607e-04
gmres iter 60 linear residual 6.679e-04
gmres iter 70 linear residual 4.938e-04
gmres iter 80 linear residual 4.029e-04
gmres iter 90 linear residual 3.397e-04
gmres iter 100 linear residual 2.881e-04
gmres iter 110 linear residual 2.770e-04
gmres iter 120 linear residual 2.584e-04
gmres iter 130 linear residual 2.244e-04
gmres iter 140 linear residual 1.909e-04
gmres iter 150 linear residual 1.458e-04
gmres iter 160 linear residual 1.245e-04
gmres iter 170 linear residual 1.088e-04
gmres iter 180 linear residual 9.700e-05
gmres iter 190 linear residual 8.846e-05
gmres iter 200 linear residual 8.328e-05
gmres iter 210 linear residual 7.959e-05
gmres iter 220 linear residual 7.452e-05
gmres iter 230 linear residual 6.624e-05
gmres iter 240 linear residual 5.893e-05
gmres iter 250 linear residual 5.471e-05
gmres iter 260 linear residual 4.891e-05
gmres iter 270 linear residual 4.547e-05
gmres iter 280 linear residual 4.290e-05
gmres iter 290 linear residual 3.996e-05
gmres iter 300 linear residual 3.554e-05
gmres iter 310 linear residual 3.304e-05
gmres iter 320 linear residual 3.158e-05
gmres iter 330 linear residual 2.999e-05
gmres iter 340 linear residual 2.873e-05
gmres iter 350 linear residual 2.672e-05
gmres iter 360 linear residual 2.540e-05
gmres iter 370 linear residual 2.334e-05
gmres iter 380 linear residual 2.112e-05
gmres iter 390 linear residual 2.002e-05
gmres iter 400 linear residual 1.889e-05
gmres iter 410 linear residual 1.817e-05
gmres iter 420 linear residual 1.758e-05
gmres iter 430 linear residual 1.644e-05
gmres iter 440 linear residual 1.534e-05
gmres iter 450 linear residual 1.436e-05
gmres iter 460 linear residual 1.334e-05
gmres iter 470 linear residual 1.272e-05
gmres iter 480 linear residual 1.214e-05
gmres iter 490 linear residual 1.155e-05
res 1.313e-03 (F-block 8.862e-04 p-block 9.672e-04) alpha 1 eta 1.00e-03 iter times 495
gmres iter 10 linear residual 1.930e-02
gmres iter 20 linear residual 4.661e-03
gmres iter 30 linear residual 2.371e-03
gmres iter 40 linear residual 1.863e-03
gmres iter 50 linear residual 7.590e-04
gmres iter 60 linear residual 4.457e-04
gmres iter 70 linear residual 4.210e-04
gmres iter 80 linear residual 3.534e-04
gmres iter 90 linear residual 2.222e-04
gmres iter 100 linear residual 1.548e-04
gmres iter 110 linear residual 1.224e-04
gmres iter 120 linear residual 1.103e-04
gmres iter 130 linear residual 9.407e-05
gmres iter 140 linear residual 7.931e-05
gmres iter 150 linear residual 6.344e-05
res 2.620e-05 (F-block 4.994e-06 p-block 6.295e-07) alpha 1 eta 1.00e-02 iter times 154
time this step...49.67839503288269
now P is...
[[ 3.42561229e+00  2.33347077e-03 -8.75046300e-02]
 [ 1.59456730e-03 -1.13110054e-07  2.90848719e-02]
 [-5.92740324e-02  2.88308378e-02  2.29494912e-07]]
now F is...
[[ 1.30000000e+00  1.34161421e-18 -1.06211125e-19]
 [ 5.06832034e-19  8.88356138e-01 -1.04720442e-18]
 [ 1.19254596e-19  5.18757494e-18  8.80596002e-01]]
intermediate results saved (3 increments in output.csv)
finish! (with 5 load-step cuts)
solver stats are saved to solver_stats.json
F and P are saved to output.csv
