---------------------------------------------
-- mixed FFT based solver, by WANG Mingchuan
---------------------------------------------
gmres restart length: 100
Ghat4 is formed (fourier discretization)...
this increment is 0.1 (target 0.1) ------------------------
gmres iter 10 linear residual 9.255e-03
gmres iter 20 linear residual 3.220e-03
gmres iter 30 linear residual 2.764e-03
gmres iter 40 linear residual 2.604e-03
gmres iter 50 linear residual 2.442e-03
gmres iter 60 linear residual 2.370e-03
gmres iter 70 linear residual 2.092e-03
gmres iter 80 linear residual 1.688e-03
gmres iter 90 linear residual 1.529e-03
gmres iter 100 linear residual 1.429e-03
gmres iter 110 linear residual 1.344e-03
gmres iter 120 linear residual 1.246e-03
gmres iter 130 linear residual 1.164e-03
gmres iter 140 linear residual 1.146e-03
gmres iter 150 linear residual 1.125e-03
gmres iter 160 linear residual 1.114e-03
gmres iter 170 linear residual 1.106e-03
gmres iter 180 linear residual 1.087e-03
gmres iter 190 linear residual 1.065e-03
gmres iter 200 linear residual 1.051e-03
gmres iter 210 linear residual 1.039e-03
gmres iter 220 linear residual 1.022e-03
gmres iter 230 linear residual 9.960e-04
res 6.657e-02 (F-block 8.367e-02 p-block 5.827e-02) alpha 1 eta 1.00e-02 iter times 232
gmres iter 10 linear residual 2.917e-02
gmres iter 20 linear residual 1.311e-02
gmres iter 30 linear residual 7.519e-03
gmres iter 40 linear residual 4.436e-03
gmres iter 50 linear residual 2.761e-03
gmres iter 60 linear residual 1.677e-03
gmres iter 70 linear residual 1.113e-03
gmres iter 80 linear residual 7.905e-04
gmres iter 90 linear residual 6.209e-04
gmres iter 100 linear residual 5.064e-04
gmres iter 110 linear residual 4.530e-04
gmres iter 120 linear residual 4.239e-04
gmres iter 130 linear residual 4.144e-04
gmres iter 140 linear residual 4.134e-04
gmres iter 150 linear residual 4.027e-04
gmres iter 160 linear residual 3.782e-04
gmres iter 170 linear residual 3.533e-04
gmres iter 180 linear residual 3.428e-04
gmres iter 190 linear residual 3.396e-04
gmres iter 200 linear residual 3.393e-04
gmres iter 210 linear residual 3.373e-04
gmres iter 220 linear residual 3.317e-04
gmres iter 230 linear residual 3.247e-04
gmres iter 240 linear residual 3.185e-04
gmres iter 250 linear residual 3.121e-04
gmres iter 260 linear residual 3.089e-04
gmres iter 270 linear residual 3.083e-04
gmres iter 280 linear residual 3.083e-04
gmres iter 290 linear residual 3.077e-04
gmres iter 300 linear residual 3.043e-04
gmres iter 310 linear residual 2.998e-04
gmres iter 320 linear residual 2.937e-04
gmres iter 330 linear residual 2.863e-04
gmres iter 340 linear residual 2.827e-04
gmres iter 350 linear residual 2.825e-04
gmres iter 360 linear residual 2.799e-04
gmres iter 370 linear residual 2.683e-04
gmres iter 380 linear residual 2.575e-04
gmres iter 390 linear residual 2.530e-04
gmres iter 400 linear residual 2.518e-04
gmres iter 410 linear residual 2.515e-04
gmres iter 420 linear residual 2.494e-04
gmres iter 430 linear residual 2.451e-04
gmres iter 440 linear residual 2.399e-04
gmres iter 450 linear residual 2.362e-04
gmres iter 460 linear residual 2.338e-04
gmres iter 470 linear residual 2.333e-04
gmres iter 480 linear residual 2.333e-04
gmres iter 490 linear residual 2.329e-04
gmres iter 500 linear residual 2.314e-04
gmres iter 510 linear residual 2.288e-04
gmres iter 520 linear residual 2.257e-04
gmres iter 530 linear residual 2.239e-04
gmres iter 540 linear residual 2.221e-04
gmres iter 550 linear residual 2.216e-04
gmres iter 560 linear residual 2.215e-04
gmres iter 570 linear residual 2.205e-04
gmres iter 580 linear residual 2.190e-04
gmres iter 590 linear residual 2.186e-04
gmres iter 600 linear residual 2.185e-04
gmres iter 610 linear residual 2.176e-04
gmres iter 620 linear residual 2.160e-04
gmres iter 630 linear residual 2.140e-04
gmres iter 640 linear residual 2.120e-04
gmres iter 650 linear residual 2.101e-04
gmres iter 660 linear residual 2.086e-04
gmres iter 670 linear residual 2.085e-04
gmres iter 680 linear residual 2.084e-04
gmres iter 690 linear residual 2.084e-04
gmres iter 700 linear residual 2.077e-04
gmres iter 710 linear residual 2.056e-04
gmres iter 720 linear residual 2.040e-04
gmres iter 730 linear residual 2.023e-04
gmres iter 740 linear residual 2.006e-04
gmres iter 750 linear residual 2.001e-04
gmres iter 760 linear residual 2.000e-04
gmres iter 770 linear residual 1.997e-04
gmres iter 780 linear residual 1.992e-04
gmres iter 790 linear residual 1.992e-04
gmres iter 800 linear residual 1.991e-04
gmres iter 810 linear residual 1.985e-04
gmres iter 820 linear residual 1.970e-04
gmres iter 830 linear residual 1.954e-04
gmres iter 840 linear residual 1.947e-04
gmres iter 850 linear residual 1.940e-04
gmres iter 860 linear residual 1.938e-04
gmres iter 870 linear residual 1.937e-04
gmres iter 880 linear residual 1.933e-04
gmres iter 890 linear residual 1.911e-04
gmres iter 900 linear residual 1.876e-04
gmres iter 910 linear residual 1.857e-04
gmres iter 920 linear residual 1.855e-04
res 2.752e-02 (F-block 2.449e-02 p-block 1.756e-02) alpha 1 eta 4.68e-03 iter times 928
gmres iter 10 linear residual 1.928e-02
gmres iter 20 linear residual 9.218e-03
gmres iter 30 linear residual 5.981e-03
gmres iter 40 linear residual 3.897e-03
gmres iter 50 linear residual 2.580e-03
gmres iter 60 linear residual 1.845e-03
gmres iter 70 linear residual 1.377e-03
gmres iter 80 linear residual 9.202e-04
gmres iter 90 linear residual 5.873e-04
gmres iter 100 linear residual 4.182e-04
gmres iter 110 linear residual 2.888e-04
gmres iter 120 linear residual 2.015e-04
gmres iter 130 linear residual 1.457e-04
gmres iter 140 linear residual 1.080e-04
gmres iter 150 linear residual 8.111e-05
gmres iter 160 linear residual 6.544e-05
gmres iter 170 linear residual 5.457e-05
gmres iter 180 linear residual 4.780e-05
gmres iter 190 linear residual 4.230e-05
res 1.346e-02 (F-block 6.683e-03 p-block 4.572e-03) alpha 1 eta 1.00e-02 iter times 195
gmres iter 10 linear residual 2.234e-02
gmres iter 20 linear residual 1.107e-02
gmres iter 30 linear residual 6.858e-03
gmres iter 40 linear residual 4.160e-03
gmres iter 50 linear residual 2.661e-03
gmres iter 60 linear residual 1.996e-03
gmres iter 70 linear residual 1.503e-03
gmres iter 80 linear residual 1.037e-03
gmres iter 90 linear residual 6.391e-04
gmres iter 100 linear residual 4.480e-04
gmres iter 110 linear residual 3.096e-04
gmres iter 120 linear residual 2.324e-04
gmres iter 130 linear residual 1.864e-04
gmres iter 140 linear residual 1.513e-04
gmres iter 150 linear residual 1.243e-04
gmres iter 160 linear residual 1.086e-04
gmres iter 170 linear residual 9.692e-05
gmres iter 180 linear residual 8.950e-05
gmres iter 190 linear residual 8.279e-05
res 4.333e-03 (F-block 2.338e-03 p-block 1.390e-03) alpha 1 eta 1.00e-02 iter times 195
gmres iter 10 linear residual 1.398e-02
gmres iter 20 linear residual 4.824e-03
gmres iter 30 linear residual 2.561e-03
gmres iter 40 linear residual 2.156e-03
gmres iter 50 linear residual 1.603e-03
gmres iter 60 linear residual 9.283e-04
gmres iter 70 linear residual 5.572e-04
gmres iter 80 linear residual 5.095e-04
gmres iter 90 linear residual 4.058e-04
gmres iter 100 linear residual 2.965e-04
gmres iter 110 linear residual 2.341e-04
gmres iter 120 linear residual 2.116e-04
gmres iter 130 linear residual 1.996e-04
gmres iter 140 linear residual 1.908e-04
gmres iter 150 linear residual 1.805e-04
gmres iter 160 linear residual 1.624e-04
gmres iter 170 linear residual 1.472e-04
res 6.280e-04 (F-block 6.104e-05 p-block 3.594e-05) alpha 1 eta 1.00e-02 iter times 170
gmres iter 10 linear residual 2.702e-02
gmres iter 20 linear residual 1.445e-02
gmres iter 30 linear residual 9.944e-03
gmres iter 40 linear residual 6.524e-03
gmres iter 50 linear residual 5.311e-03
gmres iter 60 linear residual 4.763e-03
gmres iter 70 linear residual 4.324e-03
gmres iter 80 linear residual 3.970e-03
gmres iter 90 linear residual 3.687e-03
gmres iter 100 linear residual 3.407e-03
gmres iter 110 linear residual 3.335e-03
gmres iter 120 linear residual 3.244e-03
gmres iter 130 linear residual 3.119e-03
gmres iter 140 linear residual 2.949e-03
gmres iter 150 linear residual 2.700e-03
gmres iter 160 linear residual 2.407e-03
gmres iter 170 linear residual 2.022e-03
gmres iter 180 linear residual 1.550e-03
gmres iter 190 linear residual 1.056e-03
gmres iter 200 linear residual 7.372e-04
gmres iter 210 linear residual 5.653e-04
gmres iter 220 linear residual 4.269e-04
gmres iter 230 linear residual 3.518e-04
gmres iter 240 linear residual 3.116e-04
gmres iter 250 linear residual 2.763e-04
gmres iter 260 linear residual 2.532e-04
gmres iter 270 linear residual 2.386e-04
gmres iter 280 linear residual 2.234e-04
gmres iter 290 linear residual 2.024e-04
gmres iter 300 linear residual 1.770e-04
gmres iter 310 linear residual 1.614e-04
gmres iter 320 linear residual 1.516e-04
gmres iter 330 linear residual 1.442e-04
gmres iter 340 linear residual 1.348e-04
gmres iter 350 linear residual 1.230e-04
gmres iter 360 linear residual 1.077e-04
gmres iter 370 linear residual 8.939e-05
gmres iter 380 linear residual 7.077e-05
gmres iter 390 linear residual 5.736e-05
gmres iter 400 linear residual 4.627e-05
gmres iter 410 linear residual 3.877e-05
gmres iter 420 linear residual 3.259e-05
gmres iter 430 linear residual 2.795e-05
gmres iter 440 linear residual 2.446e-05
gmres iter 450 linear residual 2.171e-05
gmres iter 460 linear residual 1.918e-05
res 3.038e-04 (F-block 2.358e-05 p-block 1.390e-05) alpha 1 eta 1.00e-03 iter times 467
gmres iter 10 linear residual 3.272e-02
gmres iter 20 linear residual 1.336e-02
gmres iter 30 linear residual 7.220e-03
gmres iter 40 linear residual 4.111e-03
gmres iter 50 linear residual 2.472e-03
gmres iter 60 linear residual 2.084e-03
gmres iter 70 linear residual 1.774e-03
gmres iter 80 linear residual 1.303e-03
gmres iter 90 linear residual 7.615e-04
res 4.497e-06 (F-block 1.745e-07 p-block 8.705e-08) alpha 1 eta 1.00e-02 iter times 96
time this step...476.88021898269653
now P is...
[[ 1.34107499e+00  1.06279972e-03 -2.29064165e-02]
 [ 9.24819235e-04  1.16349938e-07  1.80167527e-02]
 [-1.98908320e-02  1.79789674e-02 -5.83460898e-08]]
now F is...
[[ 1.10000000e+00  2.65192409e-17 -2.97451709e-17]
 [ 6.40993455e-19  9.57195073e-01 -2.51254528e-17]
 [ 1.18658323e-17  2.49987448e-17  9.55187375e-01]]
intermediate results saved (1 increments in output.csv)
this increment is 0.1 (target 0.2) ------------------------
gmres iter 10 linear residual 9.462e-03
gmres iter 20 linear residual 3.142e-03
gmres iter 30 linear residual 2.669e-03
gmres iter 40 linear residual 2.519e-03
gmres iter 50 linear residual 2.359e-03
gmres iter 60 linear residual 2.258e-03
gmres iter 70 linear residual 1.989e-03
gmres iter 80 linear residual 1.584e-03
gmres iter 90 linear residual 1.441e-03
gmres iter 100 linear residual 1.354e-03
gmres iter 110 linear residual 1.276e-03
gmres iter 120 linear residual 1.175e-03
gmres iter 130 linear residual 1.090e-03
res 6.016e-02 (F-block 8.218e-02 p-block 6.116e-02) alpha 1 eta 1.00e-02 iter times 132
gmres iter 10 linear residual 3.081e-02
gmres iter 20 linear residual 1.426e-02
gmres iter 30 linear residual 8.374e-03
gmres iter 40 linear residual 5.188e-03
gmres iter 50 linear residual 3.260e-03
gmres iter 60 linear residual 2.095e-03
gmres iter 70 linear residual 1.474e-03
gmres iter 80 linear residual 1.178e-03
gmres iter 90 linear residual 1.118e-03
gmres iter 100 linear residual 1.101e-03
gmres iter 110 linear residual 1.089e-03
gmres iter 120 linear residual 1.043e-03
gmres iter 130 linear residual 9.005e-04
gmres iter 140 linear residual 7.588e-04
gmres iter 150 linear residual 6.784e-04
gmres iter 160 linear residual 6.339e-04
gmres iter 170 linear residual 6.143e-04
gmres iter 180 linear residual 6.098e-04
gmres iter 190 linear residual 6.009e-04
gmres iter 200 linear residual 5.729e-04
gmres iter 210 linear residual 5.532e-04
gmres iter 220 linear residual 5.461e-04
gmres iter 230 linear residual 5.454e-04
gmres iter 240 linear residual 5.400e-04
gmres iter 250 linear residual 5.249e-04
gmres iter 260 linear residual 5.061e-04
gmres iter 270 linear residual 4.958e-04
gmres iter 280 linear residual 4.942e-04
gmres iter 290 linear residual 4.873e-04
gmres iter 300 linear residual 4.672e-04
gmres iter 310 linear residual 4.525e-04
gmres iter 320 linear residual 4.463e-04
gmres iter 330 linear residual 4.454e-04
gmres iter 340 linear residual 4.408e-04
gmres iter 350 linear residual 4.334e-04
gmres iter 360 linear residual 4.233e-04
gmres iter 370 linear residual 4.167e-04
gmres iter 380 linear residual 4.145e-04
gmres iter 390 linear residual 4.141e-04
gmres iter 400 linear residual 4.097e-04
gmres iter 410 linear residual 4.070e-04
gmres iter 420 linear residual 4.062e-04
gmres iter 430 linear residual 4.051e-04
gmres iter 440 linear residual 4.008e-04
gmres iter 450 linear residual 3.945e-04
gmres iter 460 linear residual 3.902e-04
gmres iter 470 linear residual 3.893e-04
gmres iter 480 linear residual 3.882e-04
gmres iter 490 linear residual 3.842e-04
gmres iter 500 linear residual 3.733e-04
gmres iter 510 linear residual 3.650e-04
gmres iter 520 linear residual 3.598e-04
gmres iter 530 linear residual 3.587e-04
gmres iter 540 linear residual 3.585e-04
gmres iter 550 linear residual 3.573e-04
gmres iter 560 linear residual 3.526e-04
gmres iter 570 linear residual 3.452e-04
gmres iter 580 linear residual 3.367e-04
gmres iter 590 linear residual 3.323e-04
gmres iter 600 linear residual 3.317e-04
gmres iter 610 linear residual 3.315e-04
gmres iter 620 linear residual 3.292e-04
gmres iter 630 linear residual 3.253e-04
gmres iter 640 linear residual 3.210e-04
gmres iter 650 linear residual 3.188e-04
gmres iter 660 linear residual 3.177e-04
gmres iter 670 linear residual 3.174e-04
gmres iter 680 linear residual 3.169e-04
gmres iter 690 linear residual 3.155e-04
gmres iter 700 linear residual 3.113e-04
gmres iter 710 linear residual 3.085e-04
gmres iter 720 linear residual 3.067e-04
gmres iter 730 linear residual 3.059e-04
gmres iter 740 linear residual 3.058e-04
gmres iter 750 linear residual 3.049e-04
gmres iter 760 linear residual 3.023e-04
gmres iter 770 linear residual 2.995e-04
gmres iter 780 linear residual 2.980e-04
gmres iter 790 linear residual 2.975e-04
gmres iter 800 linear residual 2.963e-04
gmres iter 810 linear residual 2.955e-04
gmres iter 820 linear residual 2.953e-04
gmres iter 830 linear residual 2.941e-04
gmres iter 840 linear residual 2.908e-04
gmres iter 850 linear residual 2.876e-04
gmres iter 860 linear residual 2.863e-04
gmres iter 870 linear residual 2.857e-04
gmres iter 880 linear residual 2.855e-04
gmres iter 890 linear residual 2.843e-04
gmres iter 900 linear residual 2.818e-04
gmres iter 910 linear residual 2.798e-04
gmres iter 920 linear residual 2.788e-04
gmres iter 930 linear residual 2.787e-04
gmres iter 940 linear residual 2.785e-04
gmres iter 950 linear residual 2.778e-04
gmres iter 960 linear residual 2.768e-04
gmres iter 970 linear residual 2.758e-04
gmres iter 980 linear residual 2.755e-04
gmres iter 990 linear residual 2.751e-04
gmres iter 1000 linear residual 2.735e-04
linear solver hit the iteration cap (1000 iterations, flag 10)
increment failed (gmres_iteration_cap); cutting step to 0.05
this increment is 0.05 (target 0.2) ------------------------
gmres iter 10 linear residual 8.650e-03
gmres iter 20 linear residual 2.611e-03
gmres iter 30 linear residual 1.999e-03
gmres iter 40 linear residual 1.177e-03
gmres iter 50 linear residual 9.092e-04
gmres iter 60 linear residual 7.736e-04
gmres iter 70 linear residual 6.408e-04
gmres iter 80 linear residual 5.940e-04
res 3.129e-02 (F-block 4.227e-02 p-block 3.452e-02) alpha 1 eta 1.00e-02 iter times 80
gmres iter 10 linear residual 3.182e-02
gmres iter 20 linear residual 1.651e-02
gmres iter 30 linear residual 1.052e-02
gmres iter 40 linear residual 6.690e-03
gmres iter 50 linear residual 4.160e-03
gmres iter 60 linear residual 2.488e-03
gmres iter 70 linear residual 1.623e-03
gmres iter 80 linear residual 1.128e-03
gmres iter 90 linear residual 9.289e-04
gmres iter 100 linear residual 8.494e-04
gmres iter 110 linear residual 8.383e-04
gmres iter 120 linear residual 8.342e-04
gmres iter 130 linear residual 7.888e-04
gmres iter 140 linear residual 6.664e-04
gmres iter 150 linear residual 5.306e-04
gmres iter 160 linear residual 4.094e-04
gmres iter 170 linear residual 3.204e-04
gmres iter 180 linear residual 2.481e-04
gmres iter 190 linear residual 1.980e-04
gmres iter 200 linear residual 1.715e-04
gmres iter 210 linear residual 1.585e-04
gmres iter 220 linear residual 1.480e-04
gmres iter 230 linear residual 1.372e-04
gmres iter 240 linear residual 1.279e-04
gmres iter 250 linear residual 1.184e-04
gmres iter 260 linear residual 1.117e-04
gmres iter 270 linear residual 1.082e-04
gmres iter 280 linear residual 1.071e-04
gmres iter 290 linear residual 1.064e-04
gmres iter 300 linear residual 1.063e-04
gmres iter 310 linear residual 1.063e-04
gmres iter 320 linear residual 1.061e-04
gmres iter 330 linear residual 1.052e-04
gmres iter 340 linear residual 1.033e-04
gmres iter 350 linear residual 1.003e-04
gmres iter 360 linear residual 9.740e-05
gmres iter 370 linear residual 9.358e-05
gmres iter 380 linear residual 8.987e-05
res 8.465e-03 (F-block 3.979e-03 p-block 3.309e-03) alpha 1 eta 1.34e-03 iter times 384
gmres iter 10 linear residual 3.061e-02
gmres iter 20 linear residual 1.363e-02
gmres iter 30 linear residual 7.503e-03
gmres iter 40 linear residual 4.864e-03
gmres iter 50 linear residual 3.374e-03
gmres iter 60 linear residual 2.411e-03
gmres iter 70 linear residual 1.799e-03
gmres iter 80 linear residual 1.578e-03
gmres iter 90 linear residual 1.454e-03
gmres iter 100 linear residual 1.319e-03
gmres iter 110 linear residual 1.244e-03
gmres iter 120 linear residual 1.229e-03
gmres iter 130 linear residual 1.210e-03
gmres iter 140 linear residual 1.087e-03
gmres iter 150 linear residual 8.658e-04
gmres iter 160 linear residual 7.341e-04
gmres iter 170 linear residual 6.405e-04
gmres iter 180 linear residual 5.844e-04
gmres iter 190 linear residual 5.475e-04
gmres iter 200 linear residual 5.160e-04
gmres iter 210 linear residual 4.973e-04
gmres iter 220 linear residual 4.799e-04
gmres iter 230 linear residual 4.723e-04
gmres iter 240 linear residual 4.712e-04
gmres iter 250 linear residual 4.679e-04
gmres iter 260 linear residual 4.537e-04
gmres iter 270 linear residual 4.224e-04
res 1.358e-03 (F-block 1.754e-04 p-block 1.267e-04) alpha 1 eta 8.09e-03 iter times 272
gmres iter 10 linear residual 2.907e-02
gmres iter 20 linear residual 1.479e-02
gmres iter 30 linear residual 1.074e-02
gmres iter 40 linear residual 9.307e-03
gmres iter 50 linear residual 8.740e-03
gmres iter 60 linear residual 8.538e-03
gmres iter 70 linear residual 8.473e-03
gmres iter 80 linear residual 8.465e-03
gmres iter 90 linear residual 8.432e-03
gmres iter 100 linear residual 8.338e-03
gmres iter 110 linear residual 8.296e-03
gmres iter 120 linear residual 8.258e-03
gmres iter 130 linear residual 8.248e-03
gmres iter 140 linear residual 8.233e-03
gmres iter 150 linear residual 8.119e-03
gmres iter 160 linear residual 7.903e-03
gmres iter 170 linear residual 7.542e-03
gmres iter 180 linear residual 7.235e-03
gmres iter 190 linear residual 6.815e-03
gmres iter 200 linear residual 5.922e-03
gmres iter 210 linear residual 5.346e-03
gmres iter 220 linear residual 4.974e-03
gmres iter 230 linear residual 4.738e-03
gmres iter 240 linear residual 4.596e-03
gmres iter 250 linear residual 4.522e-03
gmres iter 260 linear residual 4.477e-03
gmres iter 270 linear residual 4.473e-03
gmres iter 280 linear residual 4.458e-03
gmres iter 290 linear residual 4.379e-03
gmres iter 300 linear residual 4.154e-03
gmres iter 310 linear residual 3.968e-03
gmres iter 320 linear residual 3.892e-03
gmres iter 330 linear residual 3.873e-03
gmres iter 340 linear residual 3.867e-03
gmres iter 350 linear residual 3.847e-03
gmres iter 360 linear residual 3.817e-03
gmres iter 370 linear residual 3.762e-03
gmres iter 380 linear residual 3.673e-03
gmres iter 390 linear residual 3.531e-03
gmres iter 400 linear residual 3.293e-03
gmres iter 410 linear residual 3.148e-03
gmres iter 420 linear residual 3.032e-03
gmres iter 430 linear residual 2.934e-03
gmres iter 440 linear residual 2.859e-03
gmres iter 450 linear residual 2.813e-03
gmres iter 460 linear residual 2.796e-03
gmres iter 470 linear residual 2.788e-03
gmres iter 480 linear residual 2.745e-03
gmres iter 490 linear residual 2.633e-03
gmres iter 500 linear residual 2.461e-03
gmres iter 510 linear residual 2.342e-03
gmres iter 520 linear residual 2.277e-03
gmres iter 530 linear residual 2.247e-03
gmres iter 540 linear residual 2.234e-03
gmres iter 550 linear residual 2.232e-03
gmres iter 560 linear residual 2.227e-03
gmres iter 570 linear residual 2.198e-03
gmres iter 580 linear residual 2.156e-03
gmres iter 590 linear residual 2.089e-03
gmres iter 600 linear residual 1.992e-03
gmres iter 610 linear residual 1.930e-03
gmres iter 620 linear residual 1.882e-03
gmres iter 630 linear residual 1.851e-03
gmres iter 640 linear residual 1.817e-03
gmres iter 650 linear residual 1.806e-03
gmres iter 660 linear residual 1.803e-03
gmres iter 670 linear residual 1.788e-03
gmres iter 680 linear residual 1.736e-03
gmres iter 690 linear residual 1.626e-03
gmres iter 700 linear residual 1.470e-03
gmres iter 710 linear residual 1.381e-03
gmres iter 720 linear residual 1.302e-03
gmres iter 730 linear residual 1.270e-03
gmres iter 740 linear residual 1.250e-03
gmres iter 750 linear residual 1.246e-03
gmres iter 760 linear residual 1.245e-03
gmres iter 770 linear residual 1.240e-03
gmres iter 780 linear residual 1.224e-03
gmres iter 790 linear residual 1.204e-03
gmres iter 800 linear residual 1.169e-03
gmres iter 810 linear residual 1.149e-03
gmres iter 820 linear residual 1.123e-03
gmres iter 830 linear residual 1.109e-03
gmres iter 840 linear residual 1.104e-03
gmres iter 850 linear residual 1.103e-03
gmres iter 860 linear residual 1.099e-03
gmres iter 870 linear residual 1.078e-03
gmres iter 880 linear residual 1.024e-03
gmres iter 890 linear residual 9.040e-04
gmres iter 900 linear residual 7.465e-04
gmres iter 910 linear residual 6.828e-04
gmres iter 920 linear residual 5.912e-04
gmres iter 930 linear residual 5.511e-04
gmres iter 940 linear residual 5.283e-04
gmres iter 950 linear residual 5.185e-04
gmres iter 960 linear residual 5.134e-04
gmres iter 970 linear residual 5.118e-04
gmres iter 980 linear residual 5.114e-04
gmres iter 990 linear residual 5.090e-04
gmres iter 1000 linear residual 5.032e-04
linear solver hit the iteration cap (1000 iterations, flag 10)
increment failed (gmres_iteration_cap); cutting step to 0.025
this increment is 0.025 (target 0.2) ------------------------
gmres iter 10 linear residual 8.241e-03
gmres iter 20 linear residual 2.517e-03
gmres iter 30 linear residual 1.882e-03
gmres iter 40 linear residual 9.502e-04
res 1.535e-02 (F-block 2.015e-02 p-block 2.713e-02) alpha 1 eta 1.00e-02 iter times 43
gmres iter 10 linear residual 4.456e-02
gmres iter 20 linear residual 2.913e-02
gmres iter 30 linear residual 1.893e-02
gmres iter 40 linear residual 1.160e-02
gmres iter 50 linear residual 6.753e-03
gmres iter 60 linear residual 4.100e-03
gmres iter 70 linear residual 2.711e-03
gmres iter 80 linear residual 1.769e-03
gmres iter 90 linear residual 1.336e-03
gmres iter 100 linear residual 1.088e-03
gmres iter 110 linear residual 1.016e-03
gmres iter 120 linear residual 9.803e-04
gmres iter 130 linear residual 9.723e-04
gmres iter 140 linear residual 9.695e-04
gmres iter 150 linear residual 9.464e-04
gmres iter 160 linear residual 8.830e-04
gmres iter 170 linear residual 7.672e-04
gmres iter 180 linear residual 6.013e-04
gmres iter 190 linear residual 4.570e-04
gmres iter 200 linear residual 3.421e-04
gmres iter 210 linear residual 2.862e-04
gmres iter 220 linear residual 2.527e-04
gmres iter 230 linear residual 2.261e-04
gmres iter 240 linear residual 2.036e-04
gmres iter 250 linear residual 1.817e-04
gmres iter 260 linear residual 1.631e-04
gmres iter 270 linear residual 1.511e-04
gmres iter 280 linear residual 1.456e-04
gmres iter 290 linear residual 1.429e-04
gmres iter 300 linear residual 1.421e-04
gmres iter 310 linear residual 1.420e-04
gmres iter 320 linear residual 1.419e-04
gmres iter 330 linear residual 1.411e-04
gmres iter 340 linear residual 1.389e-04
gmres iter 350 linear residual 1.344e-04
gmres iter 360 linear residual 1.257e-04
gmres iter 370 linear residual 1.168e-04
gmres iter 380 linear residual 1.088e-04
gmres iter 390 linear residual 1.007e-04
gmres iter 400 linear residual 9.324e-05
gmres iter 410 linear residual 8.795e-05
gmres iter 420 linear residual 8.284e-05
gmres iter 430 linear residual 7.827e-05
gmres iter 440 linear residual 7.252e-05
gmres iter 450 linear residual 6.797e-05
gmres iter 460 linear residual 6.441e-05
gmres iter 470 linear residual 6.293e-05
gmres iter 480 linear residual 6.195e-05
gmres iter 490 linear residual 6.175e-05
gmres iter 500 linear residual 6.164e-05
res 3.786e-03 (F-block 3.963e-03 p-block 2.797e-03) alpha 1 eta 1.00e-03 iter times 500
gmres iter 10 linear residual 3.289e-02
gmres iter 20 linear residual 1.371e-02
gmres iter 30 linear residual 7.475e-03
gmres iter 40 linear residual 4.484e-03
gmres iter 50 linear residual 2.877e-03
gmres iter 60 linear residual 2.315e-03
gmres iter 70 linear residual 2.190e-03
gmres iter 80 linear residual 1.941e-03
gmres iter 90 linear residual 1.534e-03
gmres iter 100 linear residual 1.289e-03
gmres iter 110 linear residual 1.171e-03
gmres iter 120 linear residual 1.157e-03
gmres iter 130 linear residual 1.152e-03
gmres iter 140 linear residual 1.131e-03
gmres iter 150 linear residual 1.085e-03
gmres iter 160 linear residual 1.062e-03
gmres iter 170 linear residual 1.060e-03
gmres iter 180 linear residual 1.050e-03
gmres iter 190 linear residual 1.033e-03
gmres iter 200 linear residual 1.028e-03
gmres iter 210 linear residual 1.026e-03
gmres iter 220 linear residual 1.020e-03
gmres iter 230 linear residual 1.007e-03
gmres iter 240 linear residual 9.546e-04
gmres iter 250 linear residual 8.349e-04
gmres iter 260 linear residual 7.588e-04
gmres iter 270 linear residual 7.229e-04
gmres iter 280 linear residual 6.823e-04
gmres iter 290 linear residual 6.652e-04
gmres iter 300 linear residual 6.592e-04
gmres iter 310 linear residual 6.562e-04
gmres iter 320 linear residual 6.521e-04
gmres iter 330 linear residual 6.477e-04
gmres iter 340 linear residual 6.472e-04
gmres iter 350 linear residual 6.454e-04
gmres iter 360 linear residual 6.439e-04
gmres iter 370 linear residual 6.437e-04
gmres iter 380 linear residual 6.430e-04
gmres iter 390 linear residual 6.420e-04
gmres iter 400 linear residual 6.411e-04
gmres iter 410 linear residual 6.398e-04
gmres iter 420 linear residual 6.365e-04
gmres iter 430 linear residual 6.302e-04
gmres iter 440 linear residual 6.064e-04
gmres iter 450 linear residual 5.573e-04
res 1.210e-03 (F-block 1.373e-03 p-block 9.344e-04) alpha 1 eta 1.00e-02 iter times 453
gmres iter 10 linear residual 3.214e-02
gmres iter 20 linear residual 1.330e-02
gmres iter 30 linear residual 7.252e-03
gmres iter 40 linear residual 4.328e-03
gmres iter 50 linear residual 2.695e-03
gmres iter 60 linear residual 2.280e-03
gmres iter 70 linear residual 2.147e-03
gmres iter 80 linear residual 1.910e-03
gmres iter 90 linear residual 1.512e-03
gmres iter 100 linear residual 1.220e-03
gmres iter 110 linear residual 1.052e-03
gmres iter 120 linear residual 1.045e-03
gmres iter 130 linear residual 1.041e-03
gmres iter 140 linear residual 1.037e-03
gmres iter 150 linear residual 1.028e-03
gmres iter 160 linear residual 1.027e-03
gmres iter 170 linear residual 1.027e-03
gmres iter 180 linear residual 1.027e-03
gmres iter 190 linear residual 1.026e-03
gmres iter 200 linear residual 1.022e-03
gmres iter 210 linear residual 1.014e-03
gmres iter 220 linear residual 1.011e-03
gmres iter 230 linear residual 1.009e-03
gmres iter 240 linear residual 1.007e-03
gmres iter 250 linear residual 1.006e-03
gmres iter 260 linear residual 1.006e-03
gmres iter 270 linear residual 1.006e-03
gmres iter 280 linear residual 1.006e-03
gmres iter 290 linear residual 1.006e-03
gmres iter 300 linear residual 1.005e-03
gmres iter 310 linear residual 1.005e-03
gmres iter 320 linear residual 1.003e-03
gmres iter 330 linear residual 1.003e-03
gmres iter 340 linear residual 1.001e-03
gmres iter 350 linear residual 9.992e-04
gmres iter 360 linear residual 9.990e-04
gmres iter 370 linear residual 9.989e-04
gmres iter 380 linear residual 9.988e-04
gmres iter 390 linear residual 9.986e-04
gmres iter 400 linear residual 9.980e-04
gmres iter 410 linear residual 9.971e-04
gmres iter 420 linear residual 9.962e-04
gmres iter 430 linear residual 9.955e-04
gmres iter 440 linear residual 9.952e-04
gmres iter 450 linear residual 9.950e-04
gmres iter 460 linear residual 9.950e-04
gmres iter 470 linear residual 9.950e-04
gmres iter 480 linear residual 9.949e-04
gmres iter 490 linear residual 9.949e-04
gmres iter 500 linear residual 9.949e-04
gmres iter 510 linear residual 9.944e-04
gmres iter 520 linear residual 9.939e-04
gmres iter 530 linear residual 9.938e-04
gmres iter 540 linear residual 9.933e-04
gmres iter 550 linear residual 9.928e-04
gmres iter 560 linear residual 9.927e-04
gmres iter 570 linear residual 9.927e-04
gmres iter 580 linear residual 9.927e-04
gmres iter 590 linear residual 9.926e-04
gmres iter 600 linear residual 9.925e-04
gmres iter 610 linear residual 9.922e-04
gmres iter 620 linear residual 9.920e-04
gmres iter 630 linear residual 9.917e-04
gmres iter 640 linear residual 9.916e-04
gmres iter 650 linear residual 9.914e-04
gmres iter 660 linear residual 9.914e-04
gmres iter 670 linear residual 9.914e-04
gmres iter 680 linear residual 9.914e-04
gmres iter 690 linear residual 9.914e-04
gmres iter 700 linear residual 9.914e-04
gmres iter 710 linear residual 9.913e-04
gmres iter 720 linear residual 9.912e-04
gmres iter 730 linear residual 9.911e-04
gmres iter 740 linear residual 9.910e-04
gmres iter 750 linear residual 9.909e-04
gmres iter 760 linear residual 9.908e-04
gmres iter 770 linear residual 9.908e-04
gmres iter 780 linear residual 9.908e-04
gmres iter 790 linear residual 9.908e-04
gmres iter 800 linear residual 9.908e-04
gmres iter 810 linear residual 9.907e-04
gmres iter 820 linear residual 9.906e-04
gmres iter 830 linear residual 9.905e-04
gmres iter 840 linear residual 9.904e-04
gmres iter 850 linear residual 9.902e-04
gmres iter 860 linear residual 9.902e-04
gmres iter 870 linear residual 9.902e-04
gmres iter 880 linear residual 9.902e-04
gmres iter 890 linear residual 9.902e-04
gmres iter 900 linear residual 9.902e-04
gmres iter 910 linear residual 9.902e-04
gmres iter 920 linear residual 9.900e-04
gmres iter 930 linear residual 9.900e-04
gmres iter 940 linear residual 9.899e-04
gmres iter 950 linear residual 9.896e-04
linear solver hit the iteration cap (952 iterations, flag 10)
increment failed (gmres_iteration_cap); cutting step to 0.0125
this increment is 0.0125 (target 0.2) ------------------------
gmres iter 10 linear residual 8.043e-03
gmres iter 20 linear residual 2.495e-03
gmres iter 30 linear residual 1.860e-03
gmres iter 40 linear residual 9.314e-04
res 7.694e-03 (F-block 1.035e-02 p-block 2.223e-02) alpha 1 eta 1.00e-02 iter times 43
gmres iter 10 linear residual 7.115e-02
gmres iter 20 linear residual 5.261e-02
gmres iter 30 linear residual 3.278e-02
gmres iter 40 linear residual 1.883e-02
gmres iter 50 linear residual 1.052e-02
gmres iter 60 linear residual 6.641e-03
gmres iter 70 linear residual 4.428e-03
gmres iter 80 linear residual 2.823e-03
gmres iter 90 linear residual 2.002e-03
gmres iter 100 linear residual 1.517e-03
gmres iter 110 linear residual 1.376e-03
gmres iter 120 linear residual 1.252e-03
gmres iter 130 linear residual 1.171e-03
gmres iter 140 linear residual 1.124e-03
gmres iter 150 linear residual 1.096e-03
gmres iter 160 linear residual 1.080e-03
gmres iter 170 linear residual 1.075e-03
gmres iter 180 linear residual 1.073e-03
gmres iter 190 linear residual 1.073e-03
gmres iter 200 linear residual 1.068e-03
gmres iter 210 linear residual 1.065e-03
gmres iter 220 linear residual 1.064e-03
gmres iter 230 linear residual 1.064e-03
gmres iter 240 linear residual 1.061e-03
gmres iter 250 linear residual 1.052e-03
gmres iter 260 linear residual 1.036e-03
gmres iter 270 linear residual 1.020e-03
gmres iter 280 linear residual 1.002e-03
gmres iter 290 linear residual 9.875e-04
gmres iter 300 linear residual 9.666e-04
gmres iter 310 linear residual 9.545e-04
gmres iter 320 linear residual 9.371e-04
gmres iter 330 linear residual 9.139e-04
gmres iter 340 linear residual 8.912e-04
gmres iter 350 linear residual 8.756e-04
gmres iter 360 linear residual 8.705e-04
gmres iter 370 linear residual 8.693e-04
gmres iter 380 linear residual 8.688e-04
gmres iter 390 linear residual 8.670e-04
gmres iter 400 linear residual 8.625e-04
gmres iter 410 linear residual 8.597e-04
gmres iter 420 linear residual 8.584e-04
gmres iter 430 linear residual 8.580e-04
gmres iter 440 linear residual 8.579e-04
gmres iter 450 linear residual 8.566e-04
gmres iter 460 linear residual 8.525e-04
gmres iter 470 linear residual 8.455e-04
gmres iter 480 linear residual 8.366e-04
gmres iter 490 linear residual 8.235e-04
gmres iter 500 linear residual 7.954e-04
gmres iter 510 linear residual 7.785e-04
gmres iter 520 linear residual 7.676e-04
gmres iter 530 linear residual 7.627e-04
gmres iter 540 linear residual 7.577e-04
gmres iter 550 linear residual 7.536e-04
gmres iter 560 linear residual 7.511e-04
gmres iter 570 linear residual 7.495e-04
gmres iter 580 linear residual 7.490e-04
gmres iter 590 linear residual 7.487e-04
gmres iter 600 linear residual 7.484e-04
gmres iter 610 linear residual 7.484e-04
gmres iter 620 linear residual 7.484e-04
gmres iter 630 linear residual 7.481e-04
gmres iter 640 linear residual 7.475e-04
gmres iter 650 linear residual 7.460e-04
gmres iter 660 linear residual 7.433e-04
gmres iter 670 linear residual 7.323e-04
gmres iter 680 linear residual 7.085e-04
gmres iter 690 linear residual 6.563e-04
gmres iter 700 linear residual 5.868e-04
gmres iter 710 linear residual 5.419e-04
gmres iter 720 linear residual 5.062e-04
gmres iter 730 linear residual 4.922e-04
gmres iter 740 linear residual 4.867e-04
gmres iter 750 linear residual 4.833e-04
gmres iter 760 linear residual 4.803e-04
gmres iter 770 linear residual 4.782e-04
gmres iter 780 linear residual 4.765e-04
gmres iter 790 linear residual 4.749e-04
gmres iter 800 linear residual 4.737e-04
gmres iter 810 linear residual 4.733e-04
gmres iter 820 linear residual 4.732e-04
gmres iter 830 linear residual 4.729e-04
gmres iter 840 linear residual 4.719e-04
gmres iter 850 linear residual 4.707e-04
gmres iter 860 linear residual 4.696e-04
gmres iter 870 linear residual 4.678e-04
gmres iter 880 linear residual 4.636e-04
gmres iter 890 linear residual 4.577e-04
gmres iter 900 linear residual 4.435e-04
gmres iter 910 linear residual 4.338e-04
gmres iter 920 linear residual 4.240e-04
gmres iter 930 linear residual 4.191e-04
gmres iter 940 linear residual 4.153e-04
gmres iter 950 linear residual 4.125e-04
gmres iter 960 linear residual 4.107e-04
gmres iter 970 linear residual 4.095e-04
gmres iter 980 linear residual 4.092e-04
gmres iter 990 linear residual 4.085e-04
gmres iter 1000 linear residual 4.059e-04
linear solver hit the iteration cap (1000 iterations, flag 10)
increment failed (gmres_iteration_cap); cutting step to 0.00625
this increment is 0.00625 (target 0.2) ------------------------
gmres iter 10 linear residual 7.947e-03
gmres iter 20 linear residual 2.490e-03
gmres iter 30 linear residual 1.855e-03
gmres iter 40 linear residual 9.309e-04
res 3.856e-03 (F-block 6.782e-03 p-block 2.006e-02) alpha 1 eta 1.00e-02 iter times 43
gmres iter 10 linear residual 1.019e-01
gmres iter 20 linear residual 7.832e-02
gmres iter 30 linear residual 4.438e-02
gmres iter 40 linear residual 2.339e-02
gmres iter 50 linear residual 1.394e-02
gmres iter 60 linear residual 9.247e-03
gmres iter 70 linear residual 6.019e-03
gmres iter 80 linear residual 3.922e-03
gmres iter 90 linear residual 2.676e-03
gmres iter 100 linear residual 1.975e-03
gmres iter 110 linear residual 1.775e-03
gmres iter 120 linear residual 1.557e-03
gmres iter 130 linear residual 1.395e-03
gmres iter 140 linear residual 1.280e-03
gmres iter 150 linear residual 1.196e-03
gmres iter 160 linear residual 1.128e-03
gmres iter 170 linear residual 1.080e-03
gmres iter 180 linear residual 1.028e-03
gmres iter 190 linear residual 9.567e-04
gmres iter 200 linear residual 8.537e-04
gmres iter 210 linear residual 7.830e-04
gmres iter 220 linear residual 7.445e-04
gmres iter 230 linear residual 7.201e-04
gmres iter 240 linear residual 7.013e-04
gmres iter 250 linear residual 6.769e-04
gmres iter 260 linear residual 6.481e-04
gmres iter 270 linear residual 6.168e-04
gmres iter 280 linear residual 5.722e-04
gmres iter 290 linear residual 5.114e-04
gmres iter 300 linear residual 4.239e-04
gmres iter 310 linear residual 3.755e-04
gmres iter 320 linear residual 3.434e-04
gmres iter 330 linear residual 3.231e-04
gmres iter 340 linear residual 3.037e-04
gmres iter 350 linear residual 2.814e-04
gmres iter 360 linear residual 2.624e-04
gmres iter 370 linear residual 2.444e-04
gmres iter 380 linear residual 2.312e-04
gmres iter 390 linear residual 2.200e-04
gmres iter 400 linear residual 2.066e-04
gmres iter 410 linear residual 1.980e-04
gmres iter 420 linear residual 1.900e-04
gmres iter 430 linear residual 1.839e-04
gmres iter 440 linear residual 1.756e-04
gmres iter 450 linear residual 1.652e-04
gmres iter 460 linear residual 1.569e-04
gmres iter 470 linear residual 1.500e-04
gmres iter 480 linear residual 1.421e-04
gmres iter 490 linear residual 1.286e-04
gmres iter 500 linear residual 1.122e-04
gmres iter 510 linear residual 1.016e-04
gmres iter 520 linear residual 9.333e-05
gmres iter 530 linear residual 8.866e-05
gmres iter 540 linear residual 8.432e-05
gmres iter 550 linear residual 7.959e-05
gmres iter 560 linear residual 7.433e-05
gmres iter 570 linear residual 6.755e-05
gmres iter 580 linear residual 6.401e-05
gmres iter 590 linear residual 6.196e-05
gmres iter 600 linear residual 6.046e-05
gmres iter 610 linear residual 5.809e-05
gmres iter 620 linear residual 5.524e-05
gmres iter 630 linear residual 5.238e-05
gmres iter 640 linear residual 4.923e-05
gmres iter 650 linear residual 4.569e-05
gmres iter 660 linear residual 4.167e-05
gmres iter 670 linear residual 3.764e-05
res 1.347e-03 (F-block 5.118e-03 p-block 3.562e-03) alpha 1 eta 1.00e-03 iter times 675
gmres iter 10 linear residual 3.236e-02
gmres iter 20 linear residual 1.307e-02
gmres iter 30 linear residual 7.090e-03
gmres iter 40 linear residual 4.239e-03
gmres iter 50 linear residual 2.754e-03
gmres iter 60 linear residual 2.437e-03
gmres iter 70 linear residual 2.355e-03
gmres iter 80 linear residual 2.195e-03
gmres iter 90 linear residual 1.843e-03
gmres iter 100 linear residual 1.503e-03
gmres iter 110 linear residual 1.184e-03
gmres iter 120 linear residual 1.069e-03
gmres iter 130 linear residual 8.917e-04
gmres iter 140 linear residual 6.859e-04
res 2.704e-04 (F-block 2.911e-04 p-block 1.928e-04) alpha 1 eta 1.00e-02 iter times 143
gmres iter 10 linear residual 3.579e-02
gmres iter 20 linear residual 1.907e-02
gmres iter 30 linear residual 1.329e-02
gmres iter 40 linear residual 1.154e-02
gmres iter 50 linear residual 1.069e-02
gmres iter 60 linear residual 1.042e-02
gmres iter 70 linear residual 1.006e-02
gmres iter 80 linear residual 9.224e-03
gmres iter 90 linear residual 7.927e-03
gmres iter 100 linear residual 6.296e-03
gmres iter 110 linear residual 5.736e-03
gmres iter 120 linear residual 5.444e-03
gmres iter 130 linear residual 5.229e-03
gmres iter 140 linear residual 4.899e-03
gmres iter 150 linear residual 4.353e-03
gmres iter 160 linear residual 3.568e-03
gmres iter 170 linear residual 2.739e-03
gmres iter 180 linear residual 2.067e-03
gmres iter 190 linear residual 1.529e-03
gmres iter 200 linear residual 1.119e-03
gmres iter 210 linear residual 9.045e-04
gmres iter 220 linear residual 7.915e-04
gmres iter 230 linear residual 7.409e-04
gmres iter 240 linear residual 7.179e-04
gmres iter 250 linear residual 7.013e-04
gmres iter 260 linear residual 6.781e-04
gmres iter 270 linear residual 6.330e-04
gmres iter 280 linear residual 5.678e-04
gmres iter 290 linear residual 4.627e-04
gmres iter 300 linear residual 3.376e-04
gmres iter 310 linear residual 2.716e-04
gmres iter 320 linear residual 2.208e-04
gmres iter 330 linear residual 2.003e-04
gmres iter 340 linear residual 1.884e-04
gmres iter 350 linear residual 1.776e-04
gmres iter 360 linear residual 1.630e-04
gmres iter 370 linear residual 1.384e-04
gmres iter 380 linear residual 1.132e-04
gmres iter 390 linear residual 9.002e-05
gmres iter 400 linear residual 6.924e-05
res 1.986e-04 (F-block 1.439e-04 p-block 9.951e-05) alpha 1 eta 2.82e-03 iter times 401
gmres iter 10 linear residual 3.277e-02
gmres iter 20 linear residual 1.320e-02
gmres iter 30 linear residual 7.121e-03
gmres iter 40 linear residual 4.169e-03
gmres iter 50 linear residual 2.614e-03
gmres iter 60 linear residual 2.406e-03
gmres iter 70 linear residual 2.271e-03
gmres iter 80 linear residual 2.035e-03
gmres iter 90 linear residual 1.652e-03
gmres iter 100 linear residual 1.319e-03
gmres iter 110 linear residual 1.162e-03
gmres iter 120 linear residual 1.082e-03
gmres iter 130 linear residual 9.397e-04
gmres iter 140 linear residual 7.686e-04
res 8.560e-06 (F-block 1.439e-06 p-block 6.522e-07) alpha 1 eta 1.00e-02 iter times 147
time this step...120.96760535240173
this increment is 0.00625 (target 0.2) ------------------------
gmres iter 10 linear residual 7.958e-03
gmres iter 20 linear residual 2.487e-03
gmres iter 30 linear residual 1.852e-03
gmres iter 40 linear residual 9.278e-04
res 3.836e-03 (F-block 6.749e-03 p-block 2.006e-02) alpha 1 eta 1.00e-02 iter times 43
gmres iter 10 linear residual 1.027e-01
gmres iter 20 linear residual 7.879e-02
gmres iter 30 linear residual 4.487e-02
gmres iter 40 linear residual 2.381e-02
gmres iter 50 linear residual 1.443e-02
gmres iter 60 linear residual 9.720e-03
gmres iter 70 linear residual 6.560e-03
gmres iter 80 linear residual 4.539e-03
gmres iter 90 linear residual 3.379e-03
gmres iter 100 linear residual 2.741e-03
gmres iter 110 linear residual 2.546e-03
gmres iter 120 linear residual 2.380e-03
gmres iter 130 linear residual 2.267e-03
gmres iter 140 linear residual 2.171e-03
gmres iter 150 linear residual 2.065e-03
gmres iter 160 linear residual 1.930e-03
gmres iter 170 linear residual 1.799e-03
gmres iter 180 linear residual 1.631e-03
gmres iter 190 linear residual 1.428e-03
gmres iter 200 linear residual 1.195e-03
gmres iter 210 linear residual 1.046e-03
gmres iter 220 linear residual 9.630e-04
gmres iter 230 linear residual 9.128e-04
gmres iter 240 linear residual 8.785e-04
gmres iter 250 linear residual 8.409e-04
gmres iter 260 linear residual 8.081e-04
gmres iter 270 linear residual 7.773e-04
gmres iter 280 linear residual 7.413e-04
gmres iter 290 linear residual 6.927e-04
gmres iter 300 linear residual 6.187e-04
gmres iter 310 linear residual 5.802e-04
gmres iter 320 linear residual 5.568e-04
gmres iter 330 linear residual 5.422e-04
gmres iter 340 linear residual 5.238e-04
gmres iter 350 linear residual 4.930e-04
gmres iter 360 linear residual 4.567e-04
gmres iter 370 linear residual 4.113e-04
gmres iter 380 linear residual 3.755e-04
gmres iter 390 linear residual 3.451e-04
gmres iter 400 linear residual 3.130e-04
gmres iter 410 linear residual 2.939e-04
gmres iter 420 linear residual 2.759e-04
gmres iter 430 linear residual 2.615e-04
gmres iter 440 linear residual 2.449e-04
gmres iter 450 linear residual 2.275e-04
gmres iter 460 linear residual 2.159e-04
gmres iter 470 linear residual 2.090e-04
gmres iter 480 linear residual 2.016e-04
gmres iter 490 linear residual 1.908e-04
gmres iter 500 linear residual 1.765e-04
gmres iter 510 linear residual 1.673e-04
gmres iter 520 linear residual 1.602e-04
gmres iter 530 linear residual 1.553e-04
gmres iter 540 linear residual 1.499e-04
gmres iter 550 linear residual 1.426e-04
gmres iter 560 linear residual 1.312e-04
gmres iter 570 linear residual 1.135e-04
gmres iter 580 linear residual 1.002e-04
gmres iter 590 linear residual 9.118e-05
gmres iter 600 linear residual 8.476e-05
gmres iter 610 linear residual 7.939e-05
gmres iter 620 linear residual 7.416e-05
gmres iter 630 linear residual 6.801e-05
gmres iter 640 linear residual 6.153e-05
gmres iter 650 linear residual 5.721e-05
gmres iter 660 linear residual 5.462e-05
gmres iter 670 linear residual 5.292e-05
res 1.914e-03 (F-block 1.212e-02 p-block 8.496e-03) alpha 1 eta 1.00e-03 iter times 675
gmres iter 10 linear residual 3.208e-02
gmres iter 20 linear residual 1.255e-02
gmres iter 30 linear residual 6.752e-03
gmres iter 40 linear residual 4.121e-03
gmres iter 50 linear residual 2.835e-03
gmres iter 60 linear residual 2.480e-03
gmres iter 70 linear residual 2.457e-03
gmres iter 80 linear residual 2.342e-03
gmres iter 90 linear residual 2.083e-03
gmres iter 100 linear residual 1.730e-03
gmres iter 110 linear residual 1.243e-03
gmres iter 120 linear residual 9.921e-04
gmres iter 130 linear residual 7.700e-04
res 4.992e-04 (F-block 9.822e-04 p-block 6.642e-04) alpha 1 eta 1.00e-02 iter times 137
gmres iter 10 linear residual 3.331e-02
gmres iter 20 linear residual 1.662e-02
gmres iter 30 linear residual 1.197e-02
gmres iter 40 linear residual 1.052e-02
gmres iter 50 linear residual 9.745e-03
gmres iter 60 linear residual 9.350e-03
gmres iter 70 linear residual 8.578e-03
gmres iter 80 linear residual 7.257e-03
gmres iter 90 linear residual 5.627e-03
gmres iter 100 linear residual 4.017e-03
gmres iter 110 linear residual 3.288e-03
gmres iter 120 linear residual 3.057e-03
gmres iter 130 linear residual 2.972e-03
gmres iter 140 linear residual 2.899e-03
gmres iter 150 linear residual 2.773e-03
gmres iter 160 linear residual 2.454e-03
gmres iter 170 linear residual 1.869e-03
gmres iter 180 linear residual 1.173e-03
gmres iter 190 linear residual 6.663e-04
res 3.851e-04 (F-block 5.163e-04 p-block 3.635e-04) alpha 1 eta 5.78e-03 iter times 196
gmres iter 10 linear residual 3.248e-02
gmres iter 20 linear residual 1.293e-02
gmres iter 30 linear residual 7.058e-03
gmres iter 40 linear residual 4.416e-03
gmres iter 50 linear residual 3.144e-03
gmres iter 60 linear residual 2.623e-03
gmres iter 70 linear residual 2.523e-03
gmres iter 80 linear residual 2.493e-03
gmres iter 90 linear residual 2.393e-03
gmres iter 100 linear residual 2.200e-03
gmres iter 110 linear residual 1.853e-03
gmres iter 120 linear residual 1.483e-03
gmres iter 130 linear residual 1.161e-03
gmres iter 140 linear residual 9.343e-04
gmres iter 150 linear residual 6.874e-04
gmres iter 160 linear residual 5.676e-04
gmres iter 170 linear residual 5.044e-04
gmres iter 180 linear residual 4.441e-04
gmres iter 190 linear residual 4.249e-04
gmres iter 200 linear residual 4.198e-04
gmres iter 210 linear residual 4.178e-04
gmres iter 220 linear residual 4.136e-04
gmres iter 230 linear residual 3.918e-04
gmres iter 240 linear residual 3.358e-04
gmres iter 250 linear residual 2.572e-04
res 4.585e-05 (F-block 8.275e-06 p-block 5.649e-06) alpha 1 eta 1.00e-02 iter times 254
time this step...103.54086470603943
this increment is 0.00625 (target 0.2) ------------------------
gmres iter 10 linear residual 7.971e-03
gmres iter 20 linear residual 2.483e-03
gmres iter 30 linear residual 1.847e-03
gmres iter 40 linear residual 9.243e-04
res 3.816e-03 (F-block 6.737e-03 p-block 2.009e-02) alpha 1 eta 1.00e-02 iter times 43
gmres iter 10 linear residual 1.033e-01
gmres iter 20 linear residual 7.926e-02
gmres iter 30 linear residual 4.540e-02
gmres iter 40 linear residual 2.439e-02
gmres iter 50 linear residual 1.513e-02
gmres iter 60 linear residual 1.041e-02
gmres iter 70 linear residual 7.328e-03
gmres iter 80 linear residual 5.343e-03
gmres iter 90 linear residual 4.193e-03
gmres iter 100 linear residual 3.532e-03
gmres iter 110 linear residual 3.270e-03
gmres iter 120 linear residual 3.107e-03
gmres iter 130 linear residual 2.990e-03
gmres iter 140 linear residual 2.844e-03
gmres iter 150 linear residual 2.593e-03
gmres iter 160 linear residual 2.168e-03
gmres iter 170 linear residual 1.730e-03
gmres iter 180 linear residual 1.279e-03
gmres iter 190 linear residual 9.662e-04
gmres iter 200 linear residual 7.439e-04
gmres iter 210 linear residual 6.183e-04
gmres iter 220 linear residual 5.204e-04
gmres iter 230 linear residual 4.529e-04
gmres iter 240 linear residual 4.025e-04
gmres iter 250 linear residual 3.617e-04
gmres iter 260 linear residual 3.313e-04
gmres iter 270 linear residual 3.061e-04
gmres iter 280 linear residual 2.821e-04
gmres iter 290 linear residual 2.540e-04
gmres iter 300 linear residual 2.189e-04
gmres iter 310 linear residual 2.014e-04
gmres iter 320 linear residual 1.895e-04
gmres iter 330 linear residual 1.825e-04
gmres iter 340 linear residual 1.716e-04
gmres iter 350 linear residual 1.563e-04
gmres iter 360 linear residual 1.351e-04
gmres iter 370 linear residual 1.108e-04
gmres iter 380 linear residual 9.127e-05
gmres iter 390 linear residual 7.759e-05
gmres iter 400 linear residual 6.938e-05
gmres iter 410 linear residual 5.996e-05
gmres iter 420 linear residual 5.312e-05
gmres iter 430 linear residual 4.694e-05
gmres iter 440 linear residual 4.287e-05
gmres iter 450 linear residual 3.995e-05
gmres iter 460 linear residual 3.757e-05
gmres iter 470 linear residual 3.591e-05
gmres iter 480 linear residual 3.338e-05
res 1.483e-03 (F-block 6.302e-03 p-block 4.486e-03) alpha 1 eta 1.00e-03 iter times 489
gmres iter 10 linear residual 3.169e-02
gmres iter 20 linear residual 1.239e-02
gmres iter 30 linear residual 6.884e-03
gmres iter 40 linear residual 4.551e-03
gmres iter 50 linear residual 3.477e-03
gmres iter 60 linear residual 3.003e-03
gmres iter 70 linear residual 2.634e-03
gmres iter 80 linear residual 2.477e-03
gmres iter 90 linear residual 2.450e-03
gmres iter 100 linear residual 2.387e-03
gmres iter 110 linear residual 2.216e-03
gmres iter 120 linear residual 1.829e-03
gmres iter 130 linear residual 1.216e-03
gmres iter 140 linear residual 7.982e-04
res 3.515e-04 (F-block 4.774e-04 p-block 3.275e-04) alpha 1 eta 1.00e-02 iter times 148
gmres iter 10 linear residual 3.427e-02
gmres iter 20 linear residual 1.632e-02
gmres iter 30 linear residual 1.154e-02
gmres iter 40 linear residual 1.003e-02
gmres iter 50 linear residual 9.351e-03
gmres iter 60 linear residual 9.016e-03
gmres iter 70 linear residual 8.388e-03
gmres iter 80 linear residual 7.220e-03
gmres iter 90 linear residual 5.485e-03
gmres iter 100 linear residual 3.794e-03
gmres iter 110 linear residual 3.039e-03
gmres iter 120 linear residual 2.768e-03
gmres iter 130 linear residual 2.648e-03
gmres iter 140 linear residual 2.507e-03
gmres iter 150 linear residual 2.305e-03
gmres iter 160 linear residual 1.894e-03
gmres iter 170 linear residual 1.385e-03
gmres iter 180 linear residual 8.544e-04
gmres iter 190 linear residual 5.144e-04
res 1.622e-04 (F-block 8.666e-05 p-block 6.154e-05) alpha 1 eta 5.04e-03 iter times 191
gmres iter 10 linear residual 3.206e-02
gmres iter 20 linear residual 1.283e-02
gmres iter 30 linear residual 7.322e-03
gmres iter 40 linear residual 5.051e-03
gmres iter 50 linear residual 3.971e-03
gmres iter 60 linear residual 3.506e-03
gmres iter 70 linear residual 3.113e-03
gmres iter 80 linear residual 2.670e-03
gmres iter 90 linear residual 2.465e-03
gmres iter 100 linear residual 2.429e-03
gmres iter 110 linear residual 2.377e-03
gmres iter 120 linear residual 2.257e-03
gmres iter 130 linear residual 1.943e-03
gmres iter 140 linear residual 1.368e-03
gmres iter 150 linear residual 6.874e-04
res 8.166e-06 (F-block 5.598e-07 p-block 3.658e-07) alpha 1 eta 1.00e-02 iter times 152
time this step...79.63532948493958
this increment is 0.00625 (target 0.2) ------------------------
gmres iter 10 linear residual 7.985e-03
gmres iter 20 linear residual 2.479e-03
gmres iter 30 linear residual 1.844e-03
gmres iter 40 linear residual 9.227e-04
res 3.796e-03 (F-block 6.757e-03 p-block 2.014e-02) alpha 1 eta 1.00e-02 iter times 43
gmres iter 10 linear residual 1.037e-01
gmres iter 20 linear residual 7.976e-02
gmres iter 30 linear residual 4.590e-02
gmres iter 40 linear residual 2.492e-02
gmres iter 50 linear residual 1.571e-02
gmres iter 60 linear residual 1.092e-02
gmres iter 70 linear residual 7.774e-03
gmres iter 80 linear residual 5.696e-03
gmres iter 90 linear residual 4.479e-03
gmres iter 100 linear residual 3.724e-03
gmres iter 110 linear residual 3.368e-03
gmres iter 120 linear residual 3.156e-03
gmres iter 130 linear residual 2.997e-03
gmres iter 140 linear residual 2.775e-03
gmres iter 150 linear residual 2.390e-03
gmres iter 160 linear residual 1.781e-03
gmres iter 170 linear residual 1.217e-03
gmres iter 180 linear residual 7.799e-04
gmres iter 190 linear residual 5.310e-04
gmres iter 200 linear residual 3.814e-04
gmres iter 210 linear residual 3.044e-04
gmres iter 220 linear residual 2.434e-04
gmres iter 230 linear residual 1.979e-04
gmres iter 240 linear residual 1.630e-04
gmres iter 250 linear residual 1.377e-04
gmres iter 260 linear residual 1.194e-04
gmres iter 270 linear residual 1.053e-04
gmres iter 280 linear residual 9.380e-05
gmres iter 290 linear residual 8.140e-05
gmres iter 300 linear residual 6.900e-05
res 1.150e-03 (F-block 2.868e-03 p-block 2.087e-03) alpha 1 eta 1.00e-03 iter times 300
gmres iter 10 linear residual 3.129e-02
gmres iter 20 linear residual 1.235e-02
gmres iter 30 linear residual 7.208e-03
gmres iter 40 linear residual 5.173e-03
gmres iter 50 linear residual 4.235e-03
gmres iter 60 linear residual 3.741e-03
gmres iter 70 linear residual 3.213e-03
gmres iter 80 linear residual 2.572e-03
gmres iter 90 linear residual 2.356e-03
gmres iter 100 linear residual 2.304e-03
gmres iter 110 linear residual 2.214e-03
gmres iter 120 linear residual 2.030e-03
gmres iter 130 linear residual 1.596e-03
gmres iter 140 linear residual 9.827e-04
res 2.063e-04 (F-block 1.571e-04 p-block 1.084e-04) alpha 1 eta 1.00e-02 iter times 147
gmres iter 10 linear residual 3.353e-02
gmres iter 20 linear residual 1.494e-02
gmres iter 30 linear residual 9.541e-03
gmres iter 40 linear residual 7.687e-03
gmres iter 50 linear residual 6.923e-03
gmres iter 60 linear residual 6.618e-03
gmres iter 70 linear residual 6.245e-03
gmres iter 80 linear residual 5.370e-03
gmres iter 90 linear residual 4.095e-03
gmres iter 100 linear residual 2.908e-03
gmres iter 110 linear residual 2.594e-03
gmres iter 120 linear residual 2.470e-03
gmres iter 130 linear residual 2.370e-03
gmres iter 140 linear residual 2.181e-03
gmres iter 150 linear residual 1.851e-03
gmres iter 160 linear residual 1.356e-03
gmres iter 170 linear residual 8.637e-04
gmres iter 180 linear residual 5.336e-04
gmres iter 190 linear residual 3.228e-04
res 3.411e-05 (F-block 3.571e-06 p-block 2.547e-06) alpha 1 eta 2.61e-03 iter times 197
time this step...53.916019439697266
this increment is 0.00625 (target 0.2) ------------------------
gmres iter 10 linear residual 8.001e-03
gmres iter 20 linear residual 2.476e-03
gmres iter 30 linear residual 1.842e-03
gmres iter 40 linear residual 9.258e-04
res 3.775e-03 (F-block 6.835e-03 p-block 2.037e-02) alpha 1 eta 1.00e-02 iter times 43
gmres iter 10 linear residual 1.035e-01
gmres iter 20 linear residual 7.981e-02
gmres iter 30 linear residual 4.617e-02
gmres iter 40 linear residual 2.508e-02
gmres iter 50 linear residual 1.584e-02
gmres iter 60 linear residual 1.089e-02
gmres iter 70 linear residual 7.690e-03
gmres iter 80 linear residual 5.542e-03
gmres iter 90 linear residual 4.276e-03
gmres iter 100 linear residual 3.429e-03
gmres iter 110 linear residual 3.041e-03
gmres iter 120 linear residual 2.778e-03
gmres iter 130 linear residual 2.582e-03
gmres iter 140 linear residual 2.341e-03
gmres iter 150 linear residual 1.946e-03
gmres iter 160 linear residual 1.400e-03
gmres iter 170 linear residual 9.121e-04
gmres iter 180 linear residual 5.573e-04
gmres iter 190 linear residual 3.645e-04
gmres iter 200 linear residual 2.450e-04
gmres iter 210 linear residual 1.874e-04
gmres iter 220 linear residual 1.441e-04
gmres iter 230 linear residual 1.159e-04
gmres iter 240 linear residual 9.309e-05
gmres iter 250 linear residual 7.739e-05
gmres iter 260 linear residual 6.591e-05
gmres iter 270 linear residual 5.694e-05
res 1.001e-03 (F-block 1.569e-03 p-block 1.175e-03) alpha 1 eta 1.00e-03 iter times 277
gmres iter 10 linear residual 3.083e-02
gmres iter 20 linear residual 1.235e-02
gmres iter 30 linear residual 7.631e-03
gmres iter 40 linear residual 5.862e-03
gmres iter 50 linear residual 4.979e-03
gmres iter 60 linear residual 4.377e-03
gmres iter 70 linear residual 3.603e-03
gmres iter 80 linear residual 2.749e-03
gmres iter 90 linear residual 1.971e-03
gmres iter 100 linear residual 1.674e-03
gmres iter 110 linear residual 1.609e-03
gmres iter 120 linear residual 1.555e-03
gmres iter 130 linear residual 1.448e-03
gmres iter 140 linear residual 1.232e-03
gmres iter 150 linear residual 9.102e-04
gmres iter 160 linear residual 5.634e-04
res 1.218e-04 (F-block 5.180e-05 p-block 3.670e-05) alpha 1 eta 7.49e-03 iter times 164
gmres iter 10 linear residual 3.000e-02
gmres iter 20 linear residual 1.412e-02
gmres iter 30 linear residual 1.005e-02
gmres iter 40 linear residual 8.614e-03
gmres iter 50 linear residual 7.558e-03
gmres iter 60 linear residual 6.599e-03
gmres iter 70 linear residual 5.152e-03
gmres iter 80 linear residual 3.652e-03
gmres iter 90 linear residual 2.540e-03
gmres iter 100 linear residual 1.812e-03
gmres iter 110 linear residual 1.513e-03
gmres iter 120 linear residual 1.425e-03
gmres iter 130 linear residual 1.411e-03
gmres iter 140 linear residual 1.391e-03
gmres iter 150 linear residual 1.345e-03
gmres iter 160 linear residual 1.187e-03
gmres iter 170 linear residual 8.916e-04
gmres iter 180 linear residual 5.696e-04
gmres iter 190 linear residual 3.404e-04
gmres iter 200 linear residual 1.950e-04
gmres iter 210 linear residual 1.528e-04
gmres iter 220 linear residual 1.152e-04
gmres iter 230 linear residual 9.067e-05
gmres iter 240 linear residual 7.512e-05
gmres iter 250 linear residual 6.683e-05
gmres iter 260 linear residual 6.326e-05
gmres iter 270 linear residual 5.898e-05
gmres iter 280 linear residual 5.259e-05
gmres iter 290 linear residual 4.400e-05
gmres iter 300 linear residual 3.392e-05
res 6.729e-06 (F-block 1.421e-07 p-block 1.047e-07) alpha 1 eta 1.00e-03 iter times 306
time this step...61.00140309333801
this increment is 0.009375000000000001 (target 0.2) ------------------------
gmres iter 10 linear residual 8.073e-03
gmres iter 20 linear residual 2.477e-03
gmres iter 30 linear residual 1.846e-03
gmres iter 40 linear residual 9.285e-04
res 5.625e-03 (F-block 8.382e-03 p-block 2.169e-02) alpha 1 eta 1.00e-02 iter times 43
gmres iter 10 linear residual 8.720e-02
gmres iter 20 linear residual 6.741e-02
gmres iter 30 linear residual 4.067e-02
gmres iter 40 linear residual 2.339e-02
gmres iter 50 linear residual 1.385e-02
gmres iter 60 linear residual 9.250e-03
gmres iter 70 linear residual 6.379e-03
gmres iter 80 linear residual 4.425e-03
gmres iter 90 linear residual 3.332e-03
gmres iter 100 linear residual 2.610e-03
gmres iter 110 linear residual 2.271e-03
gmres iter 120 linear residual 2.025e-03
gmres iter 130 linear residual 1.849e-03
gmres iter 140 linear residual 1.646e-03
gmres iter 150 linear residual 1.339e-03
gmres iter 160 linear residual 9.563e-04
gmres iter 170 linear residual 6.279e-04
gmres iter 180 linear residual 4.075e-04
gmres iter 190 linear residual 2.836e-04
gmres iter 200 linear residual 2.122e-04
gmres iter 210 linear residual 1.798e-04
gmres iter 220 linear residual 1.560e-04
gmres iter 230 linear residual 1.407e-04
gmres iter 240 linear residual 1.267e-04
gmres iter 250 linear residual 1.152e-04
gmres iter 260 linear residual 1.049e-04
gmres iter 270 linear residual 9.339e-05
gmres iter 280 linear residual 8.161e-05
gmres iter 290 linear residual 6.778e-05
gmres iter 300 linear residual 5.623e-05
gmres iter 310 linear residual 4.927e-05
gmres iter 320 linear residual 4.380e-05
gmres iter 330 linear residual 4.031e-05
gmres iter 340 linear residual 3.623e-05
gmres iter 350 linear residual 3.280e-05
gmres iter 360 linear residual 2.849e-05
gmres iter 370 linear residual 2.537e-05
gmres iter 380 linear residual 2.251e-05
gmres iter 390 linear residual 1.991e-05
gmres iter 400 linear residual 1.761e-05
res 1.431e-03 (F-block 1.529e-03 p-block 1.188e-03) alpha 1 eta 1.00e-03 iter times 405
gmres iter 10 linear residual 3.041e-02
gmres iter 20 linear residual 1.254e-02
gmres iter 30 linear residual 8.341e-03
gmres iter 40 linear residual 6.757e-03
gmres iter 50 linear residual 5.755e-03
gmres iter 60 linear residual 4.838e-03
gmres iter 70 linear residual 3.688e-03
gmres iter 80 linear residual 2.659e-03
gmres iter 90 linear residual 1.820e-03
gmres iter 100 linear residual 1.386e-03
gmres iter 110 linear residual 1.247e-03
gmres iter 120 linear residual 1.203e-03
gmres iter 130 linear residual 1.157e-03
gmres iter 140 linear residual 1.042e-03
gmres iter 150 linear residual 8.308e-04
gmres iter 160 linear residual 5.856e-04
gmres iter 170 linear residual 3.711e-04
res 1.667e-04 (F-block 5.495e-05 p-block 4.039e-05) alpha 1 eta 6.24e-03 iter times 170
gmres iter 10 linear residual 2.990e-02
gmres iter 20 linear residual 1.387e-02
gmres iter 30 linear residual 1.037e-02
gmres iter 40 linear residual 9.043e-03
gmres iter 50 linear residual 8.124e-03
gmres iter 60 linear residual 7.185e-03
gmres iter 70 linear residual 5.684e-03
gmres iter 80 linear residual 4.508e-03
gmres iter 90 linear residual 3.688e-03
gmres iter 100 linear residual 3.170e-03
gmres iter 110 linear residual 2.977e-03
gmres iter 120 linear residual 2.761e-03
gmres iter 130 linear residual 2.610e-03
gmres iter 140 linear residual 2.541e-03
gmres iter 150 linear residual 2.395e-03
gmres iter 160 linear residual 2.117e-03
gmres iter 170 linear residual 1.602e-03
gmres iter 180 linear residual 1.087e-03
gmres iter 190 linear residual 7.463e-04
gmres iter 200 linear residual 5.263e-04
gmres iter 210 linear residual 4.502e-04
gmres iter 220 linear residual 4.195e-04
gmres iter 230 linear residual 4.145e-04
gmres iter 240 linear residual 4.110e-04
gmres iter 250 linear residual 3.943e-04
gmres iter 260 linear residual 3.521e-04
gmres iter 270 linear residual 2.817e-04
gmres iter 280 linear residual 2.057e-04
gmres iter 290 linear residual 1.473e-04
gmres iter 300 linear residual 1.172e-04
gmres iter 310 linear residual 1.045e-04
gmres iter 320 linear residual 9.529e-05
gmres iter 330 linear residual 8.887e-05
gmres iter 340 linear residual 8.317e-05
gmres iter 350 linear residual 7.702e-05
gmres iter 360 linear residual 7.187e-05
gmres iter 370 linear residual 6.542e-05
gmres iter 380 linear residual 5.487e-05
gmres iter 390 linear residual 4.308e-05
gmres iter 400 linear residual 3.371e-05
gmres iter 410 linear residual 2.791e-05
gmres iter 420 linear residual 2.305e-05
res 1.890e-05 (F-block 7.197e-07 p-block 4.778e-07) alpha 1 eta 1.12e-03 iter times 428
time this step...77.24473762512207
this increment is 0.014062500000000002 (target 0.2) ------------------------
gmres iter 10 linear residual 8.190e-03
gmres iter 20 linear residual 2.482e-03
gmres iter 30 linear residual 1.855e-03
gmres iter 40 linear residual 9.406e-04
res 8.357e-03 (F-block 1.146e-02 p-block 2.384e-02) alpha 1 eta 1.00e-02 iter times 43
gmres iter 10 linear residual 6.914e-02
gmres iter 20 linear residual 5.080e-02
gmres iter 30 linear residual 3.204e-02
gmres iter 40 linear residual 1.921e-02
gmres iter 50 linear residual 1.088e-02
gmres iter 60 linear residual 6.942e-03
gmres iter 70 linear residual 4.601e-03
gmres iter 80 linear residual 3.077e-03
gmres iter 90 linear residual 2.232e-03
gmres iter 100 linear residual 1.685e-03
gmres iter 110 linear residual 1.419e-03
gmres iter 120 linear residual 1.237e-03
gmres iter 130 linear residual 1.099e-03
gmres iter 140 linear residual 9.600e-04
gmres iter 150 linear residual 7.805e-04
gmres iter 160 linear residual 5.980e-04
gmres iter 170 linear residual 4.611e-04
gmres iter 180 linear residual 3.738e-04
gmres iter 190 linear residual 3.220e-04
gmres iter 200 linear residual 2.913e-04
gmres iter 210 linear residual 2.764e-04
gmres iter 220 linear residual 2.631e-04
gmres iter 230 linear residual 2.500e-04
gmres iter 240 linear residual 2.325e-04
gmres iter 250 linear residual 2.161e-04
gmres iter 260 linear residual 1.961e-04
gmres iter 270 linear residual 1.719e-04
gmres iter 280 linear residual 1.480e-04
gmres iter 290 linear residual 1.236e-04
gmres iter 300 linear residual 1.083e-04
gmres iter 310 linear residual 1.005e-04
gmres iter 320 linear residual 9.492e-05
gmres iter 330 linear residual 9.137e-05
gmres iter 340 linear residual 8.619e-05
gmres iter 350 linear residual 8.127e-05
gmres iter 360 linear residual 7.451e-05
gmres iter 370 linear residual 6.966e-05
gmres iter 380 linear residual 6.536e-05
gmres iter 390 linear residual 6.234e-05
gmres iter 400 linear residual 5.937e-05
gmres iter 410 linear residual 5.643e-05
gmres iter 420 linear residual 5.309e-05
gmres iter 430 linear residual 4.983e-05
gmres iter 440 linear residual 4.639e-05
gmres iter 450 linear residual 4.381e-05
gmres iter 460 linear residual 4.086e-05
gmres iter 470 linear residual 3.860e-05
gmres iter 480 linear residual 3.539e-05
res 2.221e-03 (F-block 2.003e-03 p-block 1.502e-03) alpha 1 eta 1.00e-03 iter times 486
gmres iter 10 linear residual 3.071e-02
gmres iter 20 linear residual 1.383e-02
gmres iter 30 linear residual 9.187e-03
gmres iter 40 linear residual 7.019e-03
gmres iter 50 linear residual 5.263e-03
gmres iter 60 linear residual 3.989e-03
gmres iter 70 linear residual 2.996e-03
gmres iter 80 linear residual 2.349e-03
gmres iter 90 linear residual 1.931e-03
gmres iter 100 linear residual 1.768e-03
gmres iter 110 linear residual 1.711e-03
gmres iter 120 linear residual 1.622e-03
gmres iter 130 linear residual 1.387e-03
gmres iter 140 linear residual 1.094e-03
gmres iter 150 linear residual 8.424e-04
gmres iter 160 linear residual 6.663e-04
gmres iter 170 linear residual 5.894e-04
gmres iter 180 linear residual 5.306e-04
res 3.690e-04 (F-block 1.632e-04 p-block 1.084e-04) alpha 1 eta 8.07e-03 iter times 184
gmres iter 10 linear residual 3.054e-02
gmres iter 20 linear residual 1.362e-02
gmres iter 30 linear residual 8.624e-03
gmres iter 40 linear residual 7.522e-03
gmres iter 50 linear residual 6.737e-03
gmres iter 60 linear residual 6.172e-03
gmres iter 70 linear residual 5.605e-03
gmres iter 80 linear residual 5.069e-03
gmres iter 90 linear residual 4.253e-03
gmres iter 100 linear residual 3.311e-03
gmres iter 110 linear residual 3.013e-03
gmres iter 120 linear residual 2.639e-03
gmres iter 130 linear residual 2.371e-03
gmres iter 140 linear residual 2.310e-03
gmres iter 150 linear residual 2.292e-03
gmres iter 160 linear residual 2.250e-03
gmres iter 170 linear residual 2.125e-03
gmres iter 180 linear residual 1.800e-03
gmres iter 190 linear residual 1.322e-03
gmres iter 200 linear residual 7.574e-04
gmres iter 210 linear residual 6.398e-04
gmres iter 220 linear residual 5.869e-04
gmres iter 230 linear residual 5.000e-04
gmres iter 240 linear residual 4.381e-04
gmres iter 250 linear residual 3.937e-04
gmres iter 260 linear residual 3.084e-04
gmres iter 270 linear residual 2.769e-04
gmres iter 280 linear residual 2.547e-04
gmres iter 290 linear residual 2.079e-04
gmres iter 300 linear residual 1.668e-04
gmres iter 310 linear residual 1.470e-04
gmres iter 320 linear residual 1.318e-04
res 1.246e-04 (F-block 2.518e-05 p-block 1.680e-05) alpha 1 eta 5.51e-03 iter times 328
gmres iter 10 linear residual 2.921e-02
gmres iter 20 linear residual 1.201e-02
gmres iter 30 linear residual 5.908e-03
gmres iter 40 linear residual 3.515e-03
gmres iter 50 linear residual 2.567e-03
gmres iter 60 linear residual 2.443e-03
gmres iter 70 linear residual 2.129e-03
gmres iter 80 linear residual 1.690e-03
gmres iter 90 linear residual 1.224e-03
gmres iter 100 linear residual 1.059e-03
gmres iter 110 linear residual 9.804e-04
gmres iter 120 linear residual 8.695e-04
gmres iter 130 linear residual 7.242e-04
gmres iter 140 linear residual 6.492e-04
gmres iter 150 linear residual 6.344e-04
gmres iter 160 linear residual 5.912e-04
gmres iter 170 linear residual 5.156e-04
gmres iter 180 linear residual 4.907e-04
gmres iter 190 linear residual 4.800e-04
gmres iter 200 linear residual 4.661e-04
gmres iter 210 linear residual 4.444e-04
gmres iter 220 linear residual 4.108e-04
gmres iter 230 linear residual 3.490e-04
res 3.573e-06 (F-block 7.761e-08 p-block 5.470e-08) alpha 1 eta 1.00e-02 iter times 236
time this step...94.55332827568054
this increment is 0.014062500000000002 (target 0.2) ------------------------
gmres iter 10 linear residual 8.253e-03
gmres iter 20 linear residual 2.491e-03
gmres iter 30 linear residual 1.861e-03
gmres iter 40 linear residual 9.465e-04
res 8.283e-03 (F-block 1.127e-02 p-block 2.264e-02) alpha 1 eta 1.00e-02 iter times 44
gmres iter 10 linear residual 7.021e-02
gmres iter 20 linear residual 5.053e-02
gmres iter 30 linear residual 3.190e-02
gmres iter 40 linear residual 1.934e-02
gmres iter 50 linear residual 1.071e-02
gmres iter 60 linear residual 6.734e-03
gmres iter 70 linear residual 4.401e-03
gmres iter 80 linear residual 2.907e-03
gmres iter 90 linear residual 2.084e-03
gmres iter 100 linear residual 1.565e-03
gmres iter 110 linear residual 1.323e-03
gmres iter 120 linear residual 1.155e-03
gmres iter 130 linear residual 1.018e-03
gmres iter 140 linear residual 8.908e-04
gmres iter 150 linear residual 7.601e-04
gmres iter 160 linear residual 6.520e-04
gmres iter 170 linear residual 5.745e-04
gmres iter 180 linear residual 5.145e-04
gmres iter 190 linear residual 4.668e-04
gmres iter 200 linear residual 4.298e-04
gmres iter 210 linear residual 4.086e-04
gmres iter 220 linear residual 3.904e-04
gmres iter 230 linear residual 3.731e-04
gmres iter 240 linear residual 3.506e-04
gmres iter 250 linear residual 3.306e-04
gmres iter 260 linear residual 3.083e-04
gmres iter 270 linear residual 2.837e-04
gmres iter 280 linear residual 2.593e-04
gmres iter 290 linear residual 2.321e-04
gmres iter 300 linear residual 2.116e-04
gmres iter 310 linear residual 2.007e-04
gmres iter 320 linear residual 1.934e-04
gmres iter 330 linear residual 1.885e-04
gmres iter 340 linear residual 1.823e-04
gmres iter 350 linear residual 1.760e-04
gmres iter 360 linear residual 1.685e-04
gmres iter 370 linear residual 1.627e-04
gmres iter 380 linear residual 1.565e-04
gmres iter 390 linear residual 1.499e-04
gmres iter 400 linear residual 1.420e-04
gmres iter 410 linear residual 1.371e-04
gmres iter 420 linear residual 1.332e-04
gmres iter 430 linear residual 1.300e-04
gmres iter 440 linear residual 1.264e-04
gmres iter 450 linear residual 1.213e-04
gmres iter 460 linear residual 1.174e-04
gmres iter 470 linear residual 1.142e-04
gmres iter 480 linear residual 1.119e-04
gmres iter 490 linear residual 1.087e-04
gmres iter 500 linear residual 1.036e-04
gmres iter 510 linear residual 1.004e-04
gmres iter 520 linear residual 9.693e-05
gmres iter 530 linear residual 9.442e-05
gmres iter 540 linear residual 9.214e-05
gmres iter 550 linear residual 8.938e-05
gmres iter 560 linear residual 8.537e-05
gmres iter 570 linear residual 8.175e-05
gmres iter 580 linear residual 7.932e-05
gmres iter 590 linear residual 7.694e-05
gmres iter 600 linear residual 7.476e-05
gmres iter 610 linear residual 7.258e-05
gmres iter 620 linear residual 7.075e-05
gmres iter 630 linear residual 6.817e-05
gmres iter 640 linear residual 6.552e-05
gmres iter 650 linear residual 6.360e-05
gmres iter 660 linear residual 6.232e-05
gmres iter 670 linear residual 6.134e-05
gmres iter 680 linear residual 5.955e-05
gmres iter 690 linear residual 5.684e-05
res 2.598e-03 (F-block 4.787e-03 p-block 3.260e-03) alpha 1 eta 1.00e-03 iter times 696
gmres iter 10 linear residual 2.913e-02
gmres iter 20 linear residual 1.191e-02
gmres iter 30 linear residual 6.361e-03
gmres iter 40 linear residual 4.610e-03
gmres iter 50 linear residual 3.357e-03
gmres iter 60 linear residual 2.663e-03
gmres iter 70 linear residual 2.591e-03
gmres iter 80 linear residual 2.505e-03
gmres iter 90 linear residual 2.286e-03
gmres iter 100 linear residual 1.800e-03
gmres iter 110 linear residual 1.327e-03
gmres iter 120 linear residual 1.035e-03
gmres iter 130 linear residual 8.162e-04
gmres iter 140 linear residual 6.489e-04
gmres iter 150 linear residual 5.900e-04
gmres iter 160 linear residual 5.265e-04
gmres iter 170 linear residual 4.992e-04
gmres iter 180 linear residual 4.940e-04
gmres iter 190 linear residual 4.865e-04
gmres iter 200 linear residual 4.681e-04
gmres iter 210 linear residual 4.154e-04
gmres iter 220 linear residual 3.378e-04
gmres iter 230 linear residual 2.103e-04
res 7.401e-04 (F-block 8.381e-04 p-block 5.625e-04) alpha 1 eta 1.00e-02 iter times 237
gmres iter 10 linear residual 2.916e-02
gmres iter 20 linear residual 1.198e-02
gmres iter 30 linear residual 6.810e-03
gmres iter 40 linear residual 5.208e-03
gmres iter 50 linear residual 4.080e-03
gmres iter 60 linear residual 3.382e-03
gmres iter 70 linear residual 2.879e-03
gmres iter 80 linear residual 2.684e-03
gmres iter 90 linear residual 2.633e-03
gmres iter 100 linear residual 2.542e-03
gmres iter 110 linear residual 2.311e-03
gmres iter 120 linear residual 1.847e-03
gmres iter 130 linear residual 1.257e-03
gmres iter 140 linear residual 8.593e-04
gmres iter 150 linear residual 7.768e-04
gmres iter 160 linear residual 7.398e-04
gmres iter 170 linear residual 6.725e-04
gmres iter 180 linear residual 6.445e-04
gmres iter 190 linear residual 6.143e-04
gmres iter 200 linear residual 5.894e-04
gmres iter 210 linear residual 5.754e-04
gmres iter 220 linear residual 5.701e-04
gmres iter 230 linear residual 5.426e-04
gmres iter 240 linear residual 4.907e-04
gmres iter 250 linear residual 3.874e-04
gmres iter 260 linear residual 2.932e-04
res 2.591e-04 (F-block 1.141e-04 p-block 7.674e-05) alpha 1 eta 1.00e-02 iter times 269
gmres iter 10 linear residual 2.902e-02
gmres iter 20 linear residual 1.193e-02
gmres iter 30 linear residual 6.315e-03
gmres iter 40 linear residual 4.364e-03
gmres iter 50 linear residual 3.392e-03
gmres iter 60 linear residual 2.875e-03
gmres iter 70 linear residual 2.739e-03
gmres iter 80 linear residual 2.709e-03
gmres iter 90 linear residual 2.636e-03
gmres iter 100 linear residual 2.403e-03
gmres iter 110 linear residual 2.019e-03
gmres iter 120 linear residual 1.694e-03
gmres iter 130 linear residual 1.388e-03
gmres iter 140 linear residual 1.099e-03
gmres iter 150 linear residual 9.009e-04
gmres iter 160 linear residual 7.799e-04
gmres iter 170 linear residual 7.560e-04
gmres iter 180 linear residual 7.438e-04
gmres iter 190 linear residual 7.085e-04
gmres iter 200 linear residual 6.574e-04
gmres iter 210 linear residual 6.356e-04
gmres iter 220 linear residual 6.289e-04
gmres iter 230 linear residual 6.136e-04
gmres iter 240 linear residual 5.853e-04
gmres iter 250 linear residual 5.313e-04
gmres iter 260 linear residual 4.375e-04
res 3.394e-05 (F-block 2.057e-06 p-block 1.235e-06) alpha 1 eta 1.00e-02 iter times 262
time this step...108.480459690094
this increment is 0.014062500000000002 (target 0.2) ------------------------
gmres iter 10 linear residual 8.318e-03
gmres iter 20 linear residual 2.506e-03
gmres iter 30 linear residual 1.865e-03
gmres iter 40 linear residual 9.477e-04
res 8.190e-03 (F-block 1.126e-02 p-block 2.274e-02) alpha 1 eta 1.00e-02 iter times 44
gmres iter 10 linear residual 7.115e-02
gmres iter 20 linear residual 5.122e-02
gmres iter 30 linear residual 3.216e-02
gmres iter 40 linear residual 1.941e-02
gmres iter 50 linear residual 1.075e-02
gmres iter 60 linear residual 6.774e-03
gmres iter 70 linear residual 4.445e-03
gmres iter 80 linear residual 2.983e-03
gmres iter 90 linear residual 2.157e-03
gmres iter 100 linear residual 1.658e-03
gmres iter 110 linear residual 1.433e-03
gmres iter 120 linear residual 1.272e-03
gmres iter 130 linear residual 1.132e-03
gmres iter 140 linear residual 1.002e-03
gmres iter 150 linear residual 8.641e-04
gmres iter 160 linear residual 7.587e-04
gmres iter 170 linear residual 6.717e-04
gmres iter 180 linear residual 6.018e-04
gmres iter 190 linear residual 5.389e-04
gmres iter 200 linear residual 4.861e-04
gmres iter 210 linear residual 4.559e-04
gmres iter 220 linear residual 4.309e-04
gmres iter 230 linear residual 4.108e-04
gmres iter 240 linear residual 3.900e-04
gmres iter 250 linear residual 3.726e-04
gmres iter 260 linear residual 3.539e-04
gmres iter 270 linear residual 3.317e-04
gmres iter 280 linear residual 3.087e-04
gmres iter 290 linear residual 2.782e-04
gmres iter 300 linear residual 2.546e-04
gmres iter 310 linear residual 2.407e-04
gmres iter 320 linear residual 2.317e-04
gmres iter 330 linear residual 2.257e-04
gmres iter 340 linear residual 2.193e-04
gmres iter 350 linear residual 2.129e-04
gmres iter 360 linear residual 2.067e-04
gmres iter 370 linear residual 2.002e-04
gmres iter 380 linear residual 1.938e-04
gmres iter 390 linear residual 1.876e-04
gmres iter 400 linear residual 1.799e-04
gmres iter 410 linear residual 1.759e-04
gmres iter 420 linear residual 1.721e-04
gmres iter 430 linear residual 1.694e-04
gmres iter 440 linear residual 1.667e-04
gmres iter 450 linear residual 1.638e-04
gmres iter 460 linear residual 1.614e-04
gmres iter 470 linear residual 1.592e-04
gmres iter 480 linear residual 1.577e-04
gmres iter 490 linear residual 1.556e-04
gmres iter 500 linear residual 1.518e-04
gmres iter 510 linear residual 1.492e-04
gmres iter 520 linear residual 1.472e-04
gmres iter 530 linear residual 1.456e-04
gmres iter 540 linear residual 1.440e-04
gmres iter 550 linear residual 1.420e-04
gmres iter 560 linear residual 1.390e-04
gmres iter 570 linear residual 1.353e-04
gmres iter 580 linear residual 1.323e-04
gmres iter 590 linear residual 1.301e-04
gmres iter 600 linear residual 1.268e-04
gmres iter 610 linear residual 1.244e-04
gmres iter 620 linear residual 1.224e-04
gmres iter 630 linear residual 1.202e-04
gmres iter 640 linear residual 1.182e-04
gmres iter 650 linear residual 1.164e-04
gmres iter 660 linear residual 1.153e-04
gmres iter 670 linear residual 1.145e-04
gmres iter 680 linear residual 1.137e-04
gmres iter 690 linear residual 1.126e-04
gmres iter 700 linear residual 1.106e-04
gmres iter 710 linear residual 1.088e-04
gmres iter 720 linear residual 1.076e-04
gmres iter 730 linear residual 1.066e-04
gmres iter 740 linear residual 1.060e-04
gmres iter 750 linear residual 1.051e-04
gmres iter 760 linear residual 1.032e-04
gmres iter 770 linear residual 9.831e-05
gmres iter 780 linear residual 9.295e-05
gmres iter 790 linear residual 8.912e-05
gmres iter 800 linear residual 8.410e-05
gmres iter 810 linear residual 8.155e-05
gmres iter 820 linear residual 7.862e-05
gmres iter 830 linear residual 7.570e-05
gmres iter 840 linear residual 7.206e-05
gmres iter 850 linear residual 6.992e-05
res 3.167e-03 (F-block 9.073e-03 p-block 6.198e-03) alpha 1 eta 1.00e-03 iter times 857
gmres iter 10 linear residual 2.773e-02
gmres iter 20 linear residual 1.103e-02
gmres iter 30 linear residual 5.772e-03
gmres iter 40 linear residual 4.082e-03
gmres iter 50 linear residual 2.963e-03
gmres iter 60 linear residual 2.646e-03
gmres iter 70 linear residual 2.592e-03
gmres iter 80 linear residual 2.444e-03
gmres iter 90 linear residual 2.027e-03
gmres iter 100 linear residual 1.567e-03
gmres iter 110 linear residual 1.135e-03
gmres iter 120 linear residual 8.718e-04
gmres iter 130 linear residual 6.499e-04
gmres iter 140 linear residual 5.325e-04
gmres iter 150 linear residual 4.813e-04
gmres iter 160 linear residual 4.692e-04
gmres iter 170 linear residual 4.642e-04
gmres iter 180 linear residual 4.525e-04
gmres iter 190 linear residual 4.259e-04
gmres iter 200 linear residual 3.507e-04
gmres iter 210 linear residual 2.469e-04
gmres iter 220 linear residual 1.654e-04
res 1.002e-03 (F-block 1.519e-03 p-block 1.044e-03) alpha 1 eta 1.00e-02 iter times 228
gmres iter 10 linear residual 2.848e-02
gmres iter 20 linear residual 1.199e-02
gmres iter 30 linear residual 7.540e-03
gmres iter 40 linear residual 6.223e-03
gmres iter 50 linear residual 5.074e-03
gmres iter 60 linear residual 4.360e-03
gmres iter 70 linear residual 3.744e-03
gmres iter 80 linear residual 3.186e-03
gmres iter 90 linear residual 2.659e-03
gmres iter 100 linear residual 2.484e-03
gmres iter 110 linear residual 2.434e-03
gmres iter 120 linear residual 2.406e-03
gmres iter 130 linear residual 2.358e-03
gmres iter 140 linear residual 2.190e-03
gmres iter 150 linear residual 1.851e-03
gmres iter 160 linear residual 1.306e-03
gmres iter 170 linear residual 8.829e-04
gmres iter 180 linear residual 7.356e-04
gmres iter 190 linear residual 6.830e-04
gmres iter 200 linear residual 6.596e-04
gmres iter 210 linear residual 6.308e-04
gmres iter 220 linear residual 5.810e-04
gmres iter 230 linear residual 5.045e-04
gmres iter 240 linear residual 4.040e-04
gmres iter 250 linear residual 3.039e-04
res 5.909e-04 (F-block 5.840e-04 p-block 3.947e-04) alpha 1 eta 1.00e-02 iter times 257
gmres iter 10 linear residual 2.893e-02
gmres iter 20 linear residual 1.110e-02
gmres iter 30 linear residual 5.876e-03
gmres iter 40 linear residual 4.042e-03
gmres iter 50 linear residual 2.997e-03
gmres iter 60 linear residual 2.719e-03
gmres iter 70 linear residual 2.650e-03
gmres iter 80 linear residual 2.478e-03
gmres iter 90 linear residual 2.107e-03
gmres iter 100 linear residual 1.800e-03
gmres iter 110 linear residual 1.545e-03
gmres iter 120 linear residual 1.329e-03
gmres iter 130 linear residual 1.101e-03
gmres iter 140 linear residual 9.218e-04
gmres iter 150 linear residual 7.488e-04
gmres iter 160 linear residual 7.085e-04
gmres iter 170 linear residual 7.027e-04
gmres iter 180 linear residual 6.786e-04
gmres iter 190 linear residual 6.421e-04
gmres iter 200 linear residual 6.213e-04
gmres iter 210 linear residual 6.049e-04
gmres iter 220 linear residual 5.946e-04
gmres iter 230 linear residual 5.680e-04
gmres iter 240 linear residual 5.324e-04
gmres iter 250 linear residual 4.656e-04
res 1.258e-04 (F-block 2.712e-05 p-block 1.757e-05) alpha 1 eta 1.00e-02 iter times 253
gmres iter 10 linear residual 3.091e-02
gmres iter 20 linear residual 1.541e-02
gmres iter 30 linear residual 1.140e-02
gmres iter 40 linear residual 1.041e-02
gmres iter 50 linear residual 9.835e-03
gmres iter 60 linear residual 9.488e-03
gmres iter 70 linear residual 8.836e-03
gmres iter 80 linear residual 7.956e-03
gmres iter 90 linear residual 6.416e-03
gmres iter 100 linear residual 4.452e-03
gmres iter 110 linear residual 3.931e-03
gmres iter 120 linear residual 3.491e-03
gmres iter 130 linear residual 3.173e-03
gmres iter 140 linear residual 3.032e-03
gmres iter 150 linear residual 2.996e-03
gmres iter 160 linear residual 2.962e-03
gmres iter 170 linear residual 2.944e-03
gmres iter 180 linear residual 2.815e-03
gmres iter 190 linear residual 2.579e-03
gmres iter 200 linear residual 2.196e-03
gmres iter 210 linear residual 2.050e-03
gmres iter 220 linear residual 1.969e-03
gmres iter 230 linear residual 1.809e-03
gmres iter 240 linear residual 1.565e-03
gmres iter 250 linear residual 1.321e-03
gmres iter 260 linear residual 1.104e-03
gmres iter 270 linear residual 9.252e-04
gmres iter 280 linear residual 8.588e-04
gmres iter 290 linear residual 8.153e-04
gmres iter 300 linear residual 7.261e-04
gmres iter 310 linear residual 6.663e-04
gmres iter 320 linear residual 6.265e-04
gmres iter 330 linear residual 6.020e-04
gmres iter 340 linear residual 5.917e-04
gmres iter 350 linear residual 5.809e-04
gmres iter 360 linear residual 5.593e-04
gmres iter 370 linear residual 5.218e-04
gmres iter 380 linear residual 4.352e-04
gmres iter 390 linear residual 3.334e-04
gmres iter 400 linear residual 2.448e-04
gmres iter 410 linear residual 2.040e-04
gmres iter 420 linear residual 1.791e-04
gmres iter 430 linear residual 1.688e-04
gmres iter 440 linear residual 1.610e-04
gmres iter 450 linear residual 1.545e-04
gmres iter 460 linear residual 1.458e-04
gmres iter 470 linear residual 1.337e-04
gmres iter 480 linear residual 1.198e-04
gmres iter 490 linear residual 1.035e-04
res 4.373e-05 (F-block 3.169e-06 p-block 2.127e-06) alpha 1 eta 1.89e-03 iter times 491
time this step...145.0549030303955
this increment is 0.014062500000000002 (target 0.2) ------------------------
gmres iter 10 linear residual 8.379e-03
gmres iter 20 linear residual 2.520e-03
gmres iter 30 linear residual 1.870e-03
gmres iter 40 linear residual 9.547e-04
res 8.098e-03 (F-block 1.122e-02 p-block 2.278e-02) alpha 1 eta 1.00e-02 iter times 44
gmres iter 10 linear residual 7.199e-02
gmres iter 20 linear residual 5.208e-02
gmres iter 30 linear residual 3.257e-02
gmres iter 40 linear residual 1.959e-02
gmres iter 50 linear residual 1.093e-02
gmres iter 60 linear residual 6.991e-03
gmres iter 70 linear residual 4.597e-03
gmres iter 80 linear residual 3.141e-03
gmres iter 90 linear residual 2.313e-03
gmres iter 100 linear residual 1.811e-03
gmres iter 110 linear residual 1.579e-03
gmres iter 120 linear residual 1.415e-03
gmres iter 130 linear residual 1.267e-03
gmres iter 140 linear residual 1.134e-03
gmres iter 150 linear residual 9.760e-04
gmres iter 160 linear residual 8.496e-04
gmres iter 170 linear residual 7.420e-04
gmres iter 180 linear residual 6.598e-04
gmres iter 190 linear residual 5.859e-04
gmres iter 200 linear residual 5.259e-04
gmres iter 210 linear residual 4.914e-04
gmres iter 220 linear residual 4.620e-04
gmres iter 230 linear residual 4.411e-04
gmres iter 240 linear residual 4.198e-04
gmres iter 250 linear residual 3.991e-04
gmres iter 260 linear residual 3.783e-04
gmres iter 270 linear residual 3.511e-04
gmres iter 280 linear residual 3.230e-04
gmres iter 290 linear residual 2.825e-04
gmres iter 300 linear residual 2.478e-04
gmres iter 310 linear residual 2.266e-04
gmres iter 320 linear residual 2.127e-04
gmres iter 330 linear residual 2.036e-04
gmres iter 340 linear residual 1.952e-04
gmres iter 350 linear residual 1.861e-04
gmres iter 360 linear residual 1.777e-04
gmres iter 370 linear residual 1.701e-04
gmres iter 380 linear residual 1.621e-04
gmres iter 390 linear residual 1.552e-04
gmres iter 400 linear residual 1.471e-04
gmres iter 410 linear residual 1.442e-04
gmres iter 420 linear residual 1.400e-04
gmres iter 430 linear residual 1.368e-04
gmres iter 440 linear residual 1.346e-04
gmres iter 450 linear residual 1.316e-04
gmres iter 460 linear residual 1.285e-04
gmres iter 470 linear residual 1.258e-04
gmres iter 480 linear residual 1.241e-04
gmres iter 490 linear residual 1.217e-04
gmres iter 500 linear residual 1.183e-04
gmres iter 510 linear residual 1.163e-04
gmres iter 520 linear residual 1.150e-04
gmres iter 530 linear residual 1.138e-04
gmres iter 540 linear residual 1.127e-04
gmres iter 550 linear residual 1.114e-04
gmres iter 560 linear residual 1.095e-04
gmres iter 570 linear residual 1.073e-04
gmres iter 580 linear residual 1.060e-04
gmres iter 590 linear residual 1.052e-04
gmres iter 600 linear residual 1.042e-04
gmres iter 610 linear residual 1.035e-04
gmres iter 620 linear residual 1.028e-04
gmres iter 630 linear residual 1.020e-04
gmres iter 640 linear residual 1.013e-04
gmres iter 650 linear residual 1.008e-04
gmres iter 660 linear residual 1.003e-04
gmres iter 670 linear residual 9.991e-05
gmres iter 680 linear residual 9.963e-05
gmres iter 690 linear residual 9.904e-05
gmres iter 700 linear residual 9.765e-05
gmres iter 710 linear residual 9.654e-05
gmres iter 720 linear residual 9.569e-05
gmres iter 730 linear residual 9.517e-05
gmres iter 740 linear residual 9.482e-05
gmres iter 750 linear residual 9.446e-05
gmres iter 760 linear residual 9.395e-05
gmres iter 770 linear residual 9.260e-05
gmres iter 780 linear residual 9.015e-05
gmres iter 790 linear residual 8.843e-05
gmres iter 800 linear residual 8.653e-05
gmres iter 810 linear residual 8.561e-05
gmres iter 820 linear residual 8.442e-05
gmres iter 830 linear residual 8.296e-05
gmres iter 840 linear residual 8.142e-05
gmres iter 850 linear residual 8.068e-05
gmres iter 860 linear residual 8.043e-05
gmres iter 870 linear residual 8.033e-05
gmres iter 880 linear residual 8.008e-05
gmres iter 890 linear residual 7.973e-05
gmres iter 900 linear residual 7.894e-05
gmres iter 910 linear residual 7.843e-05
gmres iter 920 linear residual 7.809e-05
gmres iter 930 linear residual 7.772e-05
gmres iter 940 linear residual 7.744e-05
gmres iter 950 linear residual 7.707e-05
gmres iter 960 linear residual 7.664e-05
linear solver hit the iteration cap (963 iterations, flag 10)
increment failed (gmres_iteration_cap); cutting step to 0.007031
this increment is 0.007031250000000001 (target 0.2) ------------------------
gmres iter 10 linear residual 8.228e-03
gmres iter 20 linear residual 2.506e-03
gmres iter 30 linear residual 1.857e-03
gmres iter 40 linear residual 9.354e-04
res 4.055e-03 (F-block 6.775e-03 p-block 2.015e-02) alpha 1 eta 1.00e-02 iter times 44
gmres iter 10 linear residual 1.070e-01
gmres iter 20 linear residual 8.280e-02
gmres iter 30 linear residual 4.847e-02
gmres iter 40 linear residual 2.620e-02
gmres iter 50 linear residual 1.567e-02
gmres iter 60 linear residual 1.022e-02
gmres iter 70 linear residual 6.948e-03
gmres iter 80 linear residual 4.787e-03
gmres iter 90 linear residual 3.509e-03
gmres iter 100 linear residual 2.715e-03
gmres iter 110 linear residual 2.395e-03
gmres iter 120 linear residual 2.142e-03
gmres iter 130 linear residual 1.891e-03
gmres iter 140 linear residual 1.636e-03
gmres iter 150 linear residual 1.362e-03
gmres iter 160 linear residual 1.146e-03
gmres iter 170 linear residual 9.719e-04
gmres iter 180 linear residual 8.377e-04
gmres iter 190 linear residual 7.236e-04
gmres iter 200 linear residual 6.270e-04
gmres iter 210 linear residual 5.716e-04
gmres iter 220 linear residual 5.188e-04
gmres iter 230 linear residual 4.823e-04
gmres iter 240 linear residual 4.461e-04
gmres iter 250 linear residual 4.105e-04
gmres iter 260 linear residual 3.787e-04
gmres iter 270 linear residual 3.406e-04
gmres iter 280 linear residual 3.021e-04
gmres iter 290 linear residual 2.560e-04
gmres iter 300 linear residual 2.126e-04
gmres iter 310 linear residual 1.863e-04
gmres iter 320 linear residual 1.698e-04
gmres iter 330 linear residual 1.597e-04
gmres iter 340 linear residual 1.462e-04
gmres iter 350 linear residual 1.341e-04
gmres iter 360 linear residual 1.207e-04
gmres iter 370 linear residual 1.104e-04
gmres iter 380 linear residual 1.001e-04
gmres iter 390 linear residual 9.162e-05
gmres iter 400 linear residual 8.570e-05
gmres iter 410 linear residual 8.067e-05
gmres iter 420 linear residual 7.585e-05
gmres iter 430 linear residual 7.114e-05
gmres iter 440 linear residual 6.749e-05
gmres iter 450 linear residual 6.200e-05
res 1.244e-03 (F-block 1.457e-03 p-block 1.081e-03) alpha 1 eta 1.00e-03 iter times 458
gmres iter 10 linear residual 2.811e-02
gmres iter 20 linear residual 1.219e-02
gmres iter 30 linear residual 6.953e-03
gmres iter 40 linear residual 4.795e-03
gmres iter 50 linear residual 3.468e-03
gmres iter 60 linear residual 2.681e-03
gmres iter 70 linear residual 2.162e-03
gmres iter 80 linear residual 1.777e-03
gmres iter 90 linear residual 1.625e-03
gmres iter 100 linear residual 1.587e-03
gmres iter 110 linear residual 1.514e-03
gmres iter 120 linear residual 1.335e-03
gmres iter 130 linear residual 1.104e-03
gmres iter 140 linear residual 7.797e-04
gmres iter 150 linear residual 5.434e-04
gmres iter 160 linear residual 4.120e-04
gmres iter 170 linear residual 3.754e-04
gmres iter 180 linear residual 3.461e-04
gmres iter 190 linear residual 3.347e-04
gmres iter 200 linear residual 3.301e-04
gmres iter 210 linear residual 3.207e-04
gmres iter 220 linear residual 3.028e-04
gmres iter 230 linear residual 2.681e-04
gmres iter 240 linear residual 2.095e-04
gmres iter 250 linear residual 1.552e-04
res 1.280e-04 (F-block 3.344e-05 p-block 2.301e-05) alpha 1 eta 6.56e-03 iter times 259
gmres iter 10 linear residual 2.882e-02
gmres iter 20 linear residual 1.305e-02
gmres iter 30 linear residual 8.266e-03
gmres iter 40 linear residual 6.592e-03
gmres iter 50 linear residual 5.690e-03
gmres iter 60 linear residual 5.194e-03
gmres iter 70 linear residual 4.806e-03
gmres iter 80 linear residual 4.414e-03
gmres iter 90 linear residual 3.840e-03
gmres iter 100 linear residual 3.120e-03
gmres iter 110 linear residual 2.791e-03
gmres iter 120 linear residual 2.615e-03
gmres iter 130 linear residual 2.567e-03
gmres iter 140 linear residual 2.551e-03
gmres iter 150 linear residual 2.529e-03
gmres iter 160 linear residual 2.482e-03
gmres iter 170 linear residual 2.315e-03
gmres iter 180 linear residual 1.907e-03
gmres iter 190 linear residual 1.391e-03
gmres iter 200 linear residual 1.026e-03
gmres iter 210 linear residual 9.276e-04
gmres iter 220 linear residual 8.371e-04
gmres iter 230 linear residual 7.383e-04
gmres iter 240 linear residual 6.617e-04
gmres iter 250 linear residual 6.032e-04
gmres iter 260 linear residual 5.534e-04
gmres iter 270 linear residual 5.181e-04
gmres iter 280 linear residual 4.931e-04
gmres iter 290 linear residual 4.656e-04
gmres iter 300 linear residual 4.076e-04
gmres iter 310 linear residual 3.756e-04
gmres iter 320 linear residual 3.520e-04
gmres iter 330 linear residual 3.312e-04
gmres iter 340 linear residual 3.059e-04
gmres iter 350 linear residual 2.750e-04
gmres iter 360 linear residual 2.454e-04
gmres iter 370 linear residual 2.227e-04
gmres iter 380 linear residual 2.041e-04
gmres iter 390 linear residual 1.874e-04
gmres iter 400 linear residual 1.674e-04
gmres iter 410 linear residual 1.560e-04
gmres iter 420 linear residual 1.475e-04
gmres iter 430 linear residual 1.342e-04
gmres iter 440 linear residual 1.155e-04
gmres iter 450 linear residual 1.027e-04
gmres iter 460 linear residual 9.585e-05
gmres iter 470 linear residual 9.074e-05
gmres iter 480 linear residual 8.157e-05
res 1.399e-05 (F-block 4.626e-07 p-block 3.215e-07) alpha 1 eta 1.00e-03 iter times 489
time this step...79.68552851676941
this increment is 0.007031250000000001 (target 0.2) ------------------------
gmres iter 10 linear residual 8.251e-03
gmres iter 20 linear residual 2.511e-03
gmres iter 30 linear residual 1.859e-03
gmres iter 40 linear residual 9.374e-04
res 4.032e-03 (F-block 6.774e-03 p-block 2.023e-02) alpha 1 eta 1.00e-02 iter times 44
gmres iter 10 linear residual 1.076e-01
gmres iter 20 linear residual 8.332e-02
gmres iter 30 linear residual 4.861e-02
gmres iter 40 linear residual 2.633e-02
gmres iter 50 linear residual 1.583e-02
gmres iter 60 linear residual 1.039e-02
gmres iter 70 linear residual 7.102e-03
gmres iter 80 linear residual 4.956e-03
gmres iter 90 linear residual 3.665e-03
gmres iter 100 linear residual 2.866e-03
gmres iter 110 linear residual 2.545e-03
gmres iter 120 linear residual 2.290e-03
gmres iter 130 linear residual 2.036e-03
gmres iter 140 linear residual 1.777e-03
gmres iter 150 linear residual 1.490e-03
gmres iter 160 linear residual 1.250e-03
gmres iter 170 linear residual 1.061e-03
gmres iter 180 linear residual 9.151e-04
gmres iter 190 linear residual 7.967e-04
gmres iter 200 linear residual 6.957e-04
gmres iter 210 linear residual 6.380e-04
gmres iter 220 linear residual 5.827e-04
gmres iter 230 linear residual 5.454e-04
gmres iter 240 linear residual 5.073e-04
gmres iter 250 linear residual 4.674e-04
gmres iter 260 linear residual 4.309e-04
gmres iter 270 linear residual 3.886e-04
gmres iter 280 linear residual 3.456e-04
gmres iter 290 linear residual 2.917e-04
gmres iter 300 linear residual 2.398e-04
gmres iter 310 linear residual 2.085e-04
gmres iter 320 linear residual 1.892e-04
gmres iter 330 linear residual 1.771e-04
gmres iter 340 linear residual 1.610e-04
gmres iter 350 linear residual 1.469e-04
gmres iter 360 linear residual 1.316e-04
gmres iter 370 linear residual 1.197e-04
gmres iter 380 linear residual 1.073e-04
gmres iter 390 linear residual 9.724e-05
gmres iter 400 linear residual 9.059e-05
gmres iter 410 linear residual 8.539e-05
gmres iter 420 linear residual 7.944e-05
gmres iter 430 linear residual 7.358e-05
gmres iter 440 linear residual 6.923e-05
gmres iter 450 linear residual 6.236e-05
gmres iter 460 linear residual 5.631e-05
res 1.342e-03 (F-block 2.081e-03 p-block 1.536e-03) alpha 1 eta 1.00e-03 iter times 466
gmres iter 10 linear residual 2.669e-02
gmres iter 20 linear residual 1.145e-02
gmres iter 30 linear residual 6.231e-03
gmres iter 40 linear residual 3.933e-03
gmres iter 50 linear residual 2.715e-03
gmres iter 60 linear residual 2.509e-03
gmres iter 70 linear residual 2.418e-03
gmres iter 80 linear residual 2.220e-03
gmres iter 90 linear residual 1.826e-03
gmres iter 100 linear residual 1.344e-03
gmres iter 110 linear residual 1.045e-03
gmres iter 120 linear residual 8.830e-04
gmres iter 130 linear residual 7.334e-04
gmres iter 140 linear residual 6.044e-04
gmres iter 150 linear residual 5.372e-04
gmres iter 160 linear residual 5.018e-04
gmres iter 170 linear residual 4.932e-04
gmres iter 180 linear residual 4.865e-04
gmres iter 190 linear residual 4.777e-04
gmres iter 200 linear residual 4.529e-04
gmres iter 210 linear residual 4.019e-04
gmres iter 220 linear residual 3.062e-04
gmres iter 230 linear residual 1.831e-04
res 1.629e-04 (F-block 6.363e-05 p-block 4.512e-05) alpha 1 eta 1.00e-02 iter times 236
gmres iter 10 linear residual 2.410e-02
gmres iter 20 linear residual 1.028e-02
gmres iter 30 linear residual 6.346e-03
gmres iter 40 linear residual 4.758e-03
gmres iter 50 linear residual 4.229e-03
gmres iter 60 linear residual 3.945e-03
gmres iter 70 linear residual 3.654e-03
gmres iter 80 linear residual 3.303e-03
gmres iter 90 linear residual 2.803e-03
gmres iter 100 linear residual 2.336e-03
gmres iter 110 linear residual 2.151e-03
gmres iter 120 linear residual 2.020e-03
gmres iter 130 linear residual 1.971e-03
gmres iter 140 linear residual 1.943e-03
gmres iter 150 linear residual 1.920e-03
gmres iter 160 linear residual 1.871e-03
gmres iter 170 linear residual 1.753e-03
gmres iter 180 linear residual 1.487e-03
gmres iter 190 linear residual 1.104e-03
gmres iter 200 linear residual 7.735e-04
gmres iter 210 linear residual 7.130e-04
gmres iter 220 linear residual 6.623e-04
gmres iter 230 linear residual 6.009e-04
gmres iter 240 linear residual 5.342e-04
gmres iter 250 linear residual 4.763e-04
gmres iter 260 linear residual 4.300e-04
gmres iter 270 linear residual 3.974e-04
gmres iter 280 linear residual 3.772e-04
gmres iter 290 linear residual 3.552e-04
gmres iter 300 linear residual 3.245e-04
gmres iter 310 linear residual 3.023e-04
gmres iter 320 linear residual 2.851e-04
gmres iter 330 linear residual 2.707e-04
gmres iter 340 linear residual 2.573e-04
gmres iter 350 linear residual 2.463e-04
gmres iter 360 linear residual 2.289e-04
gmres iter 370 linear residual 2.118e-04
gmres iter 380 linear residual 1.798e-04
gmres iter 390 linear residual 1.382e-04
gmres iter 400 linear residual 9.525e-05
gmres iter 410 linear residual 7.760e-05
gmres iter 420 linear residual 6.309e-05
gmres iter 430 linear residual 5.427e-05
gmres iter 440 linear residual 4.962e-05
gmres iter 450 linear residual 4.511e-05
gmres iter 460 linear residual 4.150e-05
gmres iter 470 linear residual 3.844e-05
gmres iter 480 linear residual 3.626e-05
gmres iter 490 linear residual 3.343e-05
gmres iter 500 linear residual 3.076e-05
res 1.872e-05 (F-block 9.557e-07 p-block 6.802e-07) alpha 1 eta 1.00e-03 iter times 507
time this step...79.02664041519165
this increment is 0.003124999999999989 (target 0.2) ------------------------
gmres iter 10 linear residual 8.186e-03
gmres iter 20 linear residual 2.510e-03
gmres iter 30 linear residual 1.857e-03
gmres iter 40 linear residual 9.311e-04
res 1.783e-03 (F-block 5.775e-03 p-block 1.899e-02) alpha 1 eta 1.00e-02 iter times 44
gmres iter 10 linear residual 1.182e-01
gmres iter 20 linear residual 8.516e-02
gmres iter 30 linear residual 4.996e-02
gmres iter 40 linear residual 2.568e-02
gmres iter 50 linear residual 1.682e-02
gmres iter 60 linear residual 1.185e-02
gmres iter 70 linear residual 8.140e-03
gmres iter 80 linear residual 5.632e-03
gmres iter 90 linear residual 4.248e-03
gmres iter 100 linear residual 3.348e-03
gmres iter 110 linear residual 3.015e-03
gmres iter 120 linear residual 2.747e-03
gmres iter 130 linear residual 2.437e-03
gmres iter 140 linear residual 2.105e-03
gmres iter 150 linear residual 1.752e-03
gmres iter 160 linear residual 1.429e-03
gmres iter 170 linear residual 1.201e-03
gmres iter 180 linear residual 1.015e-03
gmres iter 190 linear residual 8.761e-04
gmres iter 200 linear residual 7.523e-04
gmres iter 210 linear residual 6.843e-04
gmres iter 220 linear residual 6.167e-04
gmres iter 230 linear residual 5.672e-04
gmres iter 240 linear residual 5.185e-04
gmres iter 250 linear residual 4.685e-04
gmres iter 260 linear residual 4.250e-04
gmres iter 270 linear residual 3.769e-04
gmres iter 280 linear residual 3.314e-04
gmres iter 290 linear residual 2.764e-04
gmres iter 300 linear residual 2.187e-04
gmres iter 310 linear residual 1.867e-04
gmres iter 320 linear residual 1.671e-04
gmres iter 330 linear residual 1.553e-04
gmres iter 340 linear residual 1.385e-04
gmres iter 350 linear residual 1.230e-04
gmres iter 360 linear residual 1.058e-04
gmres iter 370 linear residual 9.236e-05
gmres iter 380 linear residual 8.040e-05
gmres iter 390 linear residual 7.122e-05
gmres iter 400 linear residual 6.547e-05
gmres iter 410 linear residual 6.075e-05
gmres iter 420 linear residual 5.545e-05
res 5.824e-04 (F-block 8.237e-04 p-block 6.209e-04) alpha 1 eta 1.00e-03 iter times 425
gmres iter 10 linear residual 2.676e-02
gmres iter 20 linear residual 1.157e-02
gmres iter 30 linear residual 6.328e-03
gmres iter 40 linear residual 3.944e-03
gmres iter 50 linear residual 2.707e-03
gmres iter 60 linear residual 2.131e-03
gmres iter 70 linear residual 1.767e-03
gmres iter 80 linear residual 1.469e-03
gmres iter 90 linear residual 1.215e-03
gmres iter 100 linear residual 1.031e-03
gmres iter 110 linear residual 9.771e-04
gmres iter 120 linear residual 9.498e-04
gmres iter 130 linear residual 9.174e-04
gmres iter 140 linear residual 8.660e-04
gmres iter 150 linear residual 7.753e-04
gmres iter 160 linear residual 6.400e-04
gmres iter 170 linear residual 4.718e-04
gmres iter 180 linear residual 3.267e-04
gmres iter 190 linear residual 2.403e-04
gmres iter 200 linear residual 1.962e-04
gmres iter 210 linear residual 1.792e-04
gmres iter 220 linear residual 1.691e-04
gmres iter 230 linear residual 1.550e-04
res 2.798e-05 (F-block 4.762e-06 p-block 2.779e-06) alpha 1 eta 2.43e-03 iter times 239
time this step...44.58198308944702
now P is...
[[ 2.46371883e+00  1.84553522e-03 -5.42621138e-02]
 [ 1.41558608e-03  1.39626850e-07  2.61563055e-02]
 [-4.14043771e-02  2.60205780e-02  1.41584056e-07]]
now F is...
[[ 1.20000000e+00  2.75776254e-17 -3.87218743e-17]
 [-6.64844374e-18  9.20429150e-01 -2.66683091e-17]
 [ 1.85440897e-17  2.40447080e-17  9.15653023e-01]]
intermediate results saved (2 increments in output.csv)
this increment is 0.004687499999999983 (target 0.30000000000000004) ------------------------
gmres iter 10 linear residual 8.229e-03
gmres iter 20 linear residual 2.513e-03
gmres iter 30 linear residual 1.859e-03
gmres iter 40 linear residual 9.343e-04
res 2.667e-03 (F-block 5.983e-03 p-block 1.955e-02) alpha 1 eta 1.00e-02 iter times 44
gmres iter 10 linear residual 1.211e-01
gmres iter 20 linear residual 8.820e-02
gmres iter 30 linear residual 5.244e-02
gmres iter 40 linear residual 2.708e-02
gmres iter 50 linear residual 1.739e-02
gmres iter 60 linear residual 1.189e-02
gmres iter 70 linear residual 8.199e-03
gmres iter 80 linear residual 5.749e-03
gmres iter 90 linear residual 4.330e-03
gmres iter 100 linear residual 3.425e-03
gmres iter 110 linear residual 3.098e-03
gmres iter 120 linear residual 2.823e-03
gmres iter 130 linear residual 2.526e-03
gmres iter 140 linear residual 2.197e-03
gmres iter 150 linear residual 1.847e-03
gmres iter 160 linear residual 1.516e-03
gmres iter 170 linear residual 1.268e-03
gmres iter 180 linear residual 1.074e-03
gmres iter 190 linear residual 9.291e-04
gmres iter 200 linear residual 7.994e-04
gmres iter 210 linear residual 7.286e-04
gmres iter 220 linear residual 6.554e-04
gmres iter 230 linear residual 6.072e-04
gmres iter 240 linear residual 5.562e-04
gmres iter 250 linear residual 5.041e-04
gmres iter 260 linear residual 4.568e-04
gmres iter 270 linear residual 4.048e-04
gmres iter 280 linear residual 3.576e-04
gmres iter 290 linear residual 2.977e-04
gmres iter 300 linear residual 2.375e-04
gmres iter 310 linear residual 2.024e-04
gmres iter 320 linear residual 1.829e-04
gmres iter 330 linear residual 1.690e-04
gmres iter 340 linear residual 1.521e-04
gmres iter 350 linear residual 1.344e-04
gmres iter 360 linear residual 1.165e-04
gmres iter 370 linear residual 1.014e-04
gmres iter 380 linear residual 8.781e-05
gmres iter 390 linear residual 7.730e-05
gmres iter 400 linear residual 7.113e-05
gmres iter 410 linear residual 6.602e-05
gmres iter 420 linear residual 6.044e-05
gmres iter 430 linear residual 5.435e-05
res 9.093e-04 (F-block 1.416e-03 p-block 1.069e-03) alpha 1 eta 1.00e-03 iter times 431
gmres iter 10 linear residual 2.660e-02
gmres iter 20 linear residual 1.140e-02
gmres iter 30 linear residual 6.144e-03
gmres iter 40 linear residual 3.774e-03
gmres iter 50 linear residual 2.602e-03
gmres iter 60 linear residual 2.075e-03
gmres iter 70 linear residual 1.752e-03
gmres iter 80 linear residual 1.706e-03
gmres iter 90 linear residual 1.677e-03
gmres iter 100 linear residual 1.631e-03
gmres iter 110 linear residual 1.478e-03
gmres iter 120 linear residual 1.189e-03
gmres iter 130 linear residual 8.691e-04
gmres iter 140 linear residual 6.765e-04
gmres iter 150 linear residual 5.659e-04
gmres iter 160 linear residual 4.520e-04
gmres iter 170 linear residual 3.988e-04
gmres iter 180 linear residual 3.493e-04
gmres iter 190 linear residual 3.320e-04
gmres iter 200 linear residual 3.270e-04
gmres iter 210 linear residual 3.235e-04
gmres iter 220 linear residual 3.192e-04
gmres iter 230 linear residual 3.017e-04
gmres iter 240 linear residual 2.637e-04
gmres iter 250 linear residual 2.039e-04
gmres iter 260 linear residual 1.473e-04
res 7.524e-05 (F-block 2.151e-05 p-block 1.555e-05) alpha 1 eta 6.78e-03 iter times 263
gmres iter 10 linear residual 2.483e-02
gmres iter 20 linear residual 1.122e-02
gmres iter 30 linear residual 7.640e-03
gmres iter 40 linear residual 6.409e-03
gmres iter 50 linear residual 6.021e-03
gmres iter 60 linear residual 5.726e-03
gmres iter 70 linear residual 5.318e-03
gmres iter 80 linear residual 4.596e-03
gmres iter 90 linear residual 3.526e-03
gmres iter 100 linear residual 2.602e-03
gmres iter 110 linear residual 2.393e-03
gmres iter 120 linear residual 2.176e-03
gmres iter 130 linear residual 2.001e-03
gmres iter 140 linear residual 1.894e-03
gmres iter 150 linear residual 1.846e-03
gmres iter 160 linear residual 1.815e-03
gmres iter 170 linear residual 1.782e-03
gmres iter 180 linear residual 1.680e-03
gmres iter 190 linear residual 1.433e-03
gmres iter 200 linear residual 1.073e-03
gmres iter 210 linear residual 1.037e-03
gmres iter 220 linear residual 1.009e-03
gmres iter 230 linear residual 9.606e-04
gmres iter 240 linear residual 8.657e-04
gmres iter 250 linear residual 7.328e-04
gmres iter 260 linear residual 5.942e-04
gmres iter 270 linear residual 4.982e-04
gmres iter 280 linear residual 4.451e-04
gmres iter 290 linear residual 4.136e-04
gmres iter 300 linear residual 3.888e-04
gmres iter 310 linear residual 3.729e-04
gmres iter 320 linear residual 3.602e-04
gmres iter 330 linear residual 3.531e-04
gmres iter 340 linear residual 3.482e-04
gmres iter 350 linear residual 3.392e-04
gmres iter 360 linear residual 3.152e-04
gmres iter 370 linear residual 2.774e-04
gmres iter 380 linear residual 2.151e-04
gmres iter 390 linear residual 1.630e-04
gmres iter 400 linear residual 1.349e-04
gmres iter 410 linear residual 1.246e-04
gmres iter 420 linear residual 1.142e-04
gmres iter 430 linear residual 1.050e-04
gmres iter 440 linear residual 1.000e-04
gmres iter 450 linear residual 9.678e-05
gmres iter 460 linear residual 9.403e-05
gmres iter 470 linear residual 9.141e-05
gmres iter 480 linear residual 8.610e-05
gmres iter 490 linear residual 7.247e-05
gmres iter 500 linear residual 5.818e-05
res 5.370e-06 (F-block 1.137e-07 p-block 8.411e-08) alpha 1 eta 1.00e-03 iter times 500
time this step...78.39330816268921
this increment is 0.007031249999999975 (target 0.30000000000000004) ------------------------
gmres iter 10 linear residual 8.295e-03
gmres iter 20 linear residual 2.518e-03
gmres iter 30 linear residual 1.864e-03
gmres iter 40 linear residual 9.404e-04
res 3.982e-03 (F-block 6.780e-03 p-block 2.043e-02) alpha 1 eta 1.00e-02 iter times 44
gmres iter 10 linear residual 1.090e-01
gmres iter 20 linear residual 8.431e-02
gmres iter 30 linear residual 4.904e-02
gmres iter 40 linear residual 2.678e-02
gmres iter 50 linear residual 1.629e-02
gmres iter 60 linear residual 1.094e-02
gmres iter 70 linear residual 7.586e-03
gmres iter 80 linear residual 5.455e-03
gmres iter 90 linear residual 4.096e-03
gmres iter 100 linear residual 3.292e-03
gmres iter 110 linear residual 2.945e-03
gmres iter 120 linear residual 2.689e-03
gmres iter 130 linear residual 2.435e-03
gmres iter 140 linear residual 2.155e-03
gmres iter 150 linear residual 1.820e-03
gmres iter 160 linear residual 1.505e-03
gmres iter 170 linear residual 1.252e-03
gmres iter 180 linear residual 1.063e-03
gmres iter 190 linear residual 9.101e-04
gmres iter 200 linear residual 7.870e-04
gmres iter 210 linear residual 7.164e-04
gmres iter 220 linear residual 6.492e-04
gmres iter 230 linear residual 5.977e-04
gmres iter 240 linear residual 5.476e-04
gmres iter 250 linear residual 4.942e-04
gmres iter 260 linear residual 4.454e-04
gmres iter 270 linear residual 3.953e-04
gmres iter 280 linear residual 3.515e-04
gmres iter 290 linear residual 2.968e-04
gmres iter 300 linear residual 2.406e-04
gmres iter 310 linear residual 2.085e-04
gmres iter 320 linear residual 1.883e-04
gmres iter 330 linear residual 1.749e-04
gmres iter 340 linear residual 1.581e-04
gmres iter 350 linear residual 1.405e-04
gmres iter 360 linear residual 1.213e-04
gmres iter 370 linear residual 1.052e-04
gmres iter 380 linear residual 8.977e-05
gmres iter 390 linear residual 8.022e-05
gmres iter 400 linear residual 7.370e-05
gmres iter 410 linear residual 6.883e-05
gmres iter 420 linear residual 6.331e-05
gmres iter 430 linear residual 5.681e-05
res 1.433e-03 (F-block 2.415e-03 p-block 1.841e-03) alpha 1 eta 1.00e-03 iter times 434
gmres iter 10 linear residual 2.671e-02
gmres iter 20 linear residual 1.141e-02
gmres iter 30 linear residual 6.086e-03
gmres iter 40 linear residual 3.700e-03
gmres iter 50 linear residual 2.601e-03
gmres iter 60 linear residual 2.468e-03
gmres iter 70 linear residual 2.409e-03
gmres iter 80 linear residual 2.261e-03
gmres iter 90 linear residual 1.937e-03
gmres iter 100 linear residual 1.384e-03
gmres iter 110 linear residual 1.123e-03
gmres iter 120 linear residual 9.463e-04
gmres iter 130 linear residual 7.911e-04
gmres iter 140 linear residual 6.135e-04
gmres iter 150 linear residual 5.274e-04
gmres iter 160 linear residual 4.781e-04
gmres iter 170 linear residual 4.689e-04
gmres iter 180 linear residual 4.642e-04
gmres iter 190 linear residual 4.575e-04
gmres iter 200 linear residual 4.399e-04
gmres iter 210 linear residual 3.934e-04
gmres iter 220 linear residual 3.092e-04
gmres iter 230 linear residual 2.157e-04
res 1.858e-04 (F-block 8.081e-05 p-block 5.959e-05) alpha 1 eta 1.00e-02 iter times 239
gmres iter 10 linear residual 2.498e-02
gmres iter 20 linear residual 1.052e-02
gmres iter 30 linear residual 6.042e-03
gmres iter 40 linear residual 4.210e-03
gmres iter 50 linear residual 3.579e-03
gmres iter 60 linear residual 3.246e-03
gmres iter 70 linear residual 2.990e-03
gmres iter 80 linear residual 2.664e-03
gmres iter 90 linear residual 2.192e-03
gmres iter 100 linear residual 1.737e-03
gmres iter 110 linear residual 1.520e-03
gmres iter 120 linear residual 1.413e-03
gmres iter 130 linear residual 1.400e-03
gmres iter 140 linear residual 1.390e-03
gmres iter 150 linear residual 1.367e-03
gmres iter 160 linear residual 1.317e-03
gmres iter 170 linear residual 1.161e-03
gmres iter 180 linear residual 9.173e-04
gmres iter 190 linear residual 6.216e-04
gmres iter 200 linear residual 4.270e-04
gmres iter 210 linear residual 3.712e-04
gmres iter 220 linear residual 3.245e-04
gmres iter 230 linear residual 2.740e-04
gmres iter 240 linear residual 2.382e-04
gmres iter 250 linear residual 2.128e-04
gmres iter 260 linear residual 1.997e-04
gmres iter 270 linear residual 1.883e-04
gmres iter 280 linear residual 1.808e-04
gmres iter 290 linear residual 1.703e-04
gmres iter 300 linear residual 1.541e-04
gmres iter 310 linear residual 1.419e-04
gmres iter 320 linear residual 1.341e-04
gmres iter 330 linear residual 1.273e-04
gmres iter 340 linear residual 1.210e-04
gmres iter 350 linear residual 1.149e-04
gmres iter 360 linear residual 1.073e-04
gmres iter 370 linear residual 9.869e-05
gmres iter 380 linear residual 8.527e-05
res 1.360e-05 (F-block 4.355e-07 p-block 3.104e-07) alpha 1 eta 1.00e-03 iter times 385
time this step...69.61198449134827
this increment is 0.010546874999999963 (target 0.30000000000000004) ------------------------
gmres iter 10 linear residual 8.396e-03
gmres iter 20 linear residual 2.527e-03
gmres iter 30 linear residual 1.874e-03
gmres iter 40 linear residual 9.528e-04
res 5.934e-03 (F-block 8.723e-03 p-block 2.182e-02) alpha 1 eta 1.00e-02 iter times 44
gmres iter 10 linear residual 8.914e-02
gmres iter 20 linear residual 6.772e-02
gmres iter 30 linear residual 4.071e-02
gmres iter 40 linear residual 2.405e-02
gmres iter 50 linear residual 1.375e-02
gmres iter 60 linear residual 9.354e-03
gmres iter 70 linear residual 6.378e-03
gmres iter 80 linear residual 4.620e-03
gmres iter 90 linear residual 3.498e-03
gmres iter 100 linear residual 2.836e-03
gmres iter 110 linear residual 2.499e-03
gmres iter 120 linear residual 2.279e-03
gmres iter 130 linear residual 2.093e-03
gmres iter 140 linear residual 1.884e-03
gmres iter 150 linear residual 1.594e-03
gmres iter 160 linear residual 1.309e-03
gmres iter 170 linear residual 1.069e-03
gmres iter 180 linear residual 9.019e-04
gmres iter 190 linear residual 7.637e-04
gmres iter 200 linear residual 6.573e-04
gmres iter 210 linear residual 5.983e-04
gmres iter 220 linear residual 5.421e-04
gmres iter 230 linear residual 4.942e-04
gmres iter 240 linear residual 4.506e-04
gmres iter 250 linear residual 4.076e-04
gmres iter 260 linear residual 3.673e-04
gmres iter 270 linear residual 3.277e-04
gmres iter 280 linear residual 2.910e-04
gmres iter 290 linear residual 2.499e-04
gmres iter 300 linear residual 2.069e-04
gmres iter 310 linear residual 1.835e-04
gmres iter 320 linear residual 1.683e-04
gmres iter 330 linear residual 1.568e-04
gmres iter 340 linear residual 1.449e-04
gmres iter 350 linear residual 1.302e-04
gmres iter 360 linear residual 1.143e-04
gmres iter 370 linear residual 9.947e-05
gmres iter 380 linear residual 8.820e-05
gmres iter 390 linear residual 8.034e-05
gmres iter 400 linear residual 7.431e-05
gmres iter 410 linear residual 7.106e-05
gmres iter 420 linear residual 6.665e-05
gmres iter 430 linear residual 6.198e-05
res 2.219e-03 (F-block 3.571e-03 p-block 2.804e-03) alpha 1 eta 1.00e-03 iter times 438
gmres iter 10 linear residual 2.756e-02
gmres iter 20 linear residual 1.190e-02
gmres iter 30 linear residual 6.325e-03
gmres iter 40 linear residual 3.873e-03
gmres iter 50 linear residual 2.840e-03
gmres iter 60 linear residual 2.460e-03
gmres iter 70 linear residual 2.441e-03
gmres iter 80 linear residual 2.385e-03
gmres iter 90 linear residual 2.229e-03
gmres iter 100 linear residual 1.880e-03
gmres iter 110 linear residual 1.390e-03
gmres iter 120 linear residual 1.097e-03
gmres iter 130 linear residual 9.060e-04
gmres iter 140 linear residual 6.991e-04
gmres iter 150 linear residual 5.676e-04
gmres iter 160 linear residual 4.771e-04
gmres iter 170 linear residual 4.562e-04
gmres iter 180 linear residual 4.537e-04
gmres iter 190 linear residual 4.503e-04
gmres iter 200 linear residual 4.411e-04
gmres iter 210 linear residual 4.090e-04
gmres iter 220 linear residual 3.312e-04
gmres iter 230 linear residual 2.286e-04
gmres iter 240 linear residual 1.501e-04
res 3.875e-04 (F-block 1.932e-04 p-block 1.492e-04) alpha 1 eta 1.00e-02 iter times 245
gmres iter 10 linear residual 2.799e-02
gmres iter 20 linear residual 1.280e-02
gmres iter 30 linear residual 7.220e-03
gmres iter 40 linear residual 4.803e-03
gmres iter 50 linear residual 3.810e-03
gmres iter 60 linear residual 3.243e-03
gmres iter 70 linear residual 2.868e-03
gmres iter 80 linear residual 2.450e-03
gmres iter 90 linear residual 2.019e-03
gmres iter 100 linear residual 1.624e-03
gmres iter 110 linear residual 1.490e-03
gmres iter 120 linear residual 1.442e-03
gmres iter 130 linear residual 1.425e-03
gmres iter 140 linear residual 1.389e-03
gmres iter 150 linear residual 1.294e-03
gmres iter 160 linear residual 1.084e-03
gmres iter 170 linear residual 7.690e-04
gmres iter 180 linear residual 5.120e-04
gmres iter 190 linear residual 3.342e-04
gmres iter 200 linear residual 2.398e-04
gmres iter 210 linear residual 2.112e-04
gmres iter 220 linear residual 1.822e-04
gmres iter 230 linear residual 1.569e-04
gmres iter 240 linear residual 1.379e-04
gmres iter 250 linear residual 1.169e-04
gmres iter 260 linear residual 9.880e-05
gmres iter 270 linear residual 8.302e-05
gmres iter 280 linear residual 6.972e-05
gmres iter 290 linear residual 5.871e-05
res 3.536e-05 (F-block 1.753e-06 p-block 1.340e-06) alpha 1 eta 2.60e-03 iter times 292
time this step...64.83651781082153
this increment is 0.015820312499999944 (target 0.30000000000000004) ------------------------
gmres iter 10 linear residual 8.554e-03
gmres iter 20 linear residual 2.542e-03
gmres iter 30 linear residual 1.894e-03
gmres iter 40 linear residual 9.807e-04
res 8.819e-03 (F-block 1.248e-02 p-block 2.410e-02) alpha 1 eta 1.00e-02 iter times 44
gmres iter 10 linear residual 6.964e-02
gmres iter 20 linear residual 4.953e-02
gmres iter 30 linear residual 3.115e-02
gmres iter 40 linear residual 1.903e-02
gmres iter 50 linear residual 1.103e-02
gmres iter 60 linear residual 7.376e-03
gmres iter 70 linear residual 4.896e-03
gmres iter 80 linear residual 3.532e-03
gmres iter 90 linear residual 2.677e-03
gmres iter 100 linear residual 2.162e-03
gmres iter 110 linear residual 1.889e-03
gmres iter 120 linear residual 1.698e-03
gmres iter 130 linear residual 1.569e-03
gmres iter 140 linear residual 1.426e-03
gmres iter 150 linear residual 1.206e-03
gmres iter 160 linear residual 9.787e-04
gmres iter 170 linear residual 7.746e-04
gmres iter 180 linear residual 6.374e-04
gmres iter 190 linear residual 5.288e-04
gmres iter 200 linear residual 4.485e-04
gmres iter 210 linear residual 4.057e-04
gmres iter 220 linear residual 3.664e-04
gmres iter 230 linear residual 3.278e-04
gmres iter 240 linear residual 2.967e-04
gmres iter 250 linear residual 2.688e-04
gmres iter 260 linear residual 2.444e-04
gmres iter 270 linear residual 2.208e-04
gmres iter 280 linear residual 1.951e-04
gmres iter 290 linear residual 1.707e-04
gmres iter 300 linear residual 1.440e-04
gmres iter 310 linear residual 1.301e-04
gmres iter 320 linear residual 1.215e-04
gmres iter 330 linear residual 1.152e-04
gmres iter 340 linear residual 1.089e-04
gmres iter 350 linear residual 1.008e-04
gmres iter 360 linear residual 9.301e-05
gmres iter 370 linear residual 8.706e-05
gmres iter 380 linear residual 8.303e-05
gmres iter 390 linear residual 8.034e-05
gmres iter 400 linear residual 7.873e-05
gmres iter 410 linear residual 7.798e-05
gmres iter 420 linear residual 7.703e-05
gmres iter 430 linear residual 7.597e-05
gmres iter 440 linear residual 7.481e-05
gmres iter 450 linear residual 7.393e-05
gmres iter 460 linear residual 7.322e-05
gmres iter 470 linear residual 7.297e-05
gmres iter 480 linear residual 7.286e-05
gmres iter 490 linear residual 7.276e-05
gmres iter 500 linear residual 7.272e-05
res 3.262e-03 (F-block 4.007e-03 p-block 3.353e-03) alpha 1 eta 1.00e-03 iter times 500
gmres iter 10 linear residual 2.878e-02
gmres iter 20 linear residual 1.250e-02
gmres iter 30 linear residual 6.738e-03
gmres iter 40 linear residual 4.343e-03
gmres iter 50 linear residual 3.433e-03
gmres iter 60 linear residual 2.912e-03
gmres iter 70 linear residual 2.528e-03
gmres iter 80 linear residual 2.501e-03
gmres iter 90 linear residual 2.478e-03
gmres iter 100 linear residual 2.414e-03
gmres iter 110 linear residual 2.169e-03
gmres iter 120 linear residual 1.659e-03
gmres iter 130 linear residual 1.116e-03
gmres iter 140 linear residual 8.451e-04
gmres iter 150 linear residual 6.427e-04
gmres iter 160 linear residual 5.328e-04
gmres iter 170 linear residual 4.895e-04
gmres iter 180 linear residual 4.834e-04
gmres iter 190 linear residual 4.803e-04
gmres iter 200 linear residual 4.597e-04
gmres iter 210 linear residual 4.089e-04
gmres iter 220 linear residual 3.279e-04
gmres iter 230 linear residual 2.365e-04
gmres iter 240 linear residual 1.553e-04
gmres iter 250 linear residual 9.740e-05
res 6.246e-04 (F-block 2.892e-04 p-block 2.375e-04) alpha 1 eta 1.00e-02 iter times 251
gmres iter 10 linear residual 2.997e-02
gmres iter 20 linear residual 1.400e-02
gmres iter 30 linear residual 7.844e-03
gmres iter 40 linear residual 5.304e-03
gmres iter 50 linear residual 4.293e-03
gmres iter 60 linear residual 3.691e-03
gmres iter 70 linear residual 3.176e-03
gmres iter 80 linear residual 2.644e-03
gmres iter 90 linear residual 2.178e-03
gmres iter 100 linear residual 1.772e-03
gmres iter 110 linear residual 1.664e-03
gmres iter 120 linear residual 1.622e-03
gmres iter 130 linear residual 1.586e-03
gmres iter 140 linear residual 1.482e-03
gmres iter 150 linear residual 1.292e-03
gmres iter 160 linear residual 9.340e-04
gmres iter 170 linear residual 6.647e-04
gmres iter 180 linear residual 4.817e-04
gmres iter 190 linear residual 3.739e-04
gmres iter 200 linear residual 3.310e-04
gmres iter 210 linear residual 3.183e-04
gmres iter 220 linear residual 3.059e-04
gmres iter 230 linear residual 2.897e-04
gmres iter 240 linear residual 2.719e-04
gmres iter 250 linear residual 2.547e-04
gmres iter 260 linear residual 2.353e-04
gmres iter 270 linear residual 2.189e-04
gmres iter 280 linear residual 2.047e-04
gmres iter 290 linear residual 1.908e-04
gmres iter 300 linear residual 1.741e-04
res 7.394e-05 (F-block 4.329e-06 p-block 3.443e-06) alpha 1 eta 4.62e-03 iter times 308
time this step...70.0432333946228
this increment is 0.023730468749999914 (target 0.30000000000000004) ------------------------
gmres iter 10 linear residual 8.807e-03
gmres iter 20 linear residual 2.572e-03
gmres iter 30 linear residual 1.938e-03
gmres iter 40 linear residual 1.051e-03
gmres iter 50 linear residual 5.888e-04
res 1.327e-02 (F-block 1.927e-02 p-block 2.535e-02) alpha 1 eta 1.00e-02 iter times 51
gmres iter 10 linear residual 5.050e-02
gmres iter 20 linear residual 3.205e-02
gmres iter 30 linear residual 2.118e-02
gmres iter 40 linear residual 1.339e-02
gmres iter 50 linear residual 8.121e-03
gmres iter 60 linear residual 5.113e-03
gmres iter 70 linear residual 3.305e-03
gmres iter 80 linear residual 2.271e-03
gmres iter 90 linear residual 1.684e-03
gmres iter 100 linear residual 1.314e-03
gmres iter 110 linear residual 1.127e-03
gmres iter 120 linear residual 9.890e-04
gmres iter 130 linear residual 8.838e-04
gmres iter 140 linear residual 7.830e-04
gmres iter 150 linear residual 6.500e-04
gmres iter 160 linear residual 5.178e-04
gmres iter 170 linear residual 4.112e-04
gmres iter 180 linear residual 3.392e-04
gmres iter 190 linear residual 2.860e-04
gmres iter 200 linear residual 2.423e-04
gmres iter 210 linear residual 2.200e-04
gmres iter 220 linear residual 1.980e-04
gmres iter 230 linear residual 1.788e-04
gmres iter 240 linear residual 1.620e-04
gmres iter 250 linear residual 1.481e-04
gmres iter 260 linear residual 1.374e-04
gmres iter 270 linear residual 1.263e-04
gmres iter 280 linear residual 1.141e-04
gmres iter 290 linear residual 1.027e-04
gmres iter 300 linear residual 9.157e-05
gmres iter 310 linear residual 8.483e-05
gmres iter 320 linear residual 8.091e-05
gmres iter 330 linear residual 7.866e-05
gmres iter 340 linear residual 7.685e-05
gmres iter 350 linear residual 7.488e-05
gmres iter 360 linear residual 7.303e-05
gmres iter 370 linear residual 7.195e-05
gmres iter 380 linear residual 7.145e-05
gmres iter 390 linear residual 7.133e-05
gmres iter 400 linear residual 7.127e-05
res 4.276e-03 (F-block 2.528e-03 p-block 2.614e-03) alpha 1 eta 1.00e-03 iter times 400
gmres iter 10 linear residual 2.972e-02
gmres iter 20 linear residual 1.318e-02
gmres iter 30 linear residual 7.939e-03
gmres iter 40 linear residual 5.741e-03
gmres iter 50 linear residual 4.693e-03
gmres iter 60 linear residual 3.868e-03
gmres iter 70 linear residual 3.002e-03
gmres iter 80 linear residual 2.409e-03
gmres iter 90 linear residual 2.337e-03
gmres iter 100 linear residual 2.262e-03
gmres iter 110 linear residual 2.134e-03
gmres iter 120 linear residual 1.794e-03
gmres iter 130 linear residual 1.298e-03
gmres iter 140 linear residual 7.705e-04
res 5.001e-04 (F-block 8.830e-05 p-block 6.787e-05) alpha 1 eta 1.00e-02 iter times 146
gmres iter 10 linear residual 3.519e-02
gmres iter 20 linear residual 2.042e-02
gmres iter 30 linear residual 1.540e-02
gmres iter 40 linear residual 1.343e-02
gmres iter 50 linear residual 1.264e-02
gmres iter 60 linear residual 1.213e-02
gmres iter 70 linear residual 1.151e-02
gmres iter 80 linear residual 1.066e-02
gmres iter 90 linear residual 9.547e-03
gmres iter 100 linear residual 7.688e-03
gmres iter 110 linear residual 6.852e-03
gmres iter 120 linear residual 6.396e-03
gmres iter 130 linear residual 5.954e-03
gmres iter 140 linear residual 5.204e-03
gmres iter 150 linear residual 4.353e-03
gmres iter 160 linear residual 3.400e-03
gmres iter 170 linear residual 2.543e-03
gmres iter 180 linear residual 1.764e-03
gmres iter 190 linear residual 1.269e-03
gmres iter 200 linear residual 1.032e-03
gmres iter 210 linear residual 9.267e-04
gmres iter 220 linear residual 8.483e-04
gmres iter 230 linear residual 7.746e-04
gmres iter 240 linear residual 7.010e-04
gmres iter 250 linear residual 6.191e-04
gmres iter 260 linear residual 5.588e-04
gmres iter 270 linear residual 4.939e-04
gmres iter 280 linear residual 4.199e-04
gmres iter 290 linear residual 3.229e-04
gmres iter 300 linear residual 2.355e-04
gmres iter 310 linear residual 1.966e-04
gmres iter 320 linear residual 1.719e-04
gmres iter 330 linear residual 1.590e-04
gmres iter 340 linear residual 1.506e-04
gmres iter 350 linear residual 1.413e-04
gmres iter 360 linear residual 1.259e-04
gmres iter 370 linear residual 1.031e-04
gmres iter 380 linear residual 8.239e-05
gmres iter 390 linear residual 6.972e-05
gmres iter 400 linear residual 6.210e-05
gmres iter 410 linear residual 5.585e-05
gmres iter 420 linear residual 5.004e-05
gmres iter 430 linear residual 4.556e-05
gmres iter 440 linear residual 4.114e-05
gmres iter 450 linear residual 3.701e-05
gmres iter 460 linear residual 3.272e-05
gmres iter 470 linear residual 2.914e-05
gmres iter 480 linear residual 2.545e-05
res 1.874e-04 (F-block 1.179e-05 p-block 1.013e-05) alpha 1 eta 1.00e-03 iter times 489
gmres iter 10 linear residual 2.992e-02
gmres iter 20 linear residual 1.366e-02
gmres iter 30 linear residual 7.754e-03
gmres iter 40 linear residual 4.619e-03
gmres iter 50 linear residual 2.983e-03
gmres iter 60 linear residual 2.303e-03
gmres iter 70 linear residual 2.227e-03
gmres iter 80 linear residual 2.048e-03
gmres iter 90 linear residual 1.813e-03
gmres iter 100 linear residual 1.499e-03
gmres iter 110 linear residual 1.115e-03
gmres iter 120 linear residual 8.073e-04
gmres iter 130 linear residual 7.328e-04
gmres iter 140 linear residual 6.296e-04
res 1.103e-06 (F-block 9.282e-08 p-block 6.271e-08) alpha 1 eta 1.00e-02 iter times 144
time this step...78.0044937133789
this increment is 0.023730468749999914 (target 0.30000000000000004) ------------------------
gmres iter 10 linear residual 8.885e-03
gmres iter 20 linear residual 2.575e-03
gmres iter 30 linear residual 1.961e-03
gmres iter 40 linear residual 1.081e-03
gmres iter 50 linear residual 6.188e-04
res 1.315e-02 (F-block 1.962e-02 p-block 2.437e-02) alpha 1 eta 1.00e-02 iter times 55
gmres iter 10 linear residual 4.996e-02
gmres iter 20 linear residual 3.121e-02
gmres iter 30 linear residual 2.072e-02
gmres iter 40 linear residual 1.307e-02
gmres iter 50 linear residual 8.142e-03
gmres iter 60 linear residual 5.051e-03
gmres iter 70 linear residual 3.288e-03
gmres iter 80 linear residual 2.181e-03
gmres iter 90 linear residual 1.601e-03
gmres iter 100 linear residual 1.221e-03
gmres iter 110 linear residual 1.028e-03
gmres iter 120 linear residual 8.918e-04
gmres iter 130 linear residual 7.875e-04
gmres iter 140 linear residual 6.936e-04
gmres iter 150 linear residual 5.965e-04
gmres iter 160 linear residual 4.962e-04
gmres iter 170 linear residual 4.221e-04
gmres iter 180 linear residual 3.707e-04
gmres iter 190 linear residual 3.270e-04
gmres iter 200 linear residual 2.933e-04
gmres iter 210 linear residual 2.748e-04
gmres iter 220 linear residual 2.560e-04
gmres iter 230 linear residual 2.398e-04
gmres iter 240 linear residual 2.221e-04
gmres iter 250 linear residual 2.041e-04
gmres iter 260 linear residual 1.859e-04
gmres iter 270 linear residual 1.669e-04
gmres iter 280 linear residual 1.485e-04
gmres iter 290 linear residual 1.319e-04
gmres iter 300 linear residual 1.115e-04
gmres iter 310 linear residual 1.002e-04
gmres iter 320 linear residual 9.289e-05
gmres iter 330 linear residual 8.812e-05
gmres iter 340 linear residual 8.441e-05
gmres iter 350 linear residual 7.968e-05
gmres iter 360 linear residual 7.554e-05
gmres iter 370 linear residual 7.191e-05
gmres iter 380 linear residual 6.968e-05
gmres iter 390 linear residual 6.781e-05
gmres iter 400 linear residual 6.595e-05
gmres iter 410 linear residual 6.478e-05
gmres iter 420 linear residual 6.377e-05
gmres iter 430 linear residual 6.255e-05
gmres iter 440 linear residual 6.109e-05
gmres iter 450 linear residual 5.968e-05
res 4.412e-03 (F-block 2.867e-03 p-block 3.228e-03) alpha 1 eta 1.00e-03 iter times 457
gmres iter 10 linear residual 3.003e-02
gmres iter 20 linear residual 1.397e-02
gmres iter 30 linear residual 7.961e-03
gmres iter 40 linear residual 5.149e-03
gmres iter 50 linear residual 3.943e-03
gmres iter 60 linear residual 3.315e-03
gmres iter 70 linear residual 2.813e-03
gmres iter 80 linear residual 2.370e-03
gmres iter 90 linear residual 2.320e-03
gmres iter 100 linear residual 2.272e-03
gmres iter 110 linear residual 2.186e-03
gmres iter 120 linear residual 1.968e-03
gmres iter 130 linear residual 1.600e-03
gmres iter 140 linear residual 1.143e-03
gmres iter 150 linear residual 8.212e-04
gmres iter 160 linear residual 6.853e-04
res 5.188e-04 (F-block 1.075e-04 p-block 8.553e-05) alpha 1 eta 1.00e-02 iter times 169
gmres iter 10 linear residual 3.723e-02
gmres iter 20 linear residual 2.212e-02
gmres iter 30 linear residual 1.690e-02
gmres iter 40 linear residual 1.482e-02
gmres iter 50 linear residual 1.417e-02
gmres iter 60 linear residual 1.372e-02
gmres iter 70 linear residual 1.319e-02
gmres iter 80 linear residual 1.225e-02
gmres iter 90 linear residual 1.099e-02
gmres iter 100 linear residual 8.985e-03
gmres iter 110 linear residual 7.692e-03
gmres iter 120 linear residual 6.847e-03
gmres iter 130 linear residual 6.376e-03
gmres iter 140 linear residual 5.956e-03
gmres iter 150 linear residual 5.587e-03
gmres iter 160 linear residual 5.088e-03
gmres iter 170 linear residual 4.290e-03
gmres iter 180 linear residual 3.345e-03
gmres iter 190 linear residual 2.513e-03
gmres iter 200 linear residual 2.003e-03
gmres iter 210 linear residual 1.824e-03
gmres iter 220 linear residual 1.737e-03
gmres iter 230 linear residual 1.696e-03
gmres iter 240 linear residual 1.663e-03
gmres iter 250 linear residual 1.617e-03
gmres iter 260 linear residual 1.524e-03
gmres iter 270 linear residual 1.374e-03
gmres iter 280 linear residual 1.163e-03
gmres iter 290 linear residual 9.820e-04
gmres iter 300 linear residual 8.450e-04
gmres iter 310 linear residual 7.803e-04
gmres iter 320 linear residual 7.279e-04
gmres iter 330 linear residual 6.607e-04
gmres iter 340 linear residual 5.866e-04
gmres iter 350 linear residual 5.159e-04
gmres iter 360 linear residual 4.548e-04
gmres iter 370 linear residual 4.069e-04
gmres iter 380 linear residual 3.714e-04
gmres iter 390 linear residual 3.338e-04
gmres iter 400 linear residual 2.930e-04
gmres iter 410 linear residual 2.678e-04
gmres iter 420 linear residual 2.492e-04
gmres iter 430 linear residual 2.372e-04
gmres iter 440 linear residual 2.288e-04
gmres iter 450 linear residual 2.211e-04
gmres iter 460 linear residual 2.133e-04
gmres iter 470 linear residual 2.037e-04
gmres iter 480 linear residual 1.913e-04
gmres iter 490 linear residual 1.729e-04
gmres iter 500 linear residual 1.416e-04
gmres iter 510 linear residual 1.219e-04
gmres iter 520 linear residual 1.116e-04
gmres iter 530 linear residual 1.061e-04
gmres iter 540 linear residual 1.014e-04
gmres iter 550 linear residual 9.589e-05
gmres iter 560 linear residual 8.964e-05
gmres iter 570 linear residual 7.923e-05
gmres iter 580 linear residual 7.274e-05
gmres iter 590 linear residual 6.830e-05
gmres iter 600 linear residual 6.532e-05
gmres iter 610 linear residual 6.343e-05
gmres iter 620 linear residual 6.083e-05
gmres iter 630 linear residual 5.640e-05
gmres iter 640 linear residual 4.970e-05
gmres iter 650 linear residual 4.360e-05
gmres iter 660 linear residual 3.697e-05
gmres iter 670 linear residual 3.112e-05
res 3.060e-04 (F-block 3.466e-05 p-block 3.070e-05) alpha 1 eta 1.00e-03 iter times 671
gmres iter 10 linear residual 3.016e-02
gmres iter 20 linear residual 1.453e-02
gmres iter 30 linear residual 8.352e-03
gmres iter 40 linear residual 5.012e-03
gmres iter 50 linear residual 3.230e-03
gmres iter 60 linear residual 2.459e-03
gmres iter 70 linear residual 2.264e-03
gmres iter 80 linear residual 1.998e-03
gmres iter 90 linear residual 1.676e-03
gmres iter 100 linear residual 1.336e-03
gmres iter 110 linear residual 9.967e-04
gmres iter 120 linear residual 7.847e-04
gmres iter 130 linear residual 7.112e-04
res 2.688e-06 (F-block 2.893e-07 p-block 2.004e-07) alpha 1 eta 1.00e-02 iter times 139
time this step...94.01608896255493
this increment is 0.0144531250000004 (target 0.30000000000000004) ------------------------
gmres iter 10 linear residual 8.687e-03
gmres iter 20 linear residual 2.541e-03
gmres iter 30 linear residual 1.940e-03
gmres iter 40 linear residual 1.030e-03
res 7.653e-03 (F-block 1.137e-02 p-block 2.482e-02) alpha 1 eta 1.00e-02 iter times 44
gmres iter 10 linear residual 7.966e-02
gmres iter 20 linear residual 5.746e-02
gmres iter 30 linear residual 3.533e-02
gmres iter 40 linear residual 2.169e-02
gmres iter 50 linear residual 1.323e-02
gmres iter 60 linear residual 8.987e-03
gmres iter 70 linear residual 6.080e-03
gmres iter 80 linear residual 4.130e-03
gmres iter 90 linear residual 3.092e-03
gmres iter 100 linear residual 2.417e-03
gmres iter 110 linear residual 2.080e-03
gmres iter 120 linear residual 1.847e-03
gmres iter 130 linear residual 1.677e-03
gmres iter 140 linear residual 1.506e-03
gmres iter 150 linear residual 1.306e-03
gmres iter 160 linear residual 1.086e-03
gmres iter 170 linear residual 9.178e-04
gmres iter 180 linear residual 7.955e-04
gmres iter 190 linear residual 7.013e-04
gmres iter 200 linear residual 6.360e-04
gmres iter 210 linear residual 5.983e-04
gmres iter 220 linear residual 5.598e-04
gmres iter 230 linear residual 5.227e-04
gmres iter 240 linear residual 4.837e-04
gmres iter 250 linear residual 4.459e-04
gmres iter 260 linear residual 4.122e-04
gmres iter 270 linear residual 3.839e-04
gmres iter 280 linear residual 3.581e-04
gmres iter 290 linear residual 3.309e-04
gmres iter 300 linear residual 3.029e-04
gmres iter 310 linear residual 2.878e-04
gmres iter 320 linear residual 2.807e-04
gmres iter 330 linear residual 2.754e-04
gmres iter 340 linear residual 2.703e-04
gmres iter 350 linear residual 2.639e-04
gmres iter 360 linear residual 2.553e-04
gmres iter 370 linear residual 2.480e-04
gmres iter 380 linear residual 2.412e-04
gmres iter 390 linear residual 2.351e-04
gmres iter 400 linear residual 2.288e-04
gmres iter 410 linear residual 2.250e-04
gmres iter 420 linear residual 2.222e-04
gmres iter 430 linear residual 2.196e-04
gmres iter 440 linear residual 2.162e-04
gmres iter 450 linear residual 2.114e-04
gmres iter 460 linear residual 2.065e-04
gmres iter 470 linear residual 2.021e-04
gmres iter 480 linear residual 1.987e-04
gmres iter 490 linear residual 1.954e-04
gmres iter 500 linear residual 1.900e-04
gmres iter 510 linear residual 1.855e-04
gmres iter 520 linear residual 1.829e-04
gmres iter 530 linear residual 1.806e-04
gmres iter 540 linear residual 1.774e-04
gmres iter 550 linear residual 1.731e-04
gmres iter 560 linear residual 1.687e-04
gmres iter 570 linear residual 1.660e-04
gmres iter 580 linear residual 1.643e-04
gmres iter 590 linear residual 1.626e-04
gmres iter 600 linear residual 1.589e-04
gmres iter 610 linear residual 1.561e-04
gmres iter 620 linear residual 1.533e-04
gmres iter 630 linear residual 1.502e-04
gmres iter 640 linear residual 1.475e-04
gmres iter 650 linear residual 1.445e-04
gmres iter 660 linear residual 1.422e-04
gmres iter 670 linear residual 1.403e-04
gmres iter 680 linear residual 1.384e-04
gmres iter 690 linear residual 1.363e-04
gmres iter 700 linear residual 1.328e-04
gmres iter 710 linear residual 1.296e-04
gmres iter 720 linear residual 1.272e-04
gmres iter 730 linear residual 1.254e-04
gmres iter 740 linear residual 1.236e-04
gmres iter 750 linear residual 1.213e-04
gmres iter 760 linear residual 1.190e-04
gmres iter 770 linear residual 1.170e-04
gmres iter 780 linear residual 1.148e-04
gmres iter 790 linear residual 1.123e-04
gmres iter 800 linear residual 1.089e-04
gmres iter 810 linear residual 1.069e-04
gmres iter 820 linear residual 1.049e-04
gmres iter 830 linear residual 1.036e-04
gmres iter 840 linear residual 1.019e-04
gmres iter 850 linear residual 1.006e-04
gmres iter 860 linear residual 9.879e-05
gmres iter 870 linear residual 9.547e-05
gmres iter 880 linear residual 9.388e-05
gmres iter 890 linear residual 9.283e-05
gmres iter 900 linear residual 9.146e-05
gmres iter 910 linear residual 9.032e-05
gmres iter 920 linear residual 8.898e-05
gmres iter 930 linear residual 8.740e-05
gmres iter 940 linear residual 8.581e-05
gmres iter 950 linear residual 8.395e-05
gmres iter 960 linear residual 8.228e-05
gmres iter 970 linear residual 8.119e-05
gmres iter 980 linear residual 8.013e-05
gmres iter 990 linear residual 7.854e-05
gmres iter 1000 linear residual 7.427e-05
linear solver hit the iteration cap (1000 iterations, flag 10)
increment failed (gmres_iteration_cap); cutting step to 0.007227
this increment is 0.0072265625000002 (target 0.30000000000000004) ------------------------
gmres iter 10 linear residual 8.476e-03
gmres iter 20 linear residual 2.522e-03
gmres iter 30 linear residual 1.917e-03
gmres iter 40 linear residual 9.900e-04
res 3.829e-03 (F-block 6.935e-03 p-block 2.187e-02) alpha 1 eta 1.00e-02 iter times 44
gmres iter 10 linear residual 1.154e-01
gmres iter 20 linear residual 8.802e-02
gmres iter 30 linear residual 5.126e-02
gmres iter 40 linear residual 2.966e-02
gmres iter 50 linear residual 1.924e-02
gmres iter 60 linear residual 1.354e-02
gmres iter 70 linear residual 9.243e-03
gmres iter 80 linear residual 6.332e-03
gmres iter 90 linear residual 4.788e-03
gmres iter 100 linear residual 3.753e-03
gmres iter 110 linear residual 3.232e-03
gmres iter 120 linear residual 2.884e-03
gmres iter 130 linear residual 2.609e-03
gmres iter 140 linear residual 2.316e-03
gmres iter 150 linear residual 1.950e-03
gmres iter 160 linear residual 1.580e-03
gmres iter 170 linear residual 1.288e-03
gmres iter 180 linear residual 1.078e-03
gmres iter 190 linear residual 9.345e-04
gmres iter 200 linear residual 8.386e-04
gmres iter 210 linear residual 7.837e-04
gmres iter 220 linear residual 7.223e-04
gmres iter 230 linear residual 6.563e-04
gmres iter 240 linear residual 5.933e-04
gmres iter 250 linear residual 5.350e-04
gmres iter 260 linear residual 4.783e-04
gmres iter 270 linear residual 4.360e-04
gmres iter 280 linear residual 3.951e-04
gmres iter 290 linear residual 3.531e-04
gmres iter 300 linear residual 3.084e-04
gmres iter 310 linear residual 2.846e-04
gmres iter 320 linear residual 2.717e-04
gmres iter 330 linear residual 2.622e-04
gmres iter 340 linear residual 2.521e-04
gmres iter 350 linear residual 2.379e-04
gmres iter 360 linear residual 2.233e-04
gmres iter 370 linear residual 2.082e-04
gmres iter 380 linear residual 1.958e-04
gmres iter 390 linear residual 1.839e-04
gmres iter 400 linear residual 1.738e-04
gmres iter 410 linear residual 1.673e-04
gmres iter 420 linear residual 1.614e-04
gmres iter 430 linear residual 1.544e-04
gmres iter 440 linear residual 1.466e-04
gmres iter 450 linear residual 1.396e-04
gmres iter 460 linear residual 1.314e-04
gmres iter 470 linear residual 1.253e-04
gmres iter 480 linear residual 1.207e-04
gmres iter 490 linear residual 1.158e-04
gmres iter 500 linear residual 1.074e-04
gmres iter 510 linear residual 1.006e-04
gmres iter 520 linear residual 9.639e-05
gmres iter 530 linear residual 9.316e-05
gmres iter 540 linear residual 8.928e-05
gmres iter 550 linear residual 8.337e-05
gmres iter 560 linear residual 7.856e-05
gmres iter 570 linear residual 7.494e-05
gmres iter 580 linear residual 7.207e-05
gmres iter 590 linear residual 6.941e-05
gmres iter 600 linear residual 6.575e-05
gmres iter 610 linear residual 6.307e-05
gmres iter 620 linear residual 6.008e-05
res 1.544e-03 (F-block 1.405e-03 p-block 1.488e-03) alpha 1 eta 1.00e-03 iter times 622
gmres iter 10 linear residual 2.861e-02
gmres iter 20 linear residual 1.379e-02
gmres iter 30 linear residual 7.993e-03
gmres iter 40 linear residual 5.102e-03
gmres iter 50 linear residual 3.790e-03
gmres iter 60 linear residual 3.103e-03
gmres iter 70 linear residual 2.591e-03
gmres iter 80 linear residual 2.171e-03
gmres iter 90 linear residual 1.842e-03
gmres iter 100 linear residual 1.665e-03
gmres iter 110 linear residual 1.614e-03
gmres iter 120 linear residual 1.544e-03
gmres iter 130 linear residual 1.470e-03
gmres iter 140 linear residual 1.332e-03
gmres iter 150 linear residual 1.080e-03
gmres iter 160 linear residual 8.129e-04
gmres iter 170 linear residual 6.377e-04
gmres iter 180 linear residual 5.557e-04
gmres iter 190 linear residual 5.137e-04
gmres iter 200 linear residual 4.805e-04
gmres iter 210 linear residual 4.692e-04
gmres iter 220 linear residual 4.641e-04
gmres iter 230 linear residual 4.551e-04
gmres iter 240 linear residual 4.383e-04
gmres iter 250 linear residual 4.102e-04
gmres iter 260 linear residual 3.755e-04
gmres iter 270 linear residual 3.318e-04
gmres iter 280 linear residual 2.893e-04
gmres iter 290 linear residual 2.452e-04
res 1.396e-04 (F-block 2.946e-05 p-block 2.523e-05) alpha 1 eta 7.16e-03 iter times 295
gmres iter 10 linear residual 2.934e-02
gmres iter 20 linear residual 1.526e-02
gmres iter 30 linear residual 1.087e-02
gmres iter 40 linear residual 9.092e-03
gmres iter 50 linear residual 8.433e-03
gmres iter 60 linear residual 8.058e-03
gmres iter 70 linear residual 7.710e-03
gmres iter 80 linear residual 7.321e-03
gmres iter 90 linear residual 6.798e-03
gmres iter 100 linear residual 6.315e-03
gmres iter 110 linear residual 6.107e-03
gmres iter 120 linear residual 5.998e-03
gmres iter 130 linear residual 5.894e-03
gmres iter 140 linear residual 5.728e-03
gmres iter 150 linear residual 5.393e-03
gmres iter 160 linear residual 4.842e-03
gmres iter 170 linear residual 4.149e-03
gmres iter 180 linear residual 3.315e-03
gmres iter 190 linear residual 2.496e-03
gmres iter 200 linear residual 1.934e-03
gmres iter 210 linear residual 1.677e-03
gmres iter 220 linear residual 1.502e-03
gmres iter 230 linear residual 1.298e-03
gmres iter 240 linear residual 1.130e-03
gmres iter 250 linear residual 9.322e-04
gmres iter 260 linear residual 7.195e-04
gmres iter 270 linear residual 5.955e-04
gmres iter 280 linear residual 5.181e-04
gmres iter 290 linear residual 4.767e-04
gmres iter 300 linear residual 4.573e-04
gmres iter 310 linear residual 4.508e-04
gmres iter 320 linear residual 4.464e-04
gmres iter 330 linear residual 4.431e-04
gmres iter 340 linear residual 4.373e-04
gmres iter 350 linear residual 4.217e-04
gmres iter 360 linear residual 3.874e-04
gmres iter 370 linear residual 3.326e-04
gmres iter 380 linear residual 2.736e-04
gmres iter 390 linear residual 2.259e-04
gmres iter 400 linear residual 1.993e-04
gmres iter 410 linear residual 1.846e-04
gmres iter 420 linear residual 1.717e-04
gmres iter 430 linear residual 1.615e-04
gmres iter 440 linear residual 1.524e-04
gmres iter 450 linear residual 1.411e-04
gmres iter 460 linear residual 1.297e-04
gmres iter 470 linear residual 1.199e-04
gmres iter 480 linear residual 1.122e-04
gmres iter 490 linear residual 1.041e-04
gmres iter 500 linear residual 9.531e-05
gmres iter 510 linear residual 8.994e-05
gmres iter 520 linear residual 8.573e-05
gmres iter 530 linear residual 8.314e-05
gmres iter 540 linear residual 7.915e-05
gmres iter 550 linear residual 7.430e-05
gmres iter 560 linear residual 6.843e-05
res 2.430e-05 (F-block 1.365e-06 p-block 1.174e-06) alpha 1 eta 1.00e-03 iter times 561
time this step...96.15980815887451
this increment is 0.0072265625000002 (target 0.30000000000000004) ------------------------
gmres iter 10 linear residual 8.492e-03
gmres iter 20 linear residual 2.522e-03
gmres iter 30 linear residual 1.923e-03
gmres iter 40 linear residual 9.984e-04
res 3.806e-03 (F-block 6.947e-03 p-block 2.200e-02) alpha 1 eta 1.00e-02 iter times 44
gmres iter 10 linear residual 1.161e-01
gmres iter 20 linear residual 8.841e-02
gmres iter 30 linear residual 5.157e-02
gmres iter 40 linear residual 3.000e-02
gmres iter 50 linear residual 1.963e-02
gmres iter 60 linear residual 1.382e-02
gmres iter 70 linear residual 9.391e-03
gmres iter 80 linear residual 6.416e-03
gmres iter 90 linear residual 4.851e-03
gmres iter 100 linear residual 3.822e-03
gmres iter 110 linear residual 3.294e-03
gmres iter 120 linear residual 2.952e-03
gmres iter 130 linear residual 2.686e-03
gmres iter 140 linear residual 2.401e-03
gmres iter 150 linear residual 2.047e-03
gmres iter 160 linear residual 1.680e-03
gmres iter 170 linear residual 1.384e-03
gmres iter 180 linear residual 1.168e-03
gmres iter 190 linear residual 1.022e-03
gmres iter 200 linear residual 9.229e-04
gmres iter 210 linear residual 8.655e-04
gmres iter 220 linear residual 8.045e-04
gmres iter 230 linear residual 7.402e-04
gmres iter 240 linear residual 6.788e-04
gmres iter 250 linear residual 6.222e-04
gmres iter 260 linear residual 5.653e-04
gmres iter 270 linear residual 5.240e-04
gmres iter 280 linear residual 4.839e-04
gmres iter 290 linear residual 4.405e-04
gmres iter 300 linear residual 3.942e-04
gmres iter 310 linear residual 3.683e-04
gmres iter 320 linear residual 3.549e-04
gmres iter 330 linear residual 3.446e-04
gmres iter 340 linear residual 3.330e-04
gmres iter 350 linear residual 3.174e-04
gmres iter 360 linear residual 2.990e-04
gmres iter 370 linear residual 2.791e-04
gmres iter 380 linear residual 2.631e-04
gmres iter 390 linear residual 2.476e-04
gmres iter 400 linear residual 2.347e-04
gmres iter 410 linear residual 2.259e-04
gmres iter 420 linear residual 2.183e-04
gmres iter 430 linear residual 2.095e-04
gmres iter 440 linear residual 1.991e-04
gmres iter 450 linear residual 1.888e-04
gmres iter 460 linear residual 1.787e-04
gmres iter 470 linear residual 1.714e-04
gmres iter 480 linear residual 1.659e-04
gmres iter 490 linear residual 1.605e-04
gmres iter 500 linear residual 1.501e-04
gmres iter 510 linear residual 1.423e-04
gmres iter 520 linear residual 1.374e-04
gmres iter 530 linear residual 1.332e-04
gmres iter 540 linear residual 1.280e-04
gmres iter 550 linear residual 1.204e-04
gmres iter 560 linear residual 1.140e-04
gmres iter 570 linear residual 1.086e-04
gmres iter 580 linear residual 1.049e-04
gmres iter 590 linear residual 1.010e-04
gmres iter 600 linear residual 9.614e-05
gmres iter 610 linear residual 9.235e-05
gmres iter 620 linear residual 8.850e-05
gmres iter 630 linear residual 8.307e-05
gmres iter 640 linear residual 7.968e-05
gmres iter 650 linear residual 7.555e-05
gmres iter 660 linear residual 7.253e-05
gmres iter 670 linear residual 7.010e-05
gmres iter 680 linear residual 6.812e-05
gmres iter 690 linear residual 6.569e-05
res 1.628e-03 (F-block 1.764e-03 p-block 1.811e-03) alpha 1 eta 1.00e-03 iter times 697
gmres iter 10 linear residual 2.981e-02
gmres iter 20 linear residual 1.466e-02
gmres iter 30 linear residual 8.437e-03
gmres iter 40 linear residual 5.190e-03
gmres iter 50 linear residual 3.697e-03
gmres iter 60 linear residual 2.903e-03
gmres iter 70 linear residual 2.439e-03
gmres iter 80 linear residual 2.390e-03
gmres iter 90 linear residual 2.344e-03
gmres iter 100 linear residual 2.235e-03
gmres iter 110 linear residual 2.008e-03
gmres iter 120 linear residual 1.703e-03
gmres iter 130 linear residual 1.384e-03
gmres iter 140 linear residual 1.113e-03
gmres iter 150 linear residual 9.833e-04
gmres iter 160 linear residual 8.736e-04
gmres iter 170 linear residual 7.792e-04
gmres iter 180 linear residual 7.412e-04
gmres iter 190 linear residual 7.281e-04
gmres iter 200 linear residual 7.179e-04
gmres iter 210 linear residual 7.024e-04
gmres iter 220 linear residual 6.839e-04
gmres iter 230 linear residual 6.469e-04
gmres iter 240 linear residual 5.779e-04
gmres iter 250 linear residual 4.955e-04
gmres iter 260 linear residual 4.082e-04
res 2.074e-04 (F-block 8.598e-05 p-block 7.314e-05) alpha 1 eta 1.00e-02 iter times 269
gmres iter 10 linear residual 2.820e-02
gmres iter 20 linear residual 1.344e-02
gmres iter 30 linear residual 8.350e-03
gmres iter 40 linear residual 5.892e-03
gmres iter 50 linear residual 5.001e-03
gmres iter 60 linear residual 4.640e-03
gmres iter 70 linear residual 4.420e-03
gmres iter 80 linear residual 4.258e-03
gmres iter 90 linear residual 4.061e-03
gmres iter 100 linear residual 3.861e-03
gmres iter 110 linear residual 3.792e-03
gmres iter 120 linear residual 3.748e-03
gmres iter 130 linear residual 3.663e-03
gmres iter 140 linear residual 3.506e-03
gmres iter 150 linear residual 3.133e-03
gmres iter 160 linear residual 2.576e-03
gmres iter 170 linear residual 1.974e-03
gmres iter 180 linear residual 1.536e-03
gmres iter 190 linear residual 1.339e-03
gmres iter 200 linear residual 1.249e-03
gmres iter 210 linear residual 1.219e-03
gmres iter 220 linear residual 1.205e-03
gmres iter 230 linear residual 1.190e-03
gmres iter 240 linear residual 1.169e-03
gmres iter 250 linear residual 1.129e-03
gmres iter 260 linear residual 1.077e-03
gmres iter 270 linear residual 1.011e-03
gmres iter 280 linear residual 8.946e-04
gmres iter 290 linear residual 7.707e-04
gmres iter 300 linear residual 6.568e-04
gmres iter 310 linear residual 5.962e-04
gmres iter 320 linear residual 5.708e-04
gmres iter 330 linear residual 5.595e-04
gmres iter 340 linear residual 5.528e-04
gmres iter 350 linear residual 5.445e-04
gmres iter 360 linear residual 5.342e-04
gmres iter 370 linear residual 5.083e-04
gmres iter 380 linear residual 4.598e-04
gmres iter 390 linear residual 3.828e-04
gmres iter 400 linear residual 2.975e-04
gmres iter 410 linear residual 2.428e-04
gmres iter 420 linear residual 1.993e-04
gmres iter 430 linear residual 1.711e-04
gmres iter 440 linear residual 1.482e-04
gmres iter 450 linear residual 1.319e-04
gmres iter 460 linear residual 1.107e-04
gmres iter 470 linear residual 8.919e-05
gmres iter 480 linear residual 7.502e-05
gmres iter 490 linear residual 6.796e-05
gmres iter 500 linear residual 6.412e-05
gmres iter 510 linear residual 6.114e-05
gmres iter 520 linear residual 5.835e-05
res 3.518e-05 (F-block 2.224e-06 p-block 2.039e-06) alpha 1 eta 1.79e-03 iter times 524
time this step...97.16834712028503
now P is...
[[ 3.42561633e+00  2.33406841e-03 -8.75049291e-02]
 [ 1.59497688e-03  2.11390422e-07  2.90885577e-02]
 [-5.92742039e-02  2.88344602e-02  2.43972123e-07]]
now F is...
[[ 1.30000000e+00  1.73515438e-17 -3.56580560e-17]
 [-1.66360162e-17  8.88356235e-01 -2.04801136e-17]
 [ 1.18062050e-17  2.89788669e-17  8.80595920e-01]]
intermediate results saved (3 increments in output.csv)
finish! (with 6 load-step cuts)
solver stats are saved to solver_stats.json
F and P are saved to output.csv
